channel,time_ns
2,393443600
2,1133859100
4,1693073900
4,3461524800
2,5076384300
3,7314133300
3,7919012100
2,8630634100
3,9028725100
3,11004570800
4,11820465400
4,13087099600
4,16925742400
2,18469273200
4,20705786300
4,21180835200
4,22155701000
4,24808447800
3,27805280000
1,28867677800
4,29040337300
4,30142219800
2,30410651700
1,34436649700
4,36820260100
1,37108120500
4,38524124500
1,38685604200
4,38685797600
1,39530212100
1,39631095200
4,39766422100
4,42435958800
4,42786310900
2,44147154700
3,44353479700
3,46651017800
3,47795365800
2,48474265800
1,49553184700
1,49553186500
3,50943871700
1,50990569200
3,52343325100
3,54816417900
4,54949273100
2,57447318000
2,57602660100
3,57804724700
3,58261718700
3,61933432400
4,65336330300
4,65336459100
1,68254407500
3,70175134700
1,70626172700
2,70707550600
4,71025278200
1,71116965500
1,73606281300
3,74732727600
2,74931378500
4,75062906700
1,75322339800
3,76056905800
1,77007561400
1,77478656400
1,78186000000
4,79256679700
4,80812813400
4,81942079100
4,82809658300
2,83434654300
4,84792959400
4,84946838300
3,85056366500
2,85289978400
3,90480153500
1,90553807500
3,91523883600
1,95054857200
4,97056660100
1,98579310800
2,100873558300
4,100964214400
4,101369827600
1,105609276200
1,106247874200
4,106285089000
2,107280080400
4,110628489900
2,113704196700
1,113889880900
3,114211895800
2,115009850500
4,120269378500
2,120514880600
2,121666476300
1,125142043200
4,127337409500
2,130941239500
3,132955299500
3,133708326000
3,133717043200
2,135319242800
3,136278222900
2,138982092700
1,140608553200
3,141436831500
1,142848608500
2,142848862800
1,142848869800
2,142988284200
1,145372750300
4,146178233300
2,146400501600
4,147751992600
3,148583346800
1,149564491300
1,150979305100
4,151583528900
4,158587109000
3,159034936000
2,159384292600
2,162950919400
1,163302484100
2,165064917600
1,165251223000
4,168156071900
4,168423122000
4,172976324000
4,173859440800
1,175012654900
3,177282770000
3,177283073200
3,178323893500
1,182958380200
2,184955814000
3,191562415100
3,193119389300
2,195070045200
1,195274997400
4,195664492000
3,196091211500
2,200172551600
2,200203778300
3,201307005600
3,202191988600
4,203997404800
1,204530041700
1,204568804600
4,205603428400
3,206815818300
4,207732051100
2,211520868000
2,212742449700
2,213997464600
2,214255264600
1,214908954500
4,215552077400
4,216847394000
4,218211027400
3,220677692500
4,220740473600
4,227466950800
2,230205328200
3,232090495000
3,233224133900
3,233865174700
4,234466822500
3,234845347000
2,241282903800
2,245636639600
2,246962325800
3,247435505000
2,251947496800
2,253078085600
3,255255231500
3,255754026400
2,256853967700
2,258768701900
2,258994822100
1,260684385200
1,262477149100
2,264432407900
1,266821594300
2,267436344800
1,270271006800
1,270331056700
3,270520155500
4,271705356100
4,271918538200
1,272425770300
4,275546832900
1,277244087100
2,280182482900
1,281074848700
2,281138711100
1,283227311100
1,287008111300
4,287314338900
3,287582159900
3,289030991800
1,290009332800
1,291301607500
1,292448232300
4,293421671200
4,293676912600
2,296778418600
4,296863972300
1,298089470500
3,299889633400
2,303753300500
1,304208464200
3,306699065900
4,307108633900
1,308576075700
1,311738692400
3,312875379300
2,313234133200
3,315414095600
3,316532186500
4,317627290100
1,319135423900
1,319841867300
3,320634269300
2,322195521800
2,326299886800
3,328485467500
2,329602532300
3,331309902700
3,331389483700
1,332199846900
3,332967993900
1,334042365900
1,334242840400
1,334473928100
2,334595973100
3,335247258000
2,335992560700
3,337430147800
4,337654890200
4,338185461100
3,338969312200
3,339238030800
4,340473305400
2,342169194300
3,344666671500
2,346062805800
1,346137301900
3,347291749300
4,347313156700
4,347540173200
4,348248801700
3,353047449400
1,361089487400
1,361089497500
4,363600990000
4,363843870800
4,363884777500
4,366516073400
2,366903274500
2,367441649200
2,368835895600
3,369365998000
1,374151863500
4,376749116700
1,377843877300
4,379929594500
3,380435657200
1,381775742900
1,383744219800
4,386415040700
1,386884235700
4,387304099400
4,389734078500
1,390272658500
3,391606794800
3,391830682900
4,392229329000
4,393230138400
2,395644010400
1,395995264300
1,396207329500
2,397401973000
3,397688456600
3,398204345000
3,398628094600
3,398844875100
3,401229159600
4,402354291100
4,404369373200
1,404497181100
1,405167309600
1,408528151300
3,419468029000
4,420386085700
3,421286682800
3,421836206800
3,422827045200
4,427381848500
1,428526054100
3,429829691800
1,430764384000
3,430867498900
3,434084824100
4,435308142500
4,435308588800
3,436107386800
4,438648758700
4,439057928500
1,443043273100
4,443264766400
2,444232834200
4,444382969200
2,444991500600
2,445141038700
1,445414395600
4,451865302200
2,452600176400
4,454436636600
1,456180468700
3,456434649900
1,459157084300
1,461272512000
2,461898193300
2,464400428400
4,465416453100
1,469323176100
4,469608067800
3,470598186900
1,472089100300
3,472256697500
3,472378067800
1,473128997500
2,473154097100
4,474482710800
2,476607786800
2,478516374300
4,479184723600
2,479387581000
4,481268996100
1,486148011500
3,487626308800
2,488969667900
1,493889780800
2,494021531200
1,496294074200
2,496443507500
2,499463138500
3,499903872300
1,501241759600
1,502337506500
1,502337639900
2,503091065300
3,503137410900
4,504544494100
3,505728699600
1,507190715200
3,514720602200
1,517259249100
1,518721460900
1,519326149700
1,519373200000
2,521367779400
4,523624196500
4,524625149400
1,525510244100
2,527312753300
1,527606713400
1,530568536500
4,530576718300
4,531014492900
2,533623484400
3,533834992200
1,535313977000
1,535434591200
1,535461234700
1,538850778600
4,540042110500
2,540391878800
4,540477365100
1,540681275500
2,541389523800
4,542114538900
2,542470401500
4,542688009400
2,543445564200
2,544654631900
2,546009192500
4,546039876400
2,546635989400
3,548213965600
4,548518541000
4,550253937700
4,550254026100
1,550254151100
1,552208152300
1,552478719200
3,552619511000
4,554032571600
4,554881830600
4,556108699400
2,558405988800
3,559211074800
2,559827465200
4,560486211600
3,560486273500
4,561722780200
3,562790918400
3,565475323500
4,565554132700
4,569578717800
2,572296676600
1,577233779400
1,578760707300
1,579468792800
2,581814565100
2,583279479000
4,584283566500
3,584693668400
2,585389214800
4,589569320500
4,591608010000
4,592410213900
2,593730312100
4,594162679500
2,594679040300
3,599725193500
3,600157868700
3,602068159900
1,602550577900
1,602975120700
4,603526814700
3,609673608500
1,610206431200
4,611044252200
1,611068372600
3,612793601800
3,614338308900
4,615974678100
2,616797392600
2,619058300000
2,619058308600
3,620680884400
1,622130369100
4,623834429900
1,624108697500
1,624136023600
3,624853580000
1,624870429200
3,627420875500
3,627595705000
3,628179244300
2,630334303200
1,630976012100
4,632642341200
2,633688934500
2,633988744200
4,637699720400
4,638192385700
1,640241869100
3,642697394100
2,643423839400
1,647588301800
2,647638022200
1,653155472800
3,653923444000
2,655087234700
1,655087279800
3,655087453300
1,655721863800
4,656438971800
3,658381543800
4,658617692800
2,661083581000
1,662126708500
4,664083123800
3,664184343300
2,667796418700
4,668017177400
3,668268627800
1,669081435000
3,669756534500
2,670463108200
2,672450516900
4,672753070900
1,672872612600
2,673956777800
4,674229661800
4,675866757400
2,676813424800
3,677012591200
4,677485854600
1,678803250500
1,682839677500
1,685561051600
3,686110469100
1,686799056600
4,687251200200
3,689261816500
3,690031628200
3,692764563500
2,692764567500
3,694238353400
2,694484811200
1,694629897000
1,697246695900
2,698643550900
1,698680651500
3,698747937700
2,699155389800
2,699568303700
3,701927179600
1,703026122000
1,705120183900
3,705696937800
2,706908125100
3,707003925100
2,707060962900
2,707692142900
3,708467465500
1,709138142700
3,710776123600
1,711000644100
1,712628270400
3,712914693700
4,715458985000
1,720047795300
2,720935008200
2,721423006800
3,722157720800
4,723635769900
4,724042868400
2,724950801600
3,725024543700
4,725170283200
3,726089712000
4,726704502700
1,727250426000
1,728189990700
2,731625928900
2,732680876700
4,734481118300
1,734500384500
4,736211445900
3,737674170000
3,739088239900
2,741648660300
2,742151313300
3,742842176800
2,744187417000
1,744727132500
2,745276587600
2,750331628800
1,752456695900
4,755420414600
3,758140736900
3,758672055800
1,758840458000
2,758859753400
1,760974372600
2,763328329200
1,765747206400
1,768838006500
2,774317816300
2,774349898900
2,774975506500
1,776082091900
4,777745429800
3,779569580500
3,781656859000
1,782141242600
3,782403080900
2,782476843800
4,785976164900
1,788340143100
1,788810485300
4,789465466800
2,792710649000
3,794106314400
3,794525439100
2,795724107900
4,800002240200
1,800553247000
2,801360297900
2,801601160600
4,806040220000
2,806416619200
3,807901061400
4,809075767200
3,810865966100
1,811538507000
4,813059111100
4,816058105500
2,816197973500
1,816632094600
3,817358447300
3,820639018300
2,823553384800
4,824808224000
3,827639398500
1,828908222000
2,831263720700
2,834679828000
2,836117373800
4,838138691600
1,838208864700
4,838530254100
2,841278383500
1,842727881800
1,843440454700
4,845898440200
3,847885108600
3,848547666900
4,849472993200
1,851336730100
1,854684104300
1,855542523800
1,855691196400
4,856079431800
3,858306991000
2,861290198100
4,861648805700
3,862140356300
1,863226412900
3,864311471500
2,864375647300
1,864917587600
1,865104006300
3,865853451600
4,867079393100
2,868504995200
1,869237280600
3,870384702900
2,872143149500
3,873482808600
4,874598103900
2,876745063400
4,879313830500
4,879612206900
4,879943816700
1,883408194400
1,883448509900
4,885159057400
3,889683934100
4,890535698000
1,896752082300
3,897991212700
4,898160118300
2,898332715200
1,901562998400
1,902099162400
1,902914090700
2,903059631900
2,903126449200
1,903126595800
1,905108040300
4,906601502500
2,907920278100
1,911902865500
1,912353805400
4,912665025200
1,913141085500
1,923043675200
2,923174198200
1,924237293300
3,924285184400
2,924738764400
4,926932555800
3,927474841000
3,927821950600
3,933162588400
4,933724507400
1,937284097400
2,937898657200
4,940122815800
2,942300649300
1,942750851200
1,944003222600
2,944003694500
4,946248639700
4,946920735700
4,947355369900
4,948387502100
3,949937143400
1,951022559300
2,957894489200
2,958689001300
4,958784672000
4,961519633600
2,961673055100
1,966225266300
1,966375993200
1,968925893400
3,970378825000
1,970889124700
2,971822780700
4,971883048200
2,972081734300
1,972311967100
4,972617978700
3,972788562500
3,973299677700
2,973833661300
3,975453975000
1,978567340000
1,979057835200
3,979529228500
1,979571638400
4,980040333200
2,981898985200
3,982798287600
1,983162614600
4,983542034600
4,985981422400
3,986734600300
3,986791601500
2,986936663800
4,987590559400
2,991124665700
1,993446271800
4,998933266800
4,1001395684100
2,1001643963600
3,1001647929900
3,1001806352900
2,1003442891200
1,1003545037200
2,1004175005500
4,1005652744300
4,1007981975000
2,1008102809700
2,1009776472800
3,1010191551000
3,1010687242300
2,1011653020200
1,1011784100900
3,1013125286800
4,1013895692800
3,1013935247200
2,1014875067700
2,1015728924800
4,1018927700800
2,1018927898700
1,1020165655100
1,1020183221200
3,1020668805300
1,1020669039100
1,1021654308900
2,1021660289100
3,1023124801400
4,1024877256100
3,1026753547800
4,1027271137700
4,1029309721300
4,1029321390700
2,1030191054500
4,1030212113100
2,1030390993900
4,1031394498700
4,1033642972800
3,1034049080100
4,1034098057600
2,1035204106000
3,1038470119900
4,1038836684900
4,1038987147300
3,1039330870600
1,1040690788900
3,1041328737200
2,1041687271900
2,1042968015500
2,1046444180700
1,1047267321400
3,1047889605000
3,1048207317700
4,1049883760300
3,1051337057300
1,1052590794700
3,1055339564300
3,1060710201400
3,1060974871500
3,1064822271600
2,1066155323200
2,1068098461100
4,1069355578800
1,1069471486000
4,1069753705100
3,1070083585200
3,1070156656400
1,1070734875600
4,1072804620600
3,1073467398400
1,1073467538300
4,1076080685600
2,1078523752800
1,1079850568800
2,1082903815400
4,1084679404100
3,1085229725800
4,1085508972800
2,1086643347900
4,1094839791900
3,1096377075200
1,1096606920700
2,1096942702300
4,1098826185200
2,1101004563400
1,1102921173700
2,1103039654900
1,1103703121200
3,1107209342200
3,1107433570700
4,1108096239500
3,1112129690300
4,1112394869700
1,1112550725500
3,1113440535800
2,1114443656400
1,1115120288800
1,1116506816300
1,1117151265700
4,1117997115900
1,1118420659700
4,1119891159800
3,1120808286000
1,1121319723300
3,1123022939600
4,1123278658900
3,1123510235300
2,1123589522600
4,1124088931100
2,1126662769900
2,1134187528100
4,1136605817000
3,1137767951500
4,1140591228800
1,1144432687700
4,1146915807100
4,1147261424900
4,1148106667300
3,1148983398800
3,1149556093600
1,1150119273300
2,1150409060900
4,1151759067100
4,1153450918500
1,1153937132800
3,1154068000100
3,1155597333100
2,1158359655500
1,1158714026900
4,1159680067000
2,1160956422300
1,1161296212800
1,1161679316500
4,1161971314400
3,1162893995500
4,1163564186100
1,1167762757100
1,1167980429500
1,1168282471600
4,1168502949000
3,1170714516100
2,1172025894300
1,1175010151000
1,1176240379600
1,1177178131300
4,1177240845600
2,1177832948700
3,1180727175800
2,1181533770900
2,1182804582800
4,1185135898200
2,1185452128900
1,1187837438400
1,1192680641900
3,1193601711900
2,1194326234500
4,1194704731500
3,1195185048000
4,1195743040400
4,1200439895000
3,1205298119800
2,1206520152500
3,1206728517600
4,1210878282400
2,1211344616900
4,1211977385000
3,1212481534600
2,1213012568700
3,1215274763300
3,1216841362900
2,1223819952700
2,1224060644700
3,1225707741000
1,1226532919200
1,1226560698000
4,1226993975900
4,1227099250000
2,1229815221700
1,1230438081100
3,1231636019600
4,1231940942700
1,1233484827200
3,1236266546200
3,1236916111100
1,1237609890700
4,1239589671900
1,1243006503500
2,1243840738200
1,1245148180500
3,1245414067000
1,1245652585500
4,1248007344800
1,1248277177700
1,1250540485100
3,1251444684000
4,1261809046700
1,1263707007400
2,1263736323600
4,1265133891000
1,1269237999200
1,1274472563700
4,1277657683400
4,1277736262400
4,1278023913800
3,1279238053200
3,1280349913400
1,1281376545600
4,1282722784200
1,1284115843000
3,1285855137600
1,1287188007000
2,1288429810500
3,1288767850900
4,1289230623100
3,1290093346500
4,1290210500700
2,1290746498200
2,1290776784300
4,1291251457700
3,1291251638500
2,1292598794600
4,1292998902600
1,1293580972500
3,1293873018000
1,1294626268000
1,1294676560100
4,1298373386200
3,1298736317800
2,1298893630900
1,1299639276200
3,1301964639200
1,1302103741900
3,1302104452500
3,1302226467800
1,1302899662100
3,1304614062000
1,1305813997400
3,1306818250600
1,1307390543100
3,1309020729100
1,1309898781400
3,1311352101400
2,1311998411300
1,1312816922800
4,1312988521000
4,1313656013500
1,1314843962000
1,1314896200800
3,1315653628400
2,1316542633300
2,1317847480200
3,1317908629300
1,1318190656200
1,1319457485600
2,1320858167000
1,1321822907200
3,1324499555000
3,1325823526200
2,1326310177400
2,1326510868200
1,1327691631600
3,1327693801100
2,1327749335400
3,1328404112500
4,1328861956400
4,1330220025000
4,1330842577300
3,1330962759400
4,1333710908100
2,1335490132900
3,1336106241900
3,1337242092200
3,1338730192700
3,1339438931600
1,1340593202900
2,1341028380100
3,1344829501600
3,1346609394400
4,1348658419500
1,1348933913300
1,1349518939800
1,1349932462300
2,1350734131300
2,1351166131800
2,1352850617200
4,1356033097600
4,1356270529700
3,1356858235800
1,1358132283900
3,1358177626400
4,1359191760900
4,1363434976000
2,1363803841300
1,1365572575800
3,1367002770800
1,1367036771000
1,1367576633800
1,1368488970400
2,1372823961700
2,1375424946400
2,1375464780600
4,1375903266500
1,1377877087600
4,1383200820800
2,1383281057800
2,1383748494400
1,1384190863300
4,1388363564200
1,1389071097600
2,1390178112900
3,1390622643700
3,1391535676900
1,1391998178300
2,1392832162300
2,1393354212900
3,1394441849700
4,1394442446700
4,1395918337900
4,1396747643300
2,1397008111200
2,1397108461700
4,1398001567900
4,1399460764400
1,1399700650500
2,1399944181200
1,1399944415300
3,1401730047100
2,1402399919500
3,1402942049100
2,1404953345500
1,1405454737800
1,1407933084000
3,1409382674900
4,1409889265700
1,1409963147100
1,1411889781200
2,1412934592000
2,1414060316900
3,1414242098800
2,1415996022200
2,1417545986100
1,1418915333300
1,1419025829500
2,1420517765700
4,1422719824400
2,1423172275900
4,1424210108800
1,1425082483200
4,1425777239900
4,1428809935900
1,1428810433300
3,1429279546900
2,1430577260200
2,1436609784400
1,1436894557700
1,1440664020500
2,1443688298300
2,1444153027800
4,1444843613100
1,1445542377400
2,1446394996500
3,1447689929700
4,1448713726200
4,1449745314200
1,1454011454900
2,1454180243600
1,1455213554400
1,1458836898200
2,1459039710000
1,1459992789500
4,1460436622100
3,1460443736400
2,1466914802800
2,1471031451600
4,1472906563000
2,1473135918600
2,1473626883600
3,1474815580300
2,1474862118400
2,1476313824100
2,1477551198300
4,1483268774700
1,1485619444400
2,1485742243500
2,1485742521100
4,1486676154300
3,1487536404700
3,1487904695500
2,1489487059900
3,1491117129300
4,1491847744700
4,1492115409900
3,1492159364400
4,1492271049900
1,1496769769600
4,1497131321200
1,1498194868000
3,1498231008700
1,1500540324600
3,1502259601900
3,1502923677200
2,1503018017300
4,1503590121300
4,1505794312800
3,1506098357100
4,1506799810200
1,1507705840200
4,1510972675200
2,1511624681300
3,1512404183600
2,1512839983300
3,1512842227800
2,1513724337600
1,1514535219000
1,1517200965200
1,1517402716300
4,1518314922200
1,1518489840800
1,1518703261700
4,1521458308500
1,1521513290100
4,1521623089000
2,1522959234100
4,1527570484600
4,1531525298400
2,1532038696400
2,1532824430000
3,1533908831100
1,1534056209000
4,1536791494200
1,1538013958100
2,1540139865600
4,1540525923600
3,1540614378300
1,1541451085600
1,1542373506900
1,1544641368100
3,1544838585900
1,1546788364100
2,1547835441900
3,1549601454800
4,1551091860800
2,1552780029800
3,1553142935000
3,1553944466500
4,1555816222800
4,1556411477700
4,1556411489800
4,1559706430300
3,1560492966900
3,1560944619800
1,1561005354200
3,1562544769900
1,1564013097800
3,1564857985700
4,1566997894000
2,1567495046400
4,1568274689900
3,1573183996400
3,1574414763000
3,1574852044900
4,1576327661000
4,1577075100700
4,1580247471400
1,1582668980100
4,1583561084500
1,1584552184100
3,1585342526200
3,1587303881000
4,1588599306900
1,1589424941600
1,1589447705600
2,1589986864500
1,1590140395000
4,1593809459400
1,1594212371300
4,1594562840600
1,1595521496400
1,1596664165700
4,1596743094000
1,1596880820100
3,1596995193800
4,1597438013200
4,1598560754000
3,1600077103400
2,1600265014100
3,1601373881500
1,1602013931600
3,1602115521800
2,1602279169100
1,1602490926900
4,1602804885500
1,1603419434800
4,1603671372000
1,1608873119700
1,1613338328200
1,1615725549400
4,1618649109800
2,1620374119000
4,1622836935500
4,1624066407100
3,1625067035300
3,1625444813900
1,1627958184800
2,1629685422900
4,1631180134800
4,1632417021000
1,1637067733400
2,1639563545100
4,1642116014500
2,1642490301300
1,1644147590200
3,1650579672600
1,1653000817500
3,1653025391800
2,1653255330100
3,1654221491800
4,1655175022600
1,1655397325300
1,1655920073000
3,1658129944800
1,1660044310400
3,1660511468800
3,1662293568700
2,1662431434400
4,1663843852800
3,1664659121500
2,1664667592300
3,1664984458400
4,1665781065500
3,1667559745900
4,1668518212300
3,1668963774900
1,1671620220700
1,1672205065900
4,1675035675400
1,1675474439400
4,1676804932000
3,1678619599200
2,1679559277200
2,1683013637200
1,1683264686800
2,1683420641900
4,1683954438400
4,1685632625500
1,1685968511100
4,1686615719700
4,1687256873100
4,1688607079900
4,1689942713600
1,1690491051600
4,1690919677900
1,1692098429600
2,1693552503600
4,1694573578200
1,1694943721800
1,1695272850900
3,1697894669100
3,1698727734700
1,1703459987100
3,1704865879500
2,1705550017200
2,1706777573300
3,1708180860100
4,1710728858100
3,1714908608200
4,1715115410400
3,1715471197300
1,1715645896500
3,1718136652200
1,1718523193400
1,1719798323100
4,1721350612300
1,1721658935400
4,1722205394500
2,1722589468500
4,1722670394300
2,1722967268900
1,1727195240800
2,1728117910500
2,1728482512800
1,1728619758100
2,1729512768900
4,1731003455400
2,1731389256200
3,1731910156700
3,1734129172100
3,1734129354100
1,1734189317400
2,1734343549200
1,1735202856200
2,1735327965600
3,1735328114900
4,1736100776500
2,1736100813800
4,1736261457200
4,1736261468800
4,1736307363100
2,1736477787900
2,1738039157500
1,1738952435600
4,1742017023000
1,1742192834300
4,1747902533700
3,1748272960200
1,1750358555500
2,1750423731700
4,1752054375900
2,1752582852900
4,1756612311000
1,1756820230500
4,1758494346100
4,1759953495400
4,1761547374600
3,1762568673700
1,1766578192500
2,1766812509000
1,1767292758200
3,1767373816000
4,1767489815900
3,1767732683200
3,1768356635300
2,1768452269500
1,1770367971800
1,1771439737200
4,1772425466100
4,1773164415000
3,1773164766600
2,1773986146200
4,1775850450800
4,1776347328300
4,1778555974800
4,1780470351900
3,1781695131600
1,1782787223800
2,1785690021000
4,1788875787200
4,1790045484200
3,1791285871800
1,1792219066100
3,1792368955300
1,1793000002700
2,1793498128200
2,1798400281400
1,1799594865000
2,1799757420200
3,1800594230600
2,1801826054400
1,1801848149400
1,1802104837800
2,1802746296200
4,1802940837800
1,1806169215700
2,1807767671600
2,1810680017700
2,1811502679800
2,1811818058300
2,1812380641300
3,1813178756700
2,1817021338700
3,1818645998100
2,1818646073300
3,1820206635100
3,1821937983600
2,1825747630600
3,1826975695600
1,1828186039500
2,1828226603300
3,1833320359100
3,1833365708600
1,1833616110000
3,1833988116500
4,1838812470700
1,1840600522500
4,1841234485000
1,1841995464300
2,1845641400400
4,1845814963800
3,1848053696800
3,1850116087800
2,1850116508300
3,1850438109600
2,1851085869000
1,1851446673200
1,1852206208700
2,1852809218000
1,1853967906600
2,1855316459400
3,1856858149500
3,1860477609000
3,1860917849300
2,1861265015100
4,1861496393700
1,1862260503100
2,1864108807400
3,1864111802600
3,1864932164000
3,1866136266600
4,1866993382000
2,1867380786500
3,1869680033600
4,1870313809600
2,1870331404300
4,1871927859600
1,1872434957800
3,1873261557800
4,1874459617900
3,1876762268600
1,1878384061600
4,1884651752400
4,1886021999500
3,1886175619300
3,1886775034200
4,1887345856900
1,1888991658600
2,1892685241000
1,1894451544700
4,1894465592000
2,1895591258100
3,1905135057000
1,1907306131600
4,1907516032600
1,1908564733200
2,1908576572000
3,1909283250300
4,1910198034100
1,1911976965000
1,1913986541200
2,1914529768500
3,1914810446800
2,1915524376200
1,1916224554000
3,1918788655300
2,1921411839200
4,1926734097500
1,1928254095800
2,1928910395200
2,1928930201400
4,1930384360200
1,1930467410900
1,1930561731500
1,1932186986200
3,1932591527400
3,1934282118100
3,1934584506100
2,1937554793000
1,1938373808400
4,1938551563700
1,1938569345600
3,1940911527000
2,1942098759300
2,1942554467800
2,1942554539700
4,1942654899500
3,1944659555900
4,1945064058000
2,1945289682200
3,1945849787100
3,1946315742400
4,1947627583100
1,1947849013000
3,1948118795000
1,1949367379800
1,1950021827100
2,1953051096700
3,1953189254000
1,1954289694600
1,1955185027000
1,1956860617500
1,1959892479900
2,1960468548900
1,1962666623300
2,1965071676000
4,1966470639000
1,1967556072300
2,1968542201000
1,1968631820100
4,1973237464500
4,1974825093200
3,1974944260800
1,1980868222100
3,1982744671000
1,1984137775200
2,1985365491100
1,1985803589300
3,1986839189700
3,1987443308000
1,1988907696200
2,1988907712300
2,1990169664400
2,1990414240400
3,1990844900400
3,1991249455300
2,1992497198500
3,1994886084300
4,1995122084200
1,1996744246400
3,1999767682900
4,1999800762000
2,2000201760000
1,2000983465600
4,2001181565700
2,2001443795900
1,2002085834400
4,2002263770300
4,2002441890700
3,2004175604100
1,2006498594800
4,2007250248000
4,2010959341500
3,2011176986100
3,2011176997900
2,2012129298500
1,2012904186200
1,2013726911700
3,2014073576400
1,2014852468600
3,2014890589800
4,2014935546000
4,2015405655700
1,2016394260600
4,2018024981200
3,2019782140400
4,2022193177700
1,2023886499400
2,2024800093100
4,2024882055100
2,2025582456100
1,2028952194000
2,2029830368600
2,2030690240000
4,2032855146100
4,2034316631100
4,2035014143800
2,2035232523100
4,2035298823500
4,2036114399500
3,2036192716800
3,2037494767700
3,2037645802900
1,2038548772300
1,2038925355900
4,2039338175100
4,2039408288000
3,2040340233500
4,2041866867000
4,2042268263300
2,2043436361600
2,2050632118700
1,2050792548100
4,2051791101500
1,2052697154700
1,2053774513000
1,2056147190400
3,2057430190400
1,2057561558300
3,2057608507100
3,2059487148800
2,2060066554200
3,2060770434900
3,2063144969600
1,2063487284000
2,2063868016100
2,2065709621400
3,2065709900300
3,2068020005300
2,2068804032000
2,2069637293800
1,2070564669200
2,2072763446900
4,2075355685900
1,2075642702000
4,2075654363700
1,2075942648800
1,2078039210600
2,2078087003000
2,2078459636000
4,2079671238000
1,2081118584000
4,2081904628400
2,2084535009500
3,2087966763800
1,2088442258300
4,2092170891800
2,2093193779500
1,2093981840500
1,2095021324200
2,2095445086300
1,2098849214700
2,2102308569000
1,2103639517100
4,2103642849400
2,2104707124400
1,2105080138400
1,2105423273000
2,2106823737600
2,2107798652400
4,2112280095800
4,2112408680300
4,2112615473500
3,2112793848500
2,2115260596200
4,2119200635700
4,2119403918100
1,2121368267700
1,2121477403900
4,2122194398000
1,2123161024300
3,2125656861500
2,2127337393400
3,2128649077400
1,2128649555800
4,2128889787300
3,2132002505900
3,2135851959000
3,2136331482700
3,2138312722800
4,2139564845800
2,2139973585400
1,2140785072700
2,2141184926700
4,2141221526600
3,2141408019400
4,2142546292900
2,2142790844000
4,2143130827000
2,2145984574500
4,2146162093100
1,2146841385000
3,2147571200500
2,2149706152500
1,2150063539300
4,2151203260000
2,2153132930100
1,2155565107000
3,2159089538800
1,2159586808000
2,2160138301800
2,2160934277300
4,2161335755600
4,2163645941200
3,2165651743000
2,2167727903900
1,2168286212700
4,2169700989400
4,2169787439400
3,2170363259300
3,2170420916900
1,2170986934400
3,2170987106000
2,2171886380100
4,2172400400900
1,2173882288200
4,2176255887600
2,2176487067300
1,2176679436100
3,2176982296400
1,2177388250800
2,2177716587100
1,2177717011100
3,2178877104200
4,2179004264600
1,2181216914200
3,2182749826800
2,2184190247300
1,2187895678700
4,2188135869200
2,2188135913000
3,2188560188700
2,2191743271900
1,2192441631600
3,2193706045700
4,2193706115500
1,2195021435800
4,2199502142100
4,2200031734500
4,2202493199300
2,2203132231000
3,2203327480600
4,2203414833300
4,2204182763100
1,2205804226100
3,2206897756500
3,2208147275900
3,2208398226900
3,2209478615300
1,2211384294800
2,2212341142600
3,2214070681800
4,2218100896100
1,2218520974200
4,2218919183000
1,2219289381600
4,2219333422400
3,2220821966000
3,2225618608500
4,2226934705900
1,2227502873000
3,2230265238700
1,2230383811700
1,2231829352000
2,2233454795500
1,2235033638400
1,2235414826600
4,2239339442600
4,2241245361000
3,2242219019600
3,2243305123000
1,2243883981300
2,2243992670900
2,2244443329400
2,2244476033600
1,2247496223000
4,2248356780100
1,2248552822900
1,2248642839700
4,2248952591800
4,2249531446600
4,2250386354300
1,2250681497300
4,2254025700000
4,2255990600400
3,2256243469000
3,2257662757300
3,2259430911800
3,2262233069600
4,2266524367700
3,2266582357600
3,2267296408700
3,2267446482900
2,2271370966800
1,2271857441900
4,2272981388400
2,2276309791700
1,2276936244000
4,2278527926000
2,2278979431700
4,2279103577000
2,2280429752600
2,2282502384200
3,2284032393200
3,2287709959100
2,2287886953200
3,2287960389800
4,2289421330600
3,2290072725400
3,2294251769500
4,2298040888900
2,2299298073000
3,2302034514300
2,2303169284000
3,2308500823700
3,2308646991700
3,2308686131300
2,2308989554500
4,2309470590600
3,2310313212700
1,2310493648200
1,2312092702200
3,2313750074000
3,2314190593000
4,2314345817200
3,2315060296700
3,2320375622700
4,2321173218400
1,2323390516600
4,2323752768300
3,2326527563000
1,2327008726100
1,2327376373500
1,2328346739600
3,2329900453100
3,2330251548800
3,2330822825800
1,2333445022300
1,2336219892700
2,2339882062900
4,2342800677500
4,2345397226000
4,2346935532000
2,2346962655200
1,2347555545000
3,2350987127400
1,2351033717700
2,2352936478600
1,2354155601700
2,2354353406600
4,2354447490400
2,2354883664300
4,2355040907900
3,2355042137300
3,2356305578400
4,2356892314500
4,2357000290700
1,2357923810600
3,2358395878400
3,2362056088000
4,2362870496300
3,2363078502600
3,2365777121200
2,2367668608000
1,2369116484500
1,2369116973200
3,2369736929300
4,2369744355900
2,2370869928700
3,2372808011100
4,2374592352000
2,2375618963600
2,2377859283200
1,2378580167300
3,2390149442800
1,2393856328100
1,2394688487400
1,2397693200300
4,2397863769900
1,2398215489800
4,2398388178700
2,2398881839300
3,2400524291600
4,2401230646400
3,2401277500300
4,2401461754400
4,2402982702500
3,2404273582200
1,2404467040800
4,2406351738100
4,2406620917100
4,2406826894000
4,2407391996200
1,2411699348900
1,2411714846300
3,2415327217400
4,2415900343000
2,2417891378700
3,2418600079200
2,2421977808000
1,2423418676300
3,2423935664500
4,2424406663000
1,2424654959300
3,2425841086100
2,2426431344900
2,2426859084200
2,2429068060100
3,2432295721100
3,2433265438700
3,2433311175500
2,2433486145600
2,2438988818500
2,2439163375000
3,2441576798200
4,2444173892500
4,2444346905900
2,2444926417100
1,2448681020200
2,2449157940800
1,2450654333600
1,2450880902600
3,2453223751600
2,2453656423400
4,2455312240400
4,2458331436900
2,2458708054600
2,2460178771300
2,2461435747600
1,2465034976900
4,2467809498100
1,2468241629900
4,2468448642400
1,2469019195600
2,2469372282900
2,2469943853500
1,2470798621000
2,2470934182100
1,2472031281900
3,2474638112600
4,2476230747400
1,2478951307700
2,2480119094400
1,2481573352700
4,2484628703600
4,2484769687800
2,2488760706600
2,2489893312800
4,2490312544800
1,2490549978200
3,2491295046800
3,2492275041200
4,2493127754600
3,2493812227700
2,2494561070800
3,2494568121400
1,2494984416200
1,2495895713700
4,2495966371800
1,2501494037900
2,2501875659200
2,2503641049300
2,2504061429800
3,2505739501600
1,2505949022500
2,2507838014300
4,2509957072500
2,2510047077800
1,2510666989400
2,2510937770200
1,2511351457500
3,2512899256100
4,2516287931400
1,2516403423700
1,2516724786900
4,2517114083900
4,2518339535100
4,2519640844100
2,2520912812300
2,2521251315100
3,2523425129600
2,2524961551400
3,2528001095400
4,2529119805000
1,2530709525600
3,2530926637900
3,2539512347600
3,2540867314100
4,2541040393800
2,2542160880400
3,2542343074200
4,2544227050300
1,2544227354500
3,2545863644900
2,2548175765900
3,2548383273200
3,2550837325100
1,2551243161100
2,2554301323300
2,2554744016000
4,2563399317100
3,2563975014100
4,2564271342100
3,2568743924200
2,2571092798400
4,2572770827000
2,2573466319000
4,2576980378200
4,2577194411600
3,2577201470700
3,2579435321600
4,2579592895200
1,2584302340000
3,2584397009300
4,2584435913300
4,2585077769500
4,2587524596800
2,2589040425600
2,2593737013100
4,2595053295200
2,2596653993900
4,2597065183500
3,2597325057200
1,2597495428600
1,2599103310400
4,2599896034600
2,2599959062300
4,2600588814600
3,2601075233800
2,2602647694800
3,2603332360600
4,2603485719800
3,2604853827400
2,2607759906800
4,2610060721300
4,2610698072900
3,2612297731000
2,2612904315400
1,2617082716000
2,2617600475100
3,2621683095600
3,2622271570200
1,2624034554900
4,2624561485500
1,2624832337200
2,2629579715800
3,2630151679000
2,2631056042700
3,2633304623400
1,2633740774000
3,2636115847700
3,2636922806900
2,2640825267500
3,2646391608800
3,2647036966400
3,2647414161000
4,2651974252200
3,2652720740600
4,2652726114700
3,2655463803800
4,2655734046800
3,2658096909100
2,2660026437600
4,2660296644300
3,2662712806700
4,2662713938300
2,2663878332900
1,2664063118200
4,2666972904000
4,2671279763900
1,2671561633300
2,2672898655000
3,2674068149500
1,2675278241000
1,2675883608500
4,2676771678400
2,2677705791500
2,2678284496200
4,2678597015100
2,2678727343600
1,2678892994700
4,2679914666600
4,2680848843800
4,2681708358500
1,2684029927800
4,2684334193300
3,2684498552600
3,2687002619700
3,2688338185600
2,2690130987700
3,2691464218700
2,2694462132000
1,2697400337200
4,2698947934500
1,2699084805500
3,2699114041300
3,2700051657300
3,2700579949200
2,2701699798900
1,2702039618900
3,2702639963000
4,2702708034600
1,2702891473300
1,2703233590400
3,2703259553300
4,2704030130400
3,2704248656800
4,2704248972900
4,2704734433700
2,2705669998500
4,2707165469700
1,2714774462700
2,2716133855700
4,2716878132800
4,2717348230200
4,2717408793200
1,2717922378600
4,2723505032600
4,2723875790700
1,2724241111000
4,2727042654000
3,2728068976200
1,2729078133200
1,2729925014600
2,2731499338100
4,2733678403100
2,2734678021500
4,2736744314800
1,2737468811800
4,2738665138800
4,2738665181800
3,2738979881600
2,2739293170500
2,2739876807300
4,2740125042200
4,2740720731600
2,2740720939300
1,2740721418800
3,2740746801600
4,2741598640100
1,2745978457400
4,2749534062400
1,2749887723200
3,2750267978300
1,2754274616200
2,2754893451700
2,2755840500300
1,2759951040200
2,2760241409500
1,2760606286500
2,2762725104100
4,2764330873800
2,2765656681300
4,2767673427000
2,2768996077000
2,2772464641000
1,2778053813400
2,2779572027400
1,2781073174700
3,2781650288500
4,2781891540900
2,2783588421500
4,2783865164900
2,2784683115100
4,2787493888000
3,2790479097400
2,2790585862200
1,2797116624100
4,2797961498900
3,2799123578600
1,2799798118700
4,2801187163000
3,2801839388600
1,2802901920700
2,2803397114900
3,2805482016600
1,2806216359600
3,2813819692300
4,2813820004000
3,2814228790600
4,2814710596100
4,2814908573800
2,2816518530000
4,2817095193800
4,2817934251300
1,2819499206900
4,2821004869600
4,2821418124800
2,2823463935600
3,2824002962200
2,2825544623400
4,2825672655800
4,2825701994900
4,2828760175100
4,2829842365100
4,2831731155500
4,2832193730600
4,2834934866400
3,2836813218500
2,2838744990600
1,2844001264300
1,2844239782900
3,2844523613300
3,2845045545000
2,2846979456100
4,2850662740900
1,2851162339500
4,2851952014400
3,2852417724900
1,2855899579400
1,2856398239600
4,2856664335900
1,2860231317200
2,2860318082100
4,2860822068900
3,2864651905700
3,2865258386900
2,2865778846700
3,2865918711300
2,2867168725800
4,2867960681000
2,2868300791500
2,2868304545400
2,2869760509400
1,2870673383400
4,2871748899500
1,2873702380400
4,2875081569100
1,2875480852400
4,2876827386000
1,2877556130600
4,2883003203600
3,2883758094700
1,2887103858900
2,2889034754600
2,2889034961400
1,2889287248800
1,2889974677300
4,2891115656800
4,2892155645600
2,2892228211700
3,2892625729700
3,2892811468800
3,2894768303100
4,2896773653300
3,2896910980000
3,2896945338600
3,2898204160700
2,2898497322900
4,2902665066200
3,2902835806900
4,2903217383300
1,2903423847600
4,2904616973700
4,2908329604500
3,2909127728000
3,2911248452400
3,2911248984300
3,2912134335000
4,2913467215900
1,2915305458500
3,2917340892400
2,2918964649600
4,2919361135600
4,2920507394200
2,2922088809000
3,2922435784400
1,2923707313400
1,2924500322900
3,2925405006000
4,2926459365800
3,2926878618300
1,2929655570700
3,2930111211800
1,2930873847200
4,2930873863000
3,2931189547400
2,2932805035900
1,2934816679700
3,2935412133900
4,2936432215000
4,2938349179200
3,2938896718500
4,2939597130800
4,2939694597300
3,2939851578600
4,2939993843000
2,2943081304400
4,2943390609600
4,2945591133100
4,2946281810000
2,2946728182700
3,2949842338600
1,2951876510500
1,2951939118500
3,2952315012600
4,2953453663800
3,2953517139100
4,2959107377100
1,2959691972200
3,2961194901300
3,2961272096700
2,2962075337800
1,2965459744800
4,2967301622600
3,2967518295900
1,2970158190600
4,2971671020000
2,2972194253600
4,2972992465100
1,2973172607100
3,2973248697100
1,2973307045900
2,2974059131700
4,2975064371300
1,2976335942400
1,2977803824900
3,2980150299100
4,2980502478500
4,2980504050800
1,2985050279300
4,2986631258300
4,2989423444900
1,2989556158200
1,2989668013600
4,2996619494400
2,2997829170200
4,2998078930100
2,2998872893200
3,3000704662100
1,3001305170900
3,3003773831600
3,3009622113300
4,3009933975600
4,3010300881400
3,3013373100000
1,3013374945800
3,3014114362200
1,3015027288300
3,3016203857700
2,3018168905100
4,3019287005700
1,3021030528700
4,3021261304000
2,3021824858200
3,3022978821700
3,3023254473500
2,3023595026300
1,3027097278400
2,3029227866300
4,3029461240100
2,3033758939700
1,3033762955200
3,3033842773000
1,3034641266300
3,3034719151900
4,3034857483400
3,3034979851600
1,3035902938400
3,3041395482400
3,3041491167400
1,3041671456900
4,3043809060200
4,3044773493000
3,3046278523800
4,3046489904800
4,3046489954800
4,3046489999500
4,3046490031200
1,3048352767300
4,3048745412500
1,3050472650100
2,3055117319800
1,3055323331700
1,3055909401900
3,3059978964200
1,3060405206100
1,3061304744400
2,3064670814200
4,3065424249400
3,3065540540000
3,3065624457900
3,3065761699000
3,3066864635900
4,3068714990300
2,3069698657100
3,3070294706500
1,3072038536400
3,3072734036800
4,3073508384200
2,3075939282200
3,3078305061500
4,3079781994400
2,3079929152400
4,3080059922400
1,3080451451100
4,3083826388200
1,3084052487500
3,3084282892000
4,3084587535400
3,3087737509000
1,3087737576800
4,3088178734400
3,3088255334900
3,3088740571700
3,3094122035600
2,3095225347200
1,3097285921400
1,3097563398300
4,3097591395300
3,3097937538600
3,3100965636900
2,3102885706200
3,3105506935400
3,3106153005900
3,3106686004900
1,3107082268800
4,3107322064200
1,3108292774300
2,3108501496600
4,3108615018200
3,3109127337700
2,3109259272200
1,3109442058800
2,3110331791300
3,3110643359300
1,3113312269400
4,3113698898900
2,3114435174800
1,3115669076000
2,3116411315200
4,3117348539700
3,3122742887000
4,3126556052200
2,3126664330400
1,3126945820300
4,3126980968200
1,3127700464300
1,3129055918300
1,3133056914200
2,3134846960500
4,3138179576800
2,3138385577700
1,3140295204200
1,3140864842000
1,3142250143200
1,3144550540400
1,3146266508200
1,3147688076000
4,3148562816600
1,3152724255700
3,3153314409200
2,3153353359800
1,3153414367900
3,3153834474700
4,3154028787300
4,3155328750900
2,3155356996000
3,3155454370600
3,3156074148600
4,3156425593900
1,3157242899000
4,3158200619800
3,3158242530500
1,3160063553500
2,3161307023100
2,3162590884800
3,3162924202400
4,3163174321400
3,3165711183000
3,3165911864700
1,3167650635800
4,3167870051700
1,3168726295800
1,3169007716900
3,3169090115800
2,3170645133100
2,3170960517200
3,3174876594100
3,3176257591600
2,3176515547400
1,3177348964900
2,3177434420600
3,3178060112600
1,3178088851100
2,3178661983500
4,3182536838800
1,3186358001300
4,3188234146000
2,3189350381000
4,3193397453100
2,3193520891400
4,3193740233000
4,3195655407000
3,3195719021900
3,3195719253000
4,3196305673000
4,3198313719200
2,3199425295000
4,3200787890000
3,3203090279500
4,3205291286800
1,3206189254800
4,3208047109500
1,3208698595800
2,3209396740000
3,3210560662200
3,3211779809200
4,3212509524600
3,3214362696300
4,3215416079800
4,3216123660300
3,3219484507900
3,3219714433400
4,3220120792100
4,3220951817300
1,3221080712000
1,3221393503200
3,3223323432900
3,3225097994100
1,3225972627600
2,3227430004200
1,3227911809400
2,3228932012500
1,3230920174300
1,3231281235000
1,3233248116400
1,3233275658800
2,3234019660300
4,3235157006000
1,3235399840500
4,3235686256200
1,3236687246600
3,3241766707300
1,3244546825500
4,3244602192900
1,3246513316500
1,3248137818200
1,3248710208100
4,3251528005300
2,3253337466000
4,3253402150500
1,3255142859700
4,3256820065000
3,3259646855900
2,3260733486500
4,3261599083500
4,3263701373300
1,3264201639300
3,3264359411600
3,3266267029900
4,3267532778200
2,3268241296800
3,3268370762600
1,3271137775400
4,3272891458300
4,3273549866300
4,3273550141500
2,3275277676600
3,3276814448900
3,3279264504500
1,3279587815500
4,3282611831100
1,3282742499900
2,3283281337500
3,3283435372000
2,3283781610500
1,3286805547100
1,3286805568200
1,3286805604500
4,3286982859400
4,3287989348800
1,3289860145200
1,3290000188900
3,3291308585800
3,3291875347400
2,3292575292600
4,3293508617500
3,3293700747000
3,3295603942700
2,3295824586800
2,3297867557600
1,3300239402200
2,3300849461900
3,3300916112100
1,3300924503800
4,3304768137500
2,3305079020900
4,3305422275900
3,3309395024400
1,3310268688400
1,3314064996600
2,3314534249800
1,3315173953700
1,3320408785600
1,3320695963600
1,3320696085400
1,3320696173700
3,3321425303500
1,3321522454200
2,3321604044800
3,3321757373400
4,3322533729000
3,3322685264500
4,3322916748100
1,3329586034900
1,3330912379000
2,3332907063500
3,3333371314200
1,3335151041900
4,3337025563100
4,3337702895600
3,3338293595000
1,3339134719600
1,3339458759900
2,3341677026500
3,3342151484100
1,3342335650600
1,3343910921700
3,3345091827600
1,3345823721300
3,3346730536900
4,3348096626200
1,3349234914300
2,3350725494100
1,3352388471700
1,3353890966700
4,3354149977500
4,3354440353200
3,3356469196300
2,3356712195400
4,3356776960200
3,3358098906200
3,3360065313600
3,3360129637200
2,3360369121300
2,3361296915400
3,3362650930800
2,3364276270700
2,3365166790000
3,3365803877900
1,3367798306900
2,3368073550800
4,3370135054400
4,3372350828400
1,3373930678300
2,3376004191800
3,3376725331700
4,3377473376100
4,3378137777200
4,3379892517200
2,3380138405000
1,3384879513200
1,3386074872700
3,3389069390800
2,3390522760100
1,3393448733600
4,3394427895200
1,3394877254100
3,3397388288700
2,3397881862600
4,3398742676400
4,3400984457200
2,3403833935700
3,3404218062000
4,3409136723600
1,3411607068500
2,3411840506600
3,3413141325700
3,3418581625200
1,3418803532900
4,3419748323500
3,3419967886000
2,3421560290600
1,3421560317300
4,3425002161900
4,3425908525700
3,3426845907300
1,3427083657400
1,3427083701700
3,3428268956000
3,3434553690700
2,3442332025800
4,3443200665500
2,3443628833400
3,3444012287200
4,3444437413300
3,3448294328000
1,3448433340900
3,3449175785800
1,3449714109400
2,3452480260300
4,3453640210200
1,3453799816700
4,3454980149000
2,3455529135000
1,3458155974200
1,3458539443900
3,3458857018600
4,3459803768200
3,3461469881100
2,3462365950300
4,3463171129800
4,3463845598000
2,3466200166200
3,3466830591500
1,3467074633000
3,3468741162600
4,3469583302900
3,3469966473500
1,3471299830000
2,3475177239300
1,3475753742800
1,3475877384200
2,3477709646600
1,3480034986800
1,3480778818600
3,3482589680900
1,3482672391600
1,3483113350300
2,3484217358500
1,3484313025500
3,3484775136800
3,3488721873000
2,3488819492400
1,3494333570000
4,3495484816400
2,3497017313700
2,3498417212800
4,3499352271800
1,3499700489100
4,3504884725500
3,3504894997200
2,3506115818300
3,3507663297100
3,3508075506800
2,3511535950100
4,3513696333600
4,3515697541500
2,3515768560000
3,3518029902300
4,3519608578600
1,3522226067100
2,3525506660700
1,3525886540300
4,3527047388100
4,3527406368500
3,3527974445900
3,3530243345700
1,3532880338500
3,3535443205400
4,3535985568600
4,3536803299500
1,3538444320700
3,3538942872200
1,3538984064800
1,3540044143600
4,3541174627200
4,3542052613800
1,3542633732100
1,3542883360500
4,3543433293100
4,3544192005200
3,3546541086000
4,3549548282800
1,3552984878500
2,3553508677600
4,3553773246800
3,3555196468200
3,3556884949100
1,3558355797800
1,3558635461600
3,3560219493600
3,3560758065000
2,3560887116900
3,3562199111600
3,3562702572300
3,3563400142200
1,3564442076000
2,3564494431800
1,3565758392900
2,3565892813700
2,3566408324700
1,3569324418900
4,3572582250700
4,3572862707300
4,3572945547400
3,3573041731100
3,3574448893400
4,3575306613300
2,3575820477700
4,3576315364500
3,3576704878000
2,3577610524800
2,3581182761100
3,3581905740200
3,3581973964300
2,3583058520600
1,3584567291100
1,3584567295900
1,3588711797900
1,3590828093300
3,3592253350700
1,3593748183600
1,3594228555500
2,3594589127700
1,3595423429800
3,3595473500400
3,3597535367600
1,3598852042100
2,3599382389400
1,3600861750000
1,3601408768600
3,3601663442600
4,3604378252300
4,3605088136200
4,3605790491800
2,3606278452600
3,3607380915500
4,3608810638900
1,3609075457600
4,3611218845600
2,3611432334000
3,3614532005100
4,3617137817100
4,3620342216300
2,3621117889200
2,3621560931100
1,3622286113900
2,3624055653300
4,3625613152700
1,3626051037800
4,3627516053400
1,3627869920200
3,3629865111500
3,3630184274000
4,3631671255200
1,3632688557700
2,3633561152500
3,3635157841700
3,3636478722900
2,3636894582100
2,3637108111100
1,3638019483800
4,3639770607800
2,3639770620200
3,3639975847500
4,3641185868600
1,3641376321300
3,3641753280300
4,3644879591300
1,3647721453500
1,3648171615100
2,3650222736500
3,3650258756400
4,3651205333400
3,3652163300500
2,3654323320100
3,3654871325200
4,3657200821000
3,3659319080500
3,3664313189700
3,3664564173800
4,3667489802600
4,3668719126400
1,3671699221600
3,3672223472100
3,3674063599300
1,3677101733200
4,3677371026000
4,3678804389600
4,3678992477800
3,3680913049000
2,3681182753100
3,3681623657100
1,3682105698400
4,3682763011200
1,3682972748100
3,3683587756400
3,3684834471500
4,3685548596300
2,3685973149500
3,3686926342900
2,3687291992600
3,3687577519500
3,3690982971800
2,3691789863500
2,3691821006000
4,3692528420200
2,3694903358900
1,3696297227600
2,3696515584400
2,3697441380100
4,3697594754000
4,3698083357200
1,3698477271200
3,3698807336600
4,3700734515600
4,3701584368300
2,3704074967100
2,3704289360000
1,3706050566100
2,3707078824100
2,3709444462600
2,3710778575300
3,3712852851200
4,3714988717300
2,3717032518200
2,3717393730600
1,3720450623700
1,3721321001000
2,3721661940700
3,3722336985400
4,3722786235600
2,3723268506100
2,3723590169200
2,3727813054200
1,3729514301100
2,3730993107000
3,3731624296000
3,3733613118600
3,3733987019800
1,3734492197500
2,3735922752000
2,3739610931600
4,3740911038400
2,3741784815000
2,3742279784300
2,3742610430500
4,3743305885900
1,3743712729200
4,3743904268500
4,3744415934300
4,3744732981600
4,3746317900900
2,3746652553900
4,3746653110500
2,3750104380100
2,3750244847000
2,3750245294600
3,3750245497300
4,3752879147800
4,3753007979200
1,3753162446400
2,3753366433800
3,3754507609000
1,3754991329300
1,3757453681100
1,3757767496300
1,3762864741800
4,3763914413200
1,3765541508300
2,3767160843300
2,3769817152500
3,3771296502100
3,3773739392600
4,3773872493000
4,3775168003500
2,3780234213900
4,3781145203800
2,3781702901000
4,3782861651500
4,3783034593900
1,3783376025100
2,3783404096800
1,3785169029400
4,3786565617900
3,3787673283100
4,3788038589600
3,3788911136700
2,3789822849700
2,3789964290500
4,3792343547800
4,3795150302600
2,3796581073900
3,3796802668500
3,3797170786300
4,3797194968900
2,3797487250000
4,3798637670100
1,3798637928700
3,3801320193300
2,3802129246000
3,3802366333300
4,3803672304600
4,3803876133300
4,3803876231300
1,3806849828800
1,3807464646600
3,3811509784900
3,3813523544600
3,3834233840200
4,3834506385100
1,3836194757000
3,3836982748300
2,3837623050400
4,3838258760600
1,3839143629800
2,3839613949700
4,3840691624100
2,3844436143000
3,3847646113800
3,3848560273900
3,3848576321900
4,3851640528700
1,3851670141100
3,3851670265000
3,3852296515000
4,3852296784300
2,3852765096000
1,3855088783000
2,3855340539200
1,3856963557800
4,3857636729300
1,3858131733000
4,3858674700200
1,3862829555300
4,3868914863700
1,3870434324200
3,3871599321100
1,3871646290800
1,3872681528000
1,3875478112800
1,3875624076100
4,3875961566000
3,3876141365800
2,3878379810700
4,3879330677000
4,3880844998000
4,3884365450800
1,3885803788000
1,3886614416400
4,3886708122500
1,3889820418000
4,3889827376700
1,3890364099200
1,3891092996600
1,3891706651600
2,3895347826300
1,3897100674700
2,3897235511000
1,3897499251300
2,3900178687300
1,3900444395200
4,3900771775300
3,3901180331500
3,3902712976900
2,3903325196500
3,3904027272900
3,3905804177500
1,3906413416200
1,3908591675600
4,3909866743500
2,3909931178800
2,3909997969400
4,3910822199300
3,3912105962000
4,3913441546200
1,3914518712000
3,3915258619600
3,3916794091200
2,3916968057600
4,3917019221600
1,3922008724500
2,3922858419600
1,3922878744300
3,3923825108500
4,3926181132300
4,3926855526900
3,3927339824500
2,3928691296300
4,3929482372000
2,3930237347200
2,3932543605200
3,3934160821400
3,3936459981300
4,3937506676800
1,3940310428900
2,3943657566600
4,3944181955000
4,3945970587400
1,3945970749200
4,3945970761900
3,3945970844400
4,3947155218300
4,3948437196600
1,3950452229700
2,3953572469200
3,3956639217500
4,3957253399400
1,3957554308100
2,3958657148200
1,3962436769600
1,3963831455200
3,3966923903200
4,3967508948100
4,3967914743100
3,3972176104400
2,3972767163400
2,3973812131000
3,3974280493300
1,3974543572000
4,3974881043200
1,3975506416400
3,3975856887500
2,3976381991200
1,3977078608500
2,3978828606500
4,3979165080900
1,3982013302600
3,3985058226000
2,3985953503400
4,3986506796500
2,3989346126100
1,3989390355200
2,3989953834200
3,3990416975500
1,3990964520400
1,3990964534700
3,3992848925000
3,3994155658400
3,3994155663600
3,3998290409200
1,4000769522500
2,4001861964500
4,4007037687400
4,4007144508200
4,4008252335200
4,4010170969800
4,4011323425500
3,4013634644100
1,4013991316100
1,4015676243700
2,4016271768600
4,4016794808100
2,4018584532900
1,4020366773900
1,4020941881600
3,4022900192300
1,4025224300700
2,4025442171700
2,4025950464800
4,4027048315500
2,4029608066100
4,4034271127800
2,4034387698700
4,4036360485200
3,4038818620400
4,4038984286200
3,4039045479500
4,4039045726300
3,4039473982700
2,4040447470100
2,4044429550500
3,4045167391600
1,4047442629400
1,4053831830000
4,4053911212500
4,4058523120700
1,4058874078000
1,4059970204700
3,4060782542600
3,4063010677700
1,4063676261700
1,4065897348000
3,4066437808200
3,4068173678500
2,4068210895500
3,4071345301600
2,4075041392000
4,4075984783000
2,4078064260600
4,4079629620900
1,4079730680200
2,4080976917600
4,4082095930300
1,4082869760700
2,4082955018200
1,4084567705900
3,4086840396300
1,4088310163000
4,4089250721700
2,4090456860200
4,4090791776100
4,4090901408400
2,4090907478900
2,4092178881700
2,4093485027900
1,4093719363200
2,4096642252300
4,4099349893100
4,4099751572700
3,4100222150500
4,4105929608900
1,4105980168200
4,4107774970400
2,4113019494600
2,4113374515500
1,4113735089700
3,4114192921600
2,4119202576100
4,4122761463500
3,4122953623300
1,4123509423300
1,4125897107000
2,4127032043200
2,4127559677800
1,4129889998000
1,4132096995600
3,4132097002700
2,4132863479300
3,4135028438800
2,4135668027300
4,4136662139600
4,4136731462700
1,4137038691200
3,4138772432700
3,4139989352800
1,4141276531000
4,4141520843000
1,4142038519500
1,4143969723500
4,4146489867100
2,4147964543000
2,4148203254500
2,4148785453200
2,4150445934600
1,4152385395000
2,4156136974100
1,4157160439000
1,4159131869500
2,4160431386300
4,4160435666200
1,4160770772200
3,4161336943900
1,4162521266600
3,4163505747700
3,4163868081100
3,4164375653500
4,4166560002000
4,4168656187600
1,4171355534800
2,4173558177700
4,4178558714600
3,4180759325500
1,4181242053700
4,4181784822800
3,4183225942500
3,4184383360700
2,4189252780400
4,4189848022500
1,4190586058000
3,4190850716600
3,4191081932200
2,4191384216300
2,4192022413900
2,4192430334100
3,4192549970800
3,4192879484200
2,4193819548800
1,4193877368000
2,4195235384000
3,4196030013900
4,4196370901600
3,4197241394700
1,4198579446600
2,4198734304100
1,4200843028500
1,4202052121900
2,4204106103100
1,4204347669800
1,4204347855900
3,4206933640700
3,4211769914300
4,4213883250100
3,4214542709600
3,4220924362000
1,4221415038600
1,4221791354700
1,4222041107300
3,4222041347500
3,4223672293100
3,4223732830100
3,4223802344000
2,4228200183200
4,4228878838300
4,4229097784500
4,4231251588900
4,4232409455300
3,4232409691100
3,4233688043600
2,4234513044500
4,4234578883400
1,4234923741400
1,4235821661000
4,4236480683500
4,4237499685800
4,4238284537600
4,4239217278800
4,4239575223200
1,4240859583300
4,4240990278000
1,4243125038400
2,4246311494400
2,4247259909500
4,4247828182300
1,4248489100200
1,4248958858500
1,4250016522500
2,4253260867500
3,4254568736300
1,4254615646200
3,4255878741800
3,4259043468900
3,4259280398600
3,4260050371900
1,4260138033900
4,4261149141700
2,4261539813400
2,4262102524300
1,4263639479200
4,4264424010400
2,4267701149100
2,4268565516300
2,4269707338300
3,4272276467200
1,4272446437300
2,4276883824600
4,4278375935900
2,4278759840900
2,4279947979700
2,4283278576900
3,4285435504100
1,4285435999500
2,4285928467700
3,4287185549400
1,4287200345300
3,4288702750600
2,4291024517200
3,4292318518400
2,4297355503400
4,4297705118300
2,4298246541000
4,4299527466400
4,4300434905000
1,4300710255300
1,4301781444600
1,4304758444800
2,4305416654700
3,4305865052700
2,4307733523100
2,4307905396100
3,4308671273000
4,4309980599300
4,4310415576400
2,4310620258400
1,4310992536300
1,4312046665600
1,4313006626200
2,4313024807400
2,4315228450600
3,4316757241900
1,4317131043500
1,4317654017000
1,4319302594400
2,4322617922000
3,4323838760200
3,4325360250400
1,4326624355800
1,4326627128100
4,4328558638200
2,4329808558700
1,4330078617300
1,4330422727900
1,4335341995600
1,4337001478800
1,4339363544500
1,4339729182600
4,4342003949500
4,4342240127000
1,4342293818700
1,4343283553600
3,4344308148800
4,4345415790000
1,4345601208300
4,4346315471000
1,4348560719400
3,4348739338000
2,4348975151800
2,4351313630100
1,4353437630100
2,4354208377100
2,4355671822200
4,4356061745700
4,4359813430900
4,4361620155300
3,4363708371500
3,4365790607100
2,4366516765400
1,4367011420500
1,4367763554000
2,4368678859100
3,4369672583500
3,4372837461800
2,4372837911500
4,4377150846900
1,4378560449400
2,4380957244000
1,4382303699800
2,4384305796900
3,4384489868900
3,4385078940600
3,4385690996900
4,4387315338400
3,4387913236700
3,4390991340300
1,4391022295000
1,4392305326700
1,4392685926700
2,4394024552700
4,4394718511700
4,4395560046900
2,4398983718700
4,4402124950200
4,4406763709400
1,4407898491900
3,4412310897200
4,4412311142300
4,4412751411000
2,4412795078600
4,4415646760000
1,4416528233200
1,4416872759200
1,4417603863900
1,4417777106100
1,4419655670500
3,4419715130900
1,4420567119900
1,4422996880600
2,4423727809700
3,4423852894000
3,4424383075300
1,4427034331900
3,4430341070700
4,4430420207800
2,4433311110500
3,4433362193000
1,4433865703500
1,4435466787400
2,4438632425700
2,4438658999000
1,4440068459000
4,4440614311700
3,4440636455900
1,4444246220700
1,4444336220600
4,4444391388900
3,4445362992000
4,4447424567700
1,4447638268600
4,4451437436400
3,4452369777400
1,4453362341700
1,4453746742200
3,4453881553300
1,4453981255100
3,4454818017200
3,4455585510300
4,4458447842900
1,4458453323700
1,4459807897800
4,4460023968300
2,4461893566000
1,4462268771100
1,4462268887500
2,4463407709300
3,4464373719400
1,4465108293900
2,4466937675300
1,4471102801800
3,4471506776100
1,4471748274400
3,4473049134500
4,4475649616400
2,4475661478200
3,4475662095500
3,4475812666200
3,4477056244900
3,4477096780100
1,4478513273100
1,4479955505700
4,4481723514200
1,4482796313600
1,4482906817400
3,4485473857700
4,4486798039000
2,4486861345100
4,4487533933400
3,4488908015800
3,4489667607500
4,4492286406000
2,4492494244100
1,4492822720500
3,4494796367200
3,4496380178400
3,4497172093000
1,4498369375700
4,4499854266300
4,4502724706900
2,4503325220200
1,4503622612700
1,4506009631300
4,4506805307300
3,4506892820100
1,4509543522600
2,4510754670900
1,4510846450300
4,4511137915500
1,4513083160800
4,4514133664600
2,4515846312600
1,4516677889100
4,4520248334000
2,4520815534100
1,4520816863300
1,4521100093400
3,4522034831300
3,4522524570500
2,4522605566000
3,4527377713400
3,4529039008000
4,4530148246300
4,4535968896200
2,4541691163200
3,4542425322700
4,4542885127800
3,4543218149000
1,4543218194800
4,4543517300700
2,4544289680400
1,4545292645600
2,4546587718900
1,4548422553000
1,4548422558900
2,4550745997800
1,4552068857500
3,4552253851500
3,4553156221000
3,4555550633300
2,4557218222700
3,4557815472700
3,4558503821300
1,4559722550400
1,4560748801300
4,4561255825700
4,4561828777400
4,4562083721000
3,4563444947300
1,4563606093400
2,4564478289700
2,4565500651600
3,4573058123600
3,4573573791200
2,4573960263300
4,4574787678600
4,4574787777400
2,4577171694200
1,4577398855200
4,4580125156600
3,4581184369000
3,4583295135800
4,4583666109000
2,4583822688800
3,4584218305500
3,4586219622700
4,4586822586800
3,4587924257400
3,4588417810300
1,4590950950300
1,4593205135300
1,4601471093700
4,4601591411800
1,4601646996400
3,4602268627600
2,4602390103100
1,4606026946900
4,4606414285000
4,4606997395000
2,4608166838300
1,4610250947600
4,4610263295900
1,4613515634600
4,4614447125600
1,4615499895800
1,4617373365400
3,4617654516900
2,4617734287300
3,4619662572500
2,4620231528700
2,4624784763500
3,4625815665100
3,4626116847600
4,4626456018900
3,4630331180000
4,4631384926400
3,4631406415100
1,4631751383000
3,4631801633300
1,4632430216500
4,4633050633200
2,4634251099100
1,4635958391100
1,4635958610700
3,4638759028700
2,4638860724900
3,4640669093700
2,4641237505000
2,4642228374000
3,4642499178100
2,4644359751900
1,4645370806600
3,4649131214200
2,4652140343300
1,4652763428000
3,4652916047900
1,4653571670700
4,4656044273700
4,4656341107100
3,4656771208300
4,4657624489700
4,4657625604100
4,4658718652000
1,4660258202500
2,4661185589300
2,4663915611600
1,4664355729100
3,4664664372900
2,4664725971700
1,4667555806400
2,4669923261000
1,4669923450300
1,4672814915600
3,4674547308900
3,4674719967000
1,4675611889100
2,4685353446900
2,4686599995400
2,4688790366900
1,4689436598600
1,4689494249500
3,4691283264600
4,4693427623100
4,4694676207600
3,4695619617800
2,4696440107100
2,4699460722400
4,4700524686900
4,4700738961800
4,4701523850200
2,4703814236200
4,4707473180600
2,4707762811300
1,4707989851700
3,4713622650400
2,4714728400200
2,4715110283200
3,4715110369200
1,4717615967800
2,4717986272800
1,4718418603800
1,4718788381600
2,4720637384300
1,4721046103600
3,4722872843300
3,4723383394900
2,4724266815600
3,4724519715800
1,4725590835100
3,4726503541800
4,4728699468200
4,4730980954100
2,4731338833000
1,4732063482000
1,4732402607000
1,4733276985200
3,4733284836800
1,4733284861600
3,4738207030400
4,4739098945000
3,4739220975500
2,4740774513500
3,4741097258300
4,4741097382200
3,4741846597800
3,4742345272800
4,4742800818900
4,4746592041800
3,4747686442700
1,4749284062600
2,4751665202600
4,4753315391100
2,4755432536200
3,4757041239500
1,4757064565500
2,4757567623300
4,4759261975200
1,4759933236000
2,4764555847700
2,4766012464500
1,4766710700800
1,4768693023900
4,4769382357800
1,4771758792100
1,4776192822500
2,4776523298700
4,4776777677800
1,4777393119700
4,4778033467400
2,4778754969500
3,4780424018400
2,4781188983800
4,4782009892800
4,4783115544700
4,4784491256100
2,4785699771800
4,4788433976800
3,4788831948800
1,4791298236300
4,4791957167800
1,4795061676000
3,4796488311800
2,4797718336400
2,4798569895900
4,4799037441500
2,4801531558000
2,4803056053500
3,4803095438700
2,4806171647000
2,4806273378700
4,4806624926300
1,4808481128300
1,4808727490800
2,4809718521100
2,4810132897800
2,4813684901000
2,4814667280200
1,4815503010200
3,4816303974100
2,4817324959700
4,4818040450500
3,4820961253400
3,4824323002700
4,4824392292200
2,4826326160300
3,4827324249600
2,4827996217900
4,4831985956200
3,4833669126800
1,4834426898600
1,4834971131700
2,4835707073500
3,4837505310400
3,4841127615900
3,4842353648600
3,4842644158300
4,4842705311600
3,4843731527500
3,4844958595500
2,4845156964900
2,4846313072000
3,4847412388800
2,4849273711600
4,4849895534800
2,4851819923700
2,4853759066600
3,4855976757000
4,4856635465000
3,4860563682300
3,4862696897600
1,4864777358000
1,4865638694000
4,4865677876800
3,4866329632300
4,4867613322800
4,4869558701500
1,4871807672700
4,4873442522200
4,4873896429100
1,4873955494200
2,4876887605900
4,4877812655500
2,4878280146700
2,4878952151900
3,4880278878100
3,4882749030400
2,4883126160900
1,4886099055800
1,4887220744600
2,4887421665400
2,4887845325000
1,4889367084400
2,4889586980700
4,4894440887900
4,4895839159100
4,4897553228000
2,4897639426800
3,4900667973400
2,4900725598100
1,4900940578300
1,4901693057000
2,4902324043900
3,4902945938700
4,4904015133100
2,4904062072600
3,4904957409200
4,4906989867100
2,4912315524800
1,4912979803700
2,4914702806600
2,4917785439500
4,4919438463400
1,4921996317100
4,4925660182800
1,4926634733600
2,4929203480200
3,4931080777300
4,4931081027100
2,4931608188100
2,4932002940400
1,4932509772200
1,4933776658600
1,4935210490000
2,4937720777600
2,4939520985900
3,4939881081200
2,4941874321700
2,4942615960800
2,4943064727400
3,4944956866000
3,4945605510100
4,4946088068700
4,4946124954700
4,4948987179500
2,4949210675700
3,4949902699500
2,4950380793700
2,4953248708200
4,4953863945900
3,4955403976200
4,4957351392600
1,4957725040000
4,4958073562700
4,4960204202200
2,4961527855200
1,4964148753400
1,4965517109300
2,4967588015000
3,4967982826300
2,4968928886100
3,4970288124600
3,4970790962500
2,4972494251100
4,4973977872200
2,4974436829500
1,4977071583600
3,4977071813000
4,4979640232300
2,4982436477600
2,4986272024200
1,4987879207900
4,4989313806000
3,4990234090900
3,4990638941800
4,4991246246300
2,4997013953700
3,5004089689700
4,5008751654600
1,5009253454900
2,5009992914100
3,5011224679400
2,5011807553200
3,5015404691600
3,5016899427400
2,5019555543400
3,5020194235000
3,5020967617400
2,5020967837100
4,5024869753200
4,5027454187300
1,5028813983200
4,5031220440700
2,5033435631900
4,5033934738600
4,5036700763300
2,5037476194100
3,5037753513400
2,5040517023400
4,5041302110500
2,5041519327100
2,5042035615100
2,5044236391000
1,5044668487000
3,5045029859500
2,5045327043200
4,5046076022100
4,5046954093800
3,5047888988900
1,5048927698100
4,5050928527100
4,5051483098000
3,5053957919100
2,5054692415700
1,5055430569200
3,5057619938900
1,5058107529200
3,5060007053600
4,5061634592700
4,5063835349500
4,5064093380600
4,5064618018000
2,5065736061200
3,5074226702400
2,5080958885500
2,5083358520700
2,5083485585400
3,5085494527900
3,5086069048300
3,5086376542000
2,5087111432900
1,5088086011400
1,5088086123800
4,5088591188100
3,5088620353600
1,5089643310900
2,5090336333700
2,5094672189900
3,5094743171000
3,5096314257100
3,5096536352600
4,5097504781900
1,5102845300500
3,5104210150000
4,5104629746900
2,5106291368100
4,5106372657000
2,5106939849000
3,5108088015000
4,5108798242800
1,5109051826300
2,5111076051800
3,5112715064800
2,5112941033100
1,5115456150300
2,5115873974400
3,5118906182400
4,5119383753400
3,5123282768000
1,5128207868100
1,5129296833800
1,5130599995800
3,5130901136900
4,5133568331900
3,5134329769500
2,5134646973700
2,5137573267500
1,5137719391900
3,5138222207100
2,5138911734300
2,5139107950900
4,5142145803200
1,5143967354000
3,5146125163500
4,5150875481500
3,5150915459900
3,5150974724700
4,5152210277100
1,5152695849600
1,5154257874700
2,5154258445800
1,5154759380200
4,5155539929100
2,5156435658200
3,5157840928300
3,5161100284900
2,5162099329300
1,5162870830600
4,5166429211300
1,5166839952500
3,5170747102200
3,5171217671000
4,5171435611400
1,5172288080100
1,5178067074500
4,5178117408800
4,5178507529200
3,5178653189000
3,5180070494100
1,5181532161300
4,5182271743700
4,5184679822800
3,5186231109000
1,5186623379400
3,5188086109000
2,5191186476100
4,5192810262800
4,5197525078700
4,5198745921200
4,5199640509900
4,5203951656700
3,5205785351700
4,5206810062600
3,5209233611300
1,5209711292900
2,5211814348300
3,5212434977700
4,5214916908700
3,5215265758800
4,5215441467700
2,5215579207300
4,5216178968100
4,5216179164600
1,5219090201200
1,5220163865200
2,5222165442300
3,5222878407900
1,5223303150300
4,5224571015900
2,5225845370900
2,5228277180100
1,5228678357400
1,5231514530800
1,5235785934600
3,5236240850000
2,5237848987300
4,5238393000500
3,5238568196500
3,5239936432100
4,5240036254700
1,5241576880100
3,5243589774400
2,5244275906400
1,5244926415600
2,5245433237300
3,5249798513000
1,5250939397400
3,5251323965500
1,5252409499200
1,5253599493900
1,5254213381000
3,5255609740700
3,5257764749100
2,5257889939000
2,5258018813100
2,5258019368600
4,5258240131900
3,5259704021200
2,5260022960000
1,5260491793700
2,5264230944400
1,5265826210500
2,5265978060900
4,5265980822500
1,5267513431800
4,5268878775600
2,5270084892400
1,5270642224500
4,5271296162800
1,5272912469300
2,5274423531000
1,5275337851500
2,5275978539600
4,5278315997300
2,5282627974600
3,5282797908400
2,5285547442900
4,5285816684500
4,5285992950400
1,5287460643100
2,5289090668400
3,5289254912300
4,5289309478200
1,5289464954100
4,5290761692700
3,5290862931200
2,5291605278800
4,5292388795600
3,5292485261600
1,5296297900500
1,5302460926100
2,5303197326100
3,5304350697500
4,5305149507400
1,5305183926700
4,5307350721900
2,5307454111700
3,5307841729000
1,5310408511000
2,5311102907300
3,5311991303100
1,5312601949500
4,5317920442900
1,5321740397600
2,5321989468400
4,5322598546200
3,5323346534000
1,5323550881600
2,5325439155200
2,5327034148900
4,5327278494400
2,5327657241000
1,5328214560300
3,5328519054800
3,5329480111900
2,5329803649000
3,5330673435400
1,5331534327800
4,5332595236400
4,5333819735200
1,5335390741600
1,5337628464500
2,5339490361200
2,5340495807700
3,5341317354800
1,5342830892400
4,5346762254400
2,5348087508400
4,5348282184900
1,5348360939100
1,5350397550500
3,5350467917100
1,5351437554900
2,5351533017100
4,5351598673700
2,5352530090300
4,5354762720700
1,5356673759500
3,5356777974900
2,5359230761700
4,5362487320100
2,5362682499300
4,5364566496500
4,5364691195700
2,5366237274500
2,5367391653000
1,5372275539500
1,5372939995700
1,5373132779500
3,5374027469400
2,5374409086900
4,5376331782400
3,5377924283700
1,5379636106200
1,5380003707600
4,5380076003200
3,5380853357200
2,5386569875200
2,5387914206400
2,5390189349600
1,5391610814500
2,5393768015600
3,5395454255600
3,5395573876900
1,5395849193700
2,5395879919300
3,5396680352700
4,5398238051200
2,5398569628300
4,5400269002200
3,5400647879200
3,5403488654800
1,5403673128300
1,5404493972900
2,5404529431500
3,5404932880400
2,5405746182400
2,5406403184600
1,5409371046000
4,5409575960400
2,5410830233200
1,5412754133100
4,5414385963500
4,5415623151900
1,5417407171200
2,5417878633200
1,5419014891200
2,5423859322700
1,5427253561900
3,5427986352700
4,5429976272900
2,5430995713800
3,5433596160400
2,5434631974900
1,5435096004800
1,5435101153700
1,5436062953700
4,5438706297000
4,5440549104400
2,5441016420800
3,5441692216200
2,5444426667300
1,5444883541900
3,5445065494300
3,5445073958900
2,5448169560600
2,5449083859800
1,5450966441500
2,5452457396000
2,5453071065100
1,5455032554700
1,5457303129600
4,5459954408400
4,5460166685700
2,5461925498300
1,5462685948600
4,5463203377200
2,5464773192200
3,5465057240300
2,5466844066000
1,5467466051100
2,5468305522700
1,5469009294100
2,5469656133700
4,5474267793600
4,5474757114600
1,5478353527100
3,5481330436800
1,5481431717600
2,5481442092300
2,5483247604000
2,5484051674500
4,5484481456300
1,5486204984600
1,5486556376000
2,5486763367400
2,5490707956100
4,5491818717000
3,5492248406500
3,5495382194200
4,5498138380800
1,5500005737200
4,5501035739800
4,5501776811300
4,5501776866400
1,5501877184000
2,5503266022600
4,5506479912700
4,5508137554500
1,5510464980800
4,5513373419100
2,5514730782600
4,5515844123300
3,5516313007100
1,5518274727300
1,5519497363500
1,5520125291100
4,5520791267000
4,5520902863500
1,5521212799700
4,5523201234900
4,5523824553700
3,5531317104800
2,5531967278600
2,5532581260400
2,5533188111700
4,5533393329500
3,5534811237800
1,5537146738300
4,5537147111800
4,5540576557200
4,5541901117400
1,5546832072500
2,5548887634000
3,5550234739700
3,5551171301300
1,5552131356100
1,5552278870900
1,5553405541800
3,5553405819500
1,5553825188300
4,5556314615000
2,5557104806100
1,5558239766200
4,5559993683300
4,5561833147900
3,5562402488700
3,5562422654700
4,5564073488500
4,5564193170900
3,5568395882800
2,5570474172600
1,5572076372700
1,5573069685300
4,5575473058200
3,5575804153900
2,5576763321600
1,5577350452200
3,5578256594100
3,5580500190500
2,5580873997700
3,5581573658400
4,5582799391900
2,5583768159500
1,5585314432900
1,5586803508700
1,5587514384100
2,5588608560100
1,5589122758200
2,5589775231700
4,5593819608800
4,5595958842100
1,5596229686400
3,5596414405300
4,5596710595200
3,5597064226400
4,5598128049300
1,5598290252400
2,5599689533000
4,5599940845600
4,5602577217400
2,5603214780300
2,5605275462100
2,5605788909900
3,5606097287200
2,5610530101100
1,5610906263400
4,5613599888300
1,5613927652600
1,5614289921500
1,5614304946300
4,5614900407100
2,5615857450500
1,5616978626400
4,5618237366200
2,5620675100100
3,5621550261400
4,5621868114100
2,5623303524800
1,5625338067500
4,5629796598000
3,5629995549600
2,5629995560600
3,5631716599200
1,5631916052900
2,5632497218300
1,5633011808900
2,5635372968500
4,5636149480800
2,5638811226700
3,5643340759000
1,5647625594400
3,5647746870700
2,5650769189600
2,5653877801700
4,5654210898900
1,5655518259500
3,5655518509000
3,5655814120100
3,5656280625900
2,5657387866200
2,5658758541000
2,5660230015100
3,5661688861000
2,5663080858700
4,5663647719900
1,5667701407400
2,5667894378100
3,5668525763200
4,5669034244300
3,5672157335300
4,5672576091900
2,5673616813000
4,5674501319000
1,5675347524800
2,5675933000700
3,5676608881200
2,5676643261700
4,5677676458200
4,5678449072500
3,5678752248400
1,5679987113300
2,5680742125300
4,5681885701000
4,5682835554400
1,5683022312600
1,5683340928300
3,5683831485300
2,5685274621300
2,5687154521700
1,5687545948400
2,5687545966600
3,5689152540800
4,5689165620700
3,5690059020500
3,5690866161300
3,5691957321900
4,5692641865900
2,5693174948300
1,5695262048300
2,5695711137400
1,5696508047700
4,5696938284000
3,5697099908900
1,5700049331300
1,5700463614700
1,5701661921900
3,5702329297700
2,5703236965900
2,5703646754900
3,5706315109400
4,5710580166400
3,5711633668100
2,5711806643600
3,5712317280100
1,5712369054100
1,5712556039600
1,5714604824300
4,5716178402700
2,5716953603200
1,5717720292500
4,5719132151300
4,5721988701200
1,5722621379100
2,5723697119900
2,5725475671600
2,5725571227700
2,5726377570000
4,5727550745300
4,5727727120700
4,5727727446600
2,5730488791600
1,5731773821100
4,5732479627200
3,5732637144500
1,5736420648400
1,5737316081600
3,5737333005800
4,5739214455300
4,5739270552500
1,5740022545800
2,5741779876600
4,5744280331800
3,5745419147900
2,5745682963900
4,5747594893600
4,5748502153000
2,5749073090900
1,5752053643200
1,5752101311600
2,5753047893500
3,5754684681900
2,5754706856600
4,5755669324400
2,5757803052800
2,5760722032500
4,5761600612100
4,5762145277900
4,5762451288400
4,5764610538200
3,5764816575600
4,5765850298000
4,5766658498500
1,5767076062800
2,5768137119600
2,5768693145400
1,5770188811900
3,5770851748500
1,5771115209000
2,5773676418900
2,5773973453300
3,5776093938300
3,5777712821100
3,5779798916900
4,5782512043000
1,5782512337300
1,5783084206100
2,5784314258400
4,5785560297100
1,5787095267400
1,5788216410900
3,5789785660400
3,5789976232100
1,5790629260200
2,5790821310500
2,5791385932700
1,5794433761900
3,5795005141900
3,5795008076700
1,5795260134200
2,5798644809700
3,5798986770300
3,5799479506300
3,5801235156400
1,5802270200000
1,5803730275300
1,5804109382200
2,5805342054400
2,5807099354600
1,5809931378000
1,5811807386800
1,5811913078200
3,5812075270900
2,5813105464800
3,5814446788300
4,5814554426300
2,5815348687700
4,5815647309000
3,5816008892100
3,5819130158400
1,5819718310400
3,5820486485500
3,5820654792400
3,5821641927800
3,5822941389800
4,5824193179600
1,5827618394100
3,5827992276800
1,5828896623700
2,5829482486300
2,5829664277100
4,5830623510800
4,5831611262500
1,5831805920400
1,5832250639400
4,5832728067900
4,5834242121200
3,5834328451300
3,5835195885900
1,5836598492900
3,5836686327300
2,5836885663300
2,5839219368400
4,5841398615400
4,5841767023000
4,5843541260600
2,5847345408800
1,5848139380300
2,5848173224700
4,5850376883700
2,5855537419400
3,5855628186000
3,5856955230400
2,5856955523400
4,5859058375200
3,5859451124600
4,5860280004700
3,5866863271100
1,5867323794800
1,5869415899900
1,5873222875400
3,5874246701100
4,5875421165200
1,5876420909000
2,5876938981700
1,5878812373900
3,5882970511500
2,5884894401800
1,5886057670000
4,5886746338600
2,5887554452900
4,5887921185800
4,5888584871900
1,5889175977500
2,5889176229800
3,5889176289200
3,5890514181500
2,5891627577900
2,5892182303100
4,5892703416900
4,5892730787900
3,5895389561100
1,5896491746600
3,5897372171900
2,5898189795200
1,5899725557400
1,5900172331300
2,5901415467700
3,5901664490600
4,5903184982800
3,5905722491400
3,5908344318800
4,5909012971000
2,5912439592800
1,5913578608000
4,5916743002500
2,5917545327100
2,5917596848900
4,5921639066800
3,5922482168200
4,5926764269400
4,5928230301600
3,5928343415600
4,5930451904200
4,5932236591800
1,5933032521800
1,5935506067300
2,5936074607700
2,5938131862200
3,5941190148800
3,5941524476500
1,5944086586000
1,5945909981800
1,5946765593300
1,5946874397700
2,5949456924300
2,5949607762200
2,5949705990400
1,5949727581000
1,5953172258900
1,5954942157000
2,5954969552400
3,5956486849900
1,5956690033100
3,5957749987600
1,5960816726700
4,5960955319300
3,5961802788000
4,5964815855500
2,5965941232700
4,5970043537300
3,5970119746100
3,5971748835100
3,5972138383000
1,5973542345200
1,5974351932100
4,5978394235800
1,5978911897900
3,5980016587900
1,5982407490100
3,5983168232900
4,5983173403200
2,5984346338600
2,5984346599100
1,5984617810800
4,5985126974900
1,5985467735100
2,5986674225100
1,5988082879300
1,5988613532400
2,5988792243100
3,5990220655600
3,5990220665900
3,5990552115300
3,6001952541000
2,6003111459800
1,6003111863800
2,6003797151900
1,6006566472000
4,6012271316900
4,6012325921600
4,6012325933200
4,6014319831100
4,6014556706200
3,6016645535300
3,6021801968500
4,6022074479200
1,6022226624200
2,6024328602300
4,6024328639300
1,6024408538400
3,6025765573400
3,6028258819600
1,6028270908100
3,6029010725900
2,6029480468000
4,6030357865200
2,6030419413900
4,6030786469800
2,6032024065200
3,6032361984200
1,6034669772800
3,6035061718400
3,6035338893300
1,6037544106000
3,6038715154000
4,6045916971700
3,6048653423100
2,6050628456600
3,6052593745100
1,6052932723400
2,6053059509300
4,6054823325000
1,6055449017800
2,6057528239600
2,6058740936700
3,6062972348900
1,6065514127600
1,6065852800100
1,6065864712700
4,6067450443900
1,6068665812000
4,6069952599700
4,6070530510600
3,6072088873000
2,6072347363600
4,6072425321200
2,6072873944300
3,6073663797200
2,6074126909600
4,6074743076200
3,6075852317500
2,6075948954300
1,6077324080400
1,6077748762600
3,6078003541100
2,6080560671500
4,6081872182600
1,6083016865300
1,6084345210000
4,6084920311800
1,6086531513900
4,6088058971200
1,6091704631100
3,6092376760400
4,6093988614400
4,6094841422000
2,6095086876700
3,6095287010500
2,6098889599000
3,6099894857800
4,6100052455600
2,6100854796100
1,6102624024800
3,6102925640200
3,6106071813300
2,6107324757200
4,6107421998900
4,6107422012300
1,6107490974500
2,6107664054400
3,6108064157400
2,6110127082300
1,6110606195400
3,6110857134500
4,6116362341300
1,6117723627800
1,6117892357800
2,6119081293500
4,6119896400600
3,6121366031700
1,6122440700000
4,6125110565700
1,6126052739900
2,6126124769600
2,6127014294400
1,6127156120100
4,6127869099500
4,6129462679300
2,6133480706900
3,6134449636000
4,6134477256100
1,6135056622300
4,6135587666200
1,6135970892200
3,6136951451800
1,6137313523100
2,6138185394100
1,6139576626600
2,6140506424700
4,6143483954300
2,6144344697800
2,6145263850300
3,6146877486700
3,6147270431600
1,6147678128000
2,6150514020500
4,6151837352900
4,6153192262600
1,6154273242100
1,6154697328800
3,6154747882300
1,6155597974100
4,6156879265200
3,6156979833000
2,6157338098000
1,6158152144600
2,6158683148100
3,6158683250900
2,6159389011000
1,6160198902800
2,6161887079500
3,6162207825800
3,6164657740800
4,6165283737000
2,6168262112600
1,6171980681000
3,6172723640100
1,6176094599100
4,6176098425000
3,6176311886600
4,6176684807400
3,6178160230400
2,6182350960700
2,6182958174800
3,6183876947300
2,6184205877700
3,6186947209100
2,6187032238000
1,6187537080500
1,6188683118200
2,6189102287300
1,6193654422300
1,6193825578700
3,6194063346700
4,6196417282700
2,6198313778200
4,6201386501700
2,6201810415800
4,6202711705400
1,6203199628400
1,6204209047000
3,6205959998100
2,6206050869400
1,6206817834400
1,6207002781500
4,6208528061300
3,6209548836100
1,6209692796000
2,6210522037400
3,6213262547800
2,6214221702000
1,6216112674900
2,6216843656200
3,6217055252400
4,6217548346000
3,6217815411200
1,6217881236300
3,6219900199400
2,6221167657000
3,6222341353500
3,6228546985900
3,6229308041200
1,6229409823000
4,6230898098200
3,6231146994800
3,6234328232000
1,6235783118500
2,6236994428000
1,6238040859100
1,6238280711200
4,6238599181300
2,6239897111700
4,6240062053300
2,6240398701600
4,6241127930200
4,6244545073000
2,6244897507100
2,6245991948200
1,6246050203500
1,6246935104500
1,6247019327700
4,6247176714900
4,6249741906700
2,6249851609900
1,6250840106000
3,6251216339800
2,6254252639400
4,6256936196900
3,6257084384600
2,6257322621600
2,6260527415400
2,6263303895400
4,6263473442000
1,6263691886700
4,6264476081400
1,6265776842700
2,6267556535100
1,6269072330000
2,6270420726200
2,6272309611300
1,6275139816300
4,6276768936700
2,6277037477900
4,6278016734600
1,6279248915000
1,6279507821300
1,6281773331200
3,6281922272400
2,6282850229700
1,6287283075000
3,6288421035200
4,6291381297300
1,6292258067700
3,6294714160100
1,6295167921200
1,6295167984600
3,6296005316500
1,6296247448700
3,6302570014100
3,6302611336900
1,6303356839100
1,6304489930500
3,6310313214700
2,6311968337500
1,6312041387700
4,6312058371900
4,6312440737000
1,6314708951200
2,6317477973300
2,6319525642100
4,6320057826500
2,6321975437100
3,6323751683700
1,6324081879000
3,6324876913500
2,6326262456900
3,6327306267900
2,6328231205700
4,6328668612300
1,6330830283600
4,6334074016100
4,6335014980500
1,6336252114200
4,6338948955300
3,6339074929500
3,6340272523600
1,6345085043900
3,6347050335700
3,6348790087500
3,6352990685300
3,6353569902300
3,6355086453000
2,6355938012700
3,6356289025500
1,6359749111900
2,6359868691300
3,6360558093800
4,6361643093400
3,6367073280400
2,6368613813100
3,6370783187000
4,6373334661300
2,6374484665900
3,6376986488100
1,6379796816800
3,6380193705600
4,6382874435500
1,6384503692400
3,6384770277900
1,6386497675400
1,6387369009600
4,6388158306500
3,6390685164500
1,6391195422400
2,6397038744400
2,6397441546600
1,6397646635500
2,6397879904800
2,6400093506900
1,6400783988900
2,6401223662400
2,6402329500900
3,6402659445600
3,6402924170200
1,6404222176000
1,6405015316600
3,6407106405400
4,6407290051200
1,6407729230400
4,6409275483200
1,6410606481800
2,6410964813800
3,6416166002100
1,6418875017300
4,6420327108600
1,6420872842600
2,6421123015400
2,6421305049100
2,6421354068500
2,6421429297300
4,6423433473100
3,6425760820600
4,6427334906600
3,6429577800300
3,6430568698800
1,6432479106200
3,6432848919200
4,6433630932300
2,6434935333100
1,6435732519200
4,6435928421300
2,6438036825700
3,6439291783900
3,6439562653800
4,6439995877800
4,6442089371900
3,6442185320400
3,6442613353600
1,6442874283600
4,6444624559700
3,6444722821100
2,6445160425400
2,6447094925100
1,6447301328300
2,6447835833900
2,6448527458900
1,6452688967000
3,6452746254200
4,6454027917700
1,6455964745100
3,6456445292600
1,6458370860100
4,6458544581800
1,6459301014300
4,6461008270800
2,6462086658800
3,6464078800300
2,6466276873900
3,6466574967200
3,6466781689800
1,6468131426100
1,6469408997000
4,6469557899700
1,6471287837600
4,6472307759200
4,6476866497500
1,6476900798700
2,6477579203100
2,6479446355200
3,6479824943200
3,6480159395400
4,6482411636900
3,6482453115000
4,6485988374700
1,6486744365900
2,6487200667600
1,6488474146300
1,6488474378000
1,6490040912300
2,6490498263100
1,6491283060200
4,6495019798300
1,6495736782100
1,6495736841100
2,6496154789300
1,6497379509300
3,6498644427100
4,6499745304700
1,6501814513700
4,6503268304300
1,6504140248600
1,6504943472300
2,6505904385900
4,6506767252000
3,6507268271500
3,6507372477500
3,6507444918000
4,6510918901900
2,6511007882000
3,6511323657000
1,6511380350600
2,6511380517700
1,6511630198500
2,6511860631300
3,6512264789600
3,6513487445200
1,6515540038700
2,6515726978000
1,6516364574500
1,6517593023200
1,6521368581700
3,6522069993700
3,6522070117200
2,6523239039100
3,6523310118900
4,6523316120700
2,6524668515200
1,6526123865100
4,6528258763400
1,6530958291700
4,6531772981000
4,6532439554900
1,6535335110300
1,6538782415400
1,6539207279900
2,6541625822800
4,6544639846800
4,6544949640800
4,6545374851200
1,6547120529400
4,6549099639400
2,6549692228600
2,6550036212800
1,6556003752000
1,6556245313100
3,6556812549400
1,6557780371600
4,6558155593600
1,6562170649000
4,6564388565900
1,6564545359300
3,6566184139900
4,6567550663900
4,6567982259900
1,6569073262600
1,6569293765400
4,6571583119500
4,6573994818500
2,6574579678400
4,6575632881300
2,6576622301200
4,6578222377500
4,6578274371300
4,6579177775200
4,6579283436200
2,6583448559100
3,6583919867500
1,6584777574300
3,6587673666500
4,6590569272400
1,6590981888600
1,6591959774500
1,6593451456000
1,6594035612900
3,6594751052000
1,6594858700900
2,6597191418200
2,6600820520800
2,6602022774500
2,6602865914600
2,6603768675300
1,6604183192700
3,6604183717900
2,6606461172800
1,6606874728600
1,6607265972200
2,6608082821100
3,6610018337300
3,6610506536100
2,6611761107200
3,6612296555300
2,6614153553400
4,6616684590600
3,6616780327200
1,6617175326000
3,6617409253600
1,6617973969800
4,6620256726900
1,6620846435000
3,6621414299000
2,6622005009300
3,6623892629100
4,6627795372600
3,6630041384600
3,6631184755500
4,6632145021800
1,6636381231600
1,6638373717700
1,6638487838100
4,6638836460800
2,6639191167200
2,6641158965000
4,6647166832800
2,6649796871200
2,6650142444800
2,6650418185800
4,6651772917000
3,6652351525500
3,6652677714100
2,6653362042600
1,6654482574600
2,6654880622600
2,6658809766400
4,6658968791200
1,6659405632000
1,6661065126400
3,6663585488800
4,6664876526600
1,6666431473700
2,6667764654700
3,6669516677900
4,6671753236600
2,6672012098700
2,6672531785000
4,6673923118600
4,6675006822600
2,6676636309300
3,6678436835600
2,6680058463400
4,6680839096500
3,6681582791700
4,6682627544300
4,6683501501100
4,6685290811600
4,6685677516300
3,6686512549000
3,6689035618000
3,6690706677300
1,6691661450500
1,6693092442000
3,6693559891800
2,6694583066700
2,6695568400700
4,6696384362400
1,6696703593000
2,6697047987400
4,6697851576100
1,6698086134100
3,6699320718100
2,6701014658200
4,6702706094600
3,6703803944200
1,6704819177900
3,6706497201200
1,6707142547900
1,6708562328100
2,6710189138300
4,6714013176300
1,6715306879500
4,6716071619100
4,6718692491500
1,6719962346300
4,6722517003800
4,6722569713700
4,6726224239000
1,6730610569400
1,6731685692400
3,6731968695100
3,6733537018800
4,6733675977500
1,6734451596000
4,6734826136400
4,6738467001300
2,6743340890100
1,6743862100300
2,6744930174400
1,6748918232500
4,6749119088400
2,6750483053800
4,6754332306100
2,6755444457800
3,6755794226600
3,6761148614200
1,6762360035000
1,6764314115300
1,6765597819300
4,6768503311300
4,6771113429200
1,6771943772700
3,6772091164100
1,6773512187800
1,6777788433200
2,6778318518000
1,6780022215000
3,6781189624900
2,6783853901900
2,6784037050500
3,6784203521000
1,6784430208700
3,6788789533500
4,6788801035700
4,6788914378500
2,6789280931400
2,6790753984700
3,6791250998600
3,6792576538400
2,6794710415900
2,6794836103700
2,6795398238700
4,6796607256700
1,6798341036700
2,6801072803900
1,6801766769700
4,6804288122000
1,6805492033300
3,6805744515500
2,6806626822800
3,6808253602200
2,6809142877000
4,6809167130400
1,6810391788600
1,6810780615300
3,6813395292600
2,6814929925600
4,6814959687700
1,6815911846700
3,6816621347600
4,6819436647900
2,6821267241100
2,6821751492300
1,6823843441000
1,6824214681500
1,6826041527300
4,6827775237300
2,6828488360900
2,6831674921900
3,6832487994900
3,6833035417600
1,6833099912100
2,6833283969600
1,6834524122100
1,6838294237600
1,6839554634600
3,6840241321900
2,6841347982900
3,6842275781000
1,6844219189900
2,6844456316200
1,6847451276400
4,6847624795800
2,6847625167800
1,6848043652700
4,6851929244200
4,6853769573700
1,6855146038800
2,6856123751700
3,6856335060400
3,6857939270300
3,6858142778700
4,6860006396100
1,6860697101800
1,6861684250300
2,6862420740000
2,6862842823200
4,6864796487400
1,6865442832700
3,6866404818400
2,6868608290200
3,6869260556100
4,6872795566100
1,6875673560300
3,6877829467000
2,6877829690600
3,6877975055100
3,6879505713100
1,6880162635400
1,6883669604400
1,6883701138800
4,6889039967900
3,6889332579400
2,6891539900400
3,6891947670300
3,6895615535300
4,6896681118500
2,6897768311600
1,6898973534400
2,6902515399100
1,6902715271100
1,6903386285100
2,6903855295300
4,6905932329100
1,6910170003600
4,6910238843200
1,6911122935700
1,6914855045200
2,6918994446700
3,6919904855400
1,6920841570100
1,6921822160800
3,6921822574600
1,6923232932900
1,6923850854800
2,6923902935300
1,6923905968800
1,6924742228500
4,6924776159100
1,6932033201000
2,6932264700500
4,6932904546200
3,6933860874700
1,6936206894500
4,6936987663300
1,6937264672300
1,6937306704000
3,6938108265700
4,6943032246800
1,6943159845200
4,6947934783900
3,6948133015500
2,6948362523400
1,6949110393700
3,6949242339500
3,6953289069100
1,6953395060500
2,6954790305400
1,6954791193200
2,6956835310000
3,6957466938700
3,6958967982500
2,6959167612300
1,6959926585400
3,6962337893500
3,6964185791200
2,6965711189000
1,6966487460600
4,6966776776700
3,6968696646500
1,6970076287600
1,6972230462500
4,6973665231000
4,6974842774800
1,6976568006200
4,6977100333100
3,6977729502000
3,6979191744900
4,6980713811500
4,6981388290300
4,6982806907600
2,6983275341800
4,6984169221400
3,6984202356300
4,6984978038400
4,6985233534500
4,6987855793100
2,6989671683600
1,6990001051100
4,6990522362800
4,6991457027200
1,6992233584800
2,6994043961200
1,6994829826100
2,6995163545500
2,6997505054600
1,6998094334000
3,6998504002600
1,6998884512100
4,7000305101500
2,7004772441500
1,7006730758000
3,7008457775000
4,7009970218800
4,7012257821400
2,7012436144800
3,7013222884100
3,7013913635300
4,7014172780900
4,7015162786300
2,7015577832200
3,7016661273000
3,7017779081600
2,7018261375300
4,7018376128700
2,7019544464000
3,7019712340300
2,7024645435200
2,7026117761500
4,7027984759700
1,7028611061800
1,7029130048700
3,7030593297600
2,7030593361600
4,7031812048200
3,7032598930500
4,7032788297100
1,7033980306000
2,7037319855200
1,7037604893800
3,7038102279100
4,7039099915100
1,7040667858800
2,7042002086900
1,7042098254400
4,7044467684700
4,7046929304700
1,7048440190800
3,7048612607800
1,7048646103400
3,7050856645500
2,7051706663700
3,7056313110900
1,7056738778900
2,7057054910000
4,7058018455700
4,7058131606000
1,7059963073100
4,7060666032700
2,7061301443300
2,7061507332300
4,7064677960100
4,7064909928700
1,7067683109700
1,7067683493100
1,7067908601800
4,7070307100200
4,7070812690500
1,7071801379300
2,7072498440300
1,7073645752900
4,7074420577300
3,7076373637200
3,7078192167600
3,7080049001400
4,7080535286500
1,7081602854600
4,7083761444600
4,7085265703800
4,7089688661600
4,7089836976400
4,7090442984600
4,7090748315100
1,7091384954400
1,7091851028200
2,7093473701000
3,7094652426800
3,7095059435700
3,7096776466100
4,7098659903700
3,7099623388600
1,7100226644000
3,7104223347700
2,7104245054300
3,7107403813800
3,7110677451600
2,7112381445100
3,7112999558300
3,7114046104800
4,7114273128800
2,7114481945500
2,7115963975200
2,7116479252000
2,7117915959000
1,7118738408000
1,7120144486300
3,7121266456700
3,7124734635600
1,7128130860600
2,7132014971900
1,7135209926000
1,7137506776700
4,7138375922200
4,7138978103400
2,7141558382300
1,7143630833900
2,7145805962100
2,7145966489500
2,7147032613500
1,7147429398900
1,7149176197200
4,7153451901000
4,7153891098000
4,7154426837200
3,7155192304600
1,7155288539800
2,7155368075000
2,7155696449400
3,7156200844000
2,7162260861600
2,7166553678400
4,7167065942300
3,7168557206200
3,7174787544200
4,7174961071400
2,7179819131500
2,7183645667700
4,7186208198300
3,7187020008200
2,7189530672800
2,7190762714000
4,7191628279800
3,7193158660600
1,7196169436800
1,7198381421100
4,7198381824600
3,7200760865600
2,7201799483300
1,7202999470300
1,7205285737000
1,7205903254800
1,7207022892400
1,7207865460100
4,7209192409000
1,7209578396200
4,7211624260300
3,7211809420400
3,7213810279500
2,7214995568400
4,7215494587500
3,7215549888600
4,7216585277600
1,7217157114500
1,7217358556500
4,7220154600100
3,7223983217300
4,7225061031900
4,7226178044600
4,7227087362100
2,7228607563000
2,7229225542000
3,7231979212100
1,7238289706900
4,7238884168400
4,7239492853000
1,7241427157400
2,7243455735400
1,7244952829800
2,7249187141500
3,7249904898500
1,7250755420700
3,7251774804600
1,7254239876300
4,7254274087400
3,7254494471100
1,7255269230200
3,7257409677700
2,7257571646000
2,7257954846400
2,7258935885500
4,7259309385000
3,7259416567400
4,7261499984000
4,7262212190600
2,7262234563400
4,7262447817800
1,7264864823500
2,7266762157100
3,7267274121000
1,7271562611200
2,7272641006400
1,7274427375700
2,7275230590500
2,7275569934100
2,7277329808500
2,7279092324800
1,7280189903800
3,7281276989600
3,7282169930400
3,7283498774100
3,7283508367700
2,7287295571700
1,7290044077000
3,7290512786800
3,7290731119400
1,7291505069500
4,7292106134000
1,7295405075300
1,7296306406300
2,7298581409700
4,7299588230600
1,7299631476100
2,7300785351500
2,7301744614200
2,7302151234900
1,7304168079500
4,7304479783100
2,7305482541600
3,7307224915200
3,7307688594700
1,7309047631500
2,7309323065500
3,7309661286900
2,7313196784500
4,7314641476700
1,7315863835600
1,7316572771300
3,7316833182600
3,7318077335900
4,7321880422700
2,7326054255300
3,7326958348900
2,7333300768600
1,7335740073400
4,7335848438400
4,7337822760200
4,7338168788400
1,7339618169800
4,7343081665900
2,7344333318300
4,7346585383100
3,7347296773200
3,7347942381200
3,7349387301400
1,7350110982700
2,7350928453300
1,7351120110600
4,7353155844500
2,7353276973900
3,7353802440300
2,7358143608200
4,7359491766800
4,7360967502900
1,7361130797400
1,7362258685300
2,7364337306900
4,7368537149000
3,7370947514800
2,7371045102700
4,7371157911200
1,7373248290800
1,7374303197200
1,7378136582600
2,7379739138400
1,7380824190600
3,7383464573800
4,7383896892000
3,7384373859400
1,7385556256600
1,7386407487000
2,7387742003800
2,7387742014500
1,7389271327700
3,7389780253500
1,7394865890700
4,7397081943700
1,7397977838800
3,7398594454800
2,7399232492900
1,7400709222800
2,7401150068800
4,7401157219200
2,7402447858600
2,7403877565200
4,7403931586200
2,7404219728800
4,7404525372600
4,7404711157200
2,7406666487300
2,7410938414300
2,7415670915400
1,7415874779800
2,7416660814800
3,7421787689000
1,7421934579200
1,7423825746900
2,7424381246500
1,7425745451800
1,7426016305700
2,7426991981300
1,7428376498200
2,7428590890400
4,7432522952000
2,7432961456400
2,7434356669500
1,7434567763600
1,7435093590100
4,7438543038200
4,7439663116200
4,7439681962500
1,7440279740500
1,7441014239700
2,7442428760900
1,7442428838100
1,7443775284900
4,7446283250900
3,7447299882800
4,7449496984000
3,7449506943300
3,7450031032600
3,7450900660200
2,7451848538700
3,7452666062100
2,7452838467900
1,7453361953400
1,7453888634800
1,7454322901600
2,7455716902400
1,7455774615000
1,7455804533700
3,7455952512300
2,7459015237800
3,7461797205300
3,7462133707700
3,7464313441700
3,7468030343000
4,7470257398000
2,7475020431600
3,7475341430600
1,7478690523500
3,7483639020600
4,7483748411300
2,7485442883000
2,7486958806500
3,7487561548200
4,7488247186200
4,7492571767200
1,7492647958700
1,7493666104600
2,7494267851400
1,7495046992000
3,7497962206300
3,7498470880600
4,7499256713800
2,7499956358800
4,7501072595500
3,7501116819500
2,7502150346100
1,7502380486700
4,7502430392800
1,7502978863300
2,7507996126500
3,7510544084400
3,7511652756600
3,7512417129800
3,7512506312800
3,7512676652400
1,7512789213600
2,7513144769000
2,7513899176400
4,7514253028700
1,7514677856700
1,7516853474600
1,7516998813400
3,7517153031000
4,7517424375400
3,7518441191200
4,7520945154600
4,7521002014400
2,7523609856000
1,7525282263300
3,7527588836400
4,7527835809200
1,7528051180400
4,7528339719800
2,7533080881500
3,7534057860600
4,7535214199200
3,7535855189800
2,7536115148700
3,7536555649700
1,7537017528200
3,7538048104600
4,7540418340800
1,7543599188300
1,7548583987600
4,7553253316800
1,7553764480900
4,7553869678700
1,7553881317600
4,7555370108800
1,7556676516000
3,7556676770900
2,7557339672100
3,7557706518200
1,7558099505500
1,7558214541500
2,7559663263500
3,7562057898100
3,7565221978200
2,7566165148300
1,7567237449900
2,7568285020100
3,7568700990400
2,7571118607800
2,7571690056400
3,7574038525400
3,7574179008300
1,7575864782700
4,7581096095300
2,7581595690800
4,7585945295800
2,7587982000600
3,7590341947700
1,7592155740500
3,7592550550500
2,7593518043600
4,7595029027900
2,7595335027900
4,7595364263900
4,7595448533100
3,7598121237500
2,7600070447600
4,7600071238300
3,7601434377700
1,7602830385400
1,7602918425200
2,7603757265800
3,7603818118000
1,7604054514900
4,7604937914100
1,7605387784400
4,7606703697900
4,7610098225400
3,7611217269400
3,7612130496700
3,7612385615800
3,7612806438700
3,7618549840600
2,7619142808500
1,7619497558000
2,7619577803300
4,7620098993900
3,7623283581300
2,7625546767400
1,7627277808200
4,7627971054700
4,7627971134800
1,7628587939400
4,7628685860100
1,7629843612800
2,7629964494000
3,7630444058000
2,7630936323000
3,7631909928100
2,7633840190100
3,7634178351100
1,7634793567200
4,7637091178700
4,7638871638400
2,7639100268500
2,7641056405900
3,7641650547500
2,7647072927600
3,7650518910000
4,7653016409500
1,7654245761500
2,7654303602400
4,7654471603400
2,7655850482900
3,7656341707300
4,7657960153200
1,7660892315700
2,7668927893600
1,7669328304700
3,7669535107300
4,7669958033100
2,7670054928800
2,7670446356200
4,7671637949400
3,7673163716100
3,7673563418700
3,7677060397800
4,7677482749900
1,7683438752900
4,7685698976400
4,7685718446900
1,7686836554100
3,7688450158700
2,7691059625100
3,7692343505900
2,7692697352500
2,7692812297400
4,7693952506500
1,7694551337100
2,7694719929200
1,7695329851400
3,7697952277100
3,7698535867100
1,7698569412000
2,7702870067900
4,7707559792300
3,7708421022700
3,7710247103100
1,7712579414200
2,7713054542400
3,7713774301400
3,7719157669500
4,7720391348500
2,7722697477600
1,7724081103100
1,7726938962900
1,7727091403200
4,7727884138600
3,7728041897100
3,7729249710200
3,7730560582600
4,7730870936700
4,7733743694400
1,7736845020300
4,7747878725300
3,7748699697600
1,7749192244800
2,7750040366700
3,7751741982900
2,7752283220000
2,7755114495500
2,7756689445300
4,7757034917900
3,7757964130100
1,7759013019600
1,7759517532000
1,7760048528400
2,7760062761100
1,7760619790700
1,7761802191300
3,7761930483500
1,7763961208000
2,7764689966700
1,7769863065400
3,7770987117600
1,7771051421100
3,7773202674300
2,7773202697000
3,7774388106900
1,7775820222900
4,7776987831300
3,7777512692600
1,7779443341000
3,7780936658900
1,7781641808100
2,7782214663600
1,7789004325900
4,7789818022500
3,7791592313900
4,7793499477200
4,7795457785200
1,7796664056300
3,7800803012600
4,7803537936700
3,7804628629200
2,7807013722400
4,7807947496600
2,7809324274900
4,7809761705100
1,7809914129800
1,7809996634800
1,7812146106600
1,7812315564800
4,7812465345900
1,7815253391600
2,7819075124800
4,7822964266200
4,7823177475800
4,7823177632900
3,7824530594000
3,7826102492100
4,7827095164100
1,7836471951400
3,7838013712200
4,7839087735500
2,7839191861700
3,7840870803200
2,7841343716600
4,7841412508600
4,7844797017100
4,7846186524400
1,7846397680200
4,7847387673700
1,7847729273200
2,7851027288000
2,7851633240100
2,7853498970400
3,7855177017100
1,7856417216300
3,7857611368400
2,7860784456000
4,7861024108000
3,7864298376700
2,7865490286400
2,7867094947800
1,7867163422300
3,7868338572700
1,7869037769100
2,7871467104900
1,7872499973300
1,7874080574100
1,7874293657600
1,7874474016400
2,7875808853000
1,7876415031100
1,7877857882400
4,7878367893300
4,7878466097800
1,7878759789100
3,7882778059800
4,7882957020500
4,7883508748300
2,7883708712300
1,7884625374800
1,7884671010300
1,7885274829000
1,7885413468200
1,7887612303800
1,7888253009900
4,7889398395300
3,7889865340700
3,7889975844800
3,7890942461500
1,7893983953500
2,7894052975800
4,7897764542100
2,7900512547600
3,7902196295000
3,7903364881800
1,7904810335200
2,7906140347700
4,7906941418800
2,7907553172200
3,7909417965000
4,7910428851700
2,7910440436200
3,7911971437300
1,7913039812300
2,7913828789100
1,7913922635100
1,7916277496400
2,7917889973900
1,7918838818300
4,7919209537900
4,7919885760800
4,7921073057300
1,7921888880500
2,7924825644700
1,7925186410400
1,7925537873900
4,7926177643500
3,7926367962200
2,7928018660100
3,7928158480400
1,7929870463500
1,7931820772300
4,7931820884500
2,7932342838600
3,7932781852700
4,7934265204000
1,7936795275300
1,7939822708200
1,7942350006200
4,7942699396800
3,7944969876600
4,7946880264300
1,7947970886900
2,7948005618200
4,7948661631200
3,7949106646100
2,7951554738700
1,7953189409700
1,7956196684500
3,7956284308200
1,7961609706900
1,7962380857700
2,7962870820600
1,7967000192100
1,7969915346100
4,7969985911800
4,7970648301400
3,7971455542600
3,7972539791200
2,7974445602500
2,7974807147100
2,7974834226200
3,7975833287800
1,7976430297900
2,7977828974700
4,7981537079100
4,7981537694300
1,7983947289900
4,7984320942000
4,7985486560100
1,7986648415900
4,7988773700300
2,7992146652600
2,7992193870000
3,7993701972400
2,7994668896800
1,7995823880200
1,7998180843300
2,7999251441000
1,8000766383500
1,8001329635100
1,8001386836400
4,8001683751700
1,8003131607100
3,8003564663200
1,8005671619100
2,8006073077700
3,8008708317400
3,8009709468400
3,8009942749100
2,8012767466200
1,8013814539100
1,8014201707900
4,8016059743400
2,8016083683700
1,8016970443600
3,8021122484000
2,8022688554500
3,8024527873300
4,8029608187200
1,8030853262000
4,8032797298600
1,8033259191900
1,8033363818200
4,8034362492300
3,8035137483800
3,8037126445500
4,8037830992200
3,8038869706400
4,8039821477800
3,8040454859100
3,8041406326700
4,8042066977600
2,8042907008500
3,8045932561500
1,8046355573100
1,8048749209100
3,8049646724000
3,8051203836200
4,8051212530800
2,8052061808200
4,8053273127300
1,8054731475800
4,8056174693800
2,8059427671900
1,8059607659800
4,8060418557400
3,8061527741100
3,8061586715400
3,8061814430800
4,8061814434800
2,8061923616600
3,8062164641000
4,8063055603200
2,8066297686000
1,8066828305500
2,8069717620100
1,8070390401300
4,8071065578000
2,8072045184200
3,8077372373400
3,8078158943500
3,8083649486700
1,8085327065600
3,8085791660100
1,8086803277900
2,8087669966300
4,8088222749300
3,8088624610100
2,8088904788700
3,8091730146200
4,8092023715600
1,8094125712900
2,8097444964700
3,8099235440900
1,8099496862600
4,8099555659400
3,8100825121600
2,8101389327600
4,8106224052900
2,8106397918600
1,8106671776300
1,8106787042300
3,8107462524600
3,8108014221400
3,8109073682900
2,8110123757500
4,8110626434500
1,8111047024300
1,8111099819100
4,8111209830600
3,8111955520900
3,8112990775500
4,8114867296700
1,8117195398800
3,8118031264100
1,8120055386200
1,8120385390900
2,8120806949400
1,8122430502600
1,8129696918600
4,8130527097800
4,8131002980100
2,8131155352100
4,8133822178600
1,8134800128500
4,8136281696800
1,8136485489200
1,8140173846700
3,8140960447200
1,8142352735900
4,8143083984100
2,8144914534800
4,8148426289500
1,8149592624400
1,8151164032600
2,8152858418100
4,8152921901200
4,8153192053700
3,8153690667000
4,8153940672400
2,8161107697500
3,8161140176100
3,8162324586200
1,8162398838600
3,8162560289800
2,8163427766900
3,8163985384200
2,8165066193000
2,8165095596900
3,8165731648200
1,8166654437100
3,8167170029800
1,8168284119500
2,8169376828100
4,8171908696300
4,8175094324200
3,8175732285300
1,8176305711400
2,8177124894800
3,8180576791800
2,8182256794000
4,8184370868300
4,8185067747000
3,8185947226000
3,8186001040500
4,8190915669500
3,8191364477500
2,8191731733700
1,8192579346400
4,8192579360000
4,8192782320900
3,8194390167800
3,8195232624000
1,8197342638600
1,8198355644000
1,8198355879600
1,8198405244900
2,8199403863600
2,8200408356900
4,8202457182800
1,8203508757100
4,8204650205400
3,8206644247100
2,8207361754600
4,8207538964800
4,8207882687000
2,8209049427000
3,8209390335300
3,8210125873200
1,8210188945500
1,8210218126100
2,8210307438100
4,8212159346500
2,8213684310200
3,8213835612000
3,8215273230500
3,8215599653700
2,8218135548100
3,8218248550200
1,8218799279000
3,8220637074000
1,8221623084900
2,8221929050900
4,8223403004300
2,8223821444700
4,8231203900800
4,8231906480600
3,8235101420300
4,8235283201900
3,8235860468800
4,8236123879200
1,8238873756000
4,8239880003900
1,8240177308900
4,8240219892900
4,8240470476900
3,8241440740800
1,8243452254900
2,8246091780300
4,8248222705100
1,8250117373800
3,8250848366700
4,8251188622600
3,8259904398800
4,8260337622200
1,8260476677200
1,8264379932700
1,8267024129200
3,8268870071200
2,8272339581500
2,8273303639700
1,8273768162000
1,8276262600800
1,8276286962500
2,8276333095800
2,8277066934000
3,8279771921100
4,8280161539100
4,8281412756800
1,8281769231100
3,8282843295900
2,8284267421400
3,8285568870400
2,8285852863600
3,8288169563800
2,8292482495600
2,8294139432300
3,8296594659000
3,8298935764700
2,8299417071500
1,8303655516800
4,8305088917900
2,8306162500100
3,8312556507000
4,8312609459700
2,8313409088400
2,8313697165300
1,8317477888900
2,8321261497800
1,8321466011200
4,8322710888900
4,8322710956200
3,8326466098200
3,8326488421700
2,8327230205700
4,8329093955400
3,8330461948600
1,8330480838000
2,8331225270400
2,8332483687900
1,8332594093100
2,8334148687900
2,8334171966500
3,8335008858100
4,8338513744300
1,8342303136300
4,8348255273200
1,8349004599500
4,8350074424200
3,8350307893000
3,8351449710700
4,8356243724700
1,8358367736100
3,8359080169700
1,8359781666800
4,8360268126000
4,8361673317800
1,8362411507800
3,8364400664200
2,8366338486400
1,8367559252400
1,8370173362100
4,8370173477500
3,8373967249800
1,8373967276800
2,8374413780600
4,8374490528600
3,8376359943000
3,8376526554200
2,8377960824300
1,8380154062900
2,8382737508600
4,8383021269800
1,8383383892600
1,8383667078800
3,8384900101400
2,8387329180400
4,8387924058700
2,8388578563100
3,8388992966300
2,8389900748000
4,8391946763400
1,8395142809500
4,8396569435000
3,8396923128900
2,8398660847100
4,8400270717500
2,8400506263200
1,8400825607300
3,8401962356000
1,8405714006800
4,8407430702900
3,8412865206700
3,8413336521500
2,8414042336800
4,8415708298000
1,8415932943900
3,8417066375600
3,8418336359800
3,8418503162700
4,8419745960400
2,8419919029900
2,8421499059900
1,8424499558100
2,8425786994500
4,8428408314000
3,8429076463100
3,8431356539800
3,8432081817500
4,8433020787900
1,8433558028100
1,8434540166500
3,8435012435100
3,8436912528100
4,8438101672000
1,8440281926100
3,8444469279000
1,8444706331300
1,8444742913600
2,8444996028900
4,8446200038300
1,8448082737200
4,8448265403900
3,8455271205300
4,8456303462700
4,8457820613200
4,8460172641800
4,8461130981500
1,8462260724700
2,8462311263500
3,8462985295100
1,8463758015400
3,8463966521000
4,8464719642100
2,8466481671200
1,8466886460300
1,8467212537600
3,8470763923600
2,8473108033700
3,8475166200100
1,8476085937300
4,8479418033500
1,8480413775800
1,8481230110200
2,8482207055600
3,8483951082400
2,8484182295600
3,8485198073200
3,8486035777000
2,8488577912000
4,8488929472200
4,8489800966600
1,8491246249400
4,8491644585500
1,8492313984500
3,8498254406800
4,8499083262600
2,8499184869400
4,8500095165700
3,8500415316100
3,8505093444300
4,8507975188800
1,8509795672300
3,8511165027300
4,8511814008100
2,8514764971100
1,8515179738400
3,8515405113700
1,8516688068500
1,8519167155200
1,8519628857000
4,8519691145400
3,8520608267200
4,8521406039800
1,8521606794600
3,8522401201600
1,8522761117100
3,8528273785800
2,8528961710800
2,8529545899100
4,8531195824800
2,8532471727100
3,8533209036100
3,8533571144900
4,8534505311300
4,8535236469000
3,8535642353200
2,8535933689200
1,8538446012400
1,8539233355900
1,8539247752200
4,8539426879900
4,8539626061600
4,8539752102700
4,8539949389800
2,8543409886200
4,8544159158500
1,8547073910300
3,8548235098900
3,8549731744400
1,8549817620300
4,8550879751500
3,8551282781900
3,8552933431900
4,8554488849700
2,8555255871600
1,8556016001800
2,8556019124800
3,8557511158500
3,8557511196800
1,8558676307700
2,8558694358000
2,8561744360100
2,8562206242800
3,8562430096500
2,8563730656000
1,8563997069400
1,8564826153600
2,8565682053200
4,8566889875100
2,8568195594500
4,8568962302300
1,8569422780600
2,8570370264900
1,8571221573700
3,8571882748700
1,8574120487900
2,8574361092400
3,8574921325900
4,8577207133100
3,8577903617400
2,8579328122300
2,8580022297600
2,8587569455000
1,8588759899500
4,8589060944500
2,8589074929500
1,8590560129800
1,8591948422200
3,8593405702700
1,8593779013000
4,8594961804200
2,8595788837800
1,8596250006300
2,8597919855800
2,8598712503400
1,8599076695300
1,8600546513100
4,8601145317600
1,8605342775800
4,8608320951200
3,8610589727600
2,8610791602100
3,8611587192800
2,8614909284200
2,8615113002500
3,8617513681400
2,8618603272600
4,8620546351800
3,8620989697300
1,8623462199400
2,8625101244700
1,8626422247100
4,8631217758400
1,8631829149700
4,8635199787900
4,8636038320900
4,8636651474900
1,8636922965200
4,8637462338500
2,8638382072600
4,8640729295300
2,8641755002200
3,8643170403900
4,8643524061500
4,8644256534000
3,8644462136500
4,8645498551900
2,8649151013600
3,8651495753800
1,8653205158500
3,8655381824200
4,8658001068500
4,8660259523700
3,8660618401600
1,8661346878100
3,8664857335600
3,8665766825200
1,8666001815800
4,8667801242100
2,8667801525600
4,8667801812800
1,8667844258100
3,8668142323500
3,8669233879400
2,8669635176100
3,8671871827700
2,8673844877900
3,8673850143400
4,8676735743300
1,8677514744800
4,8678217174300
2,8680530859300
1,8681409722600
2,8681987075000
1,8682193923900
3,8683617018100
4,8685517191600
4,8685901948700
3,8686050128400
1,8686836329400
3,8688825944400
1,8690489351700
4,8690628770700
2,8693221496300
1,8693354108200
1,8694215707500
3,8694305045000
2,8695192010700
3,8697748488000
4,8697943582900
4,8701427579700
1,8702618677800
3,8703102910800
3,8704662276700
4,8705687210400
3,8705873228400
3,8707277482800
3,8707667959900
4,8711192556000
3,8714568156900
4,8714874146200
4,8716044107700
2,8720119747900
3,8721201235900
2,8721854549700
1,8723255543900
4,8725473697000
3,8726799479100
4,8728249303100
1,8728712619600
2,8731285364900
1,8733654212900
3,8736138943600
4,8736524350300
3,8738264020700
3,8742026523500
4,8742179066300
1,8742972932500
3,8743727722900
1,8746045117400
1,8746910290200
1,8748335167100
3,8750074891400
2,8750241187600
3,8751414348800
4,8754114468200
1,8754197158900
2,8756035586100
3,8756873525900
1,8758952938800
1,8760283239400
1,8762730653300
2,8763034589200
3,8765872544800
1,8766518076700
2,8766723144000
3,8769180509200
3,8770345449600
4,8770494510900
2,8773645805700
1,8774600745700
1,8775166028100
4,8776075413500
4,8777252404200
3,8777841793400
3,8780442274500
1,8780644126500
3,8781641084600
4,8784086280100
2,8784277965100
1,8784608038000
2,8785460214700
3,8786955101200
4,8788399853000
4,8788838731700
4,8789285537000
4,8789302667400
3,8790663977000
4,8794669539000
1,8797894390400
3,8799769159000
1,8802770537500
3,8807566555200
4,8807678851700
4,8808726491800
4,8810620876600
1,8811935736500
3,8813424433800
4,8813603322300
3,8814335236600
3,8814556054100
2,8814741423000
3,8814741506500
1,8815365235300
4,8816380460500
2,8818631406600
4,8819085327900
2,8819263423700
1,8819569674200
4,8821861290100
2,8822585533600
2,8823720765000
2,8823881787300
4,8823980485800
2,8824798581000
1,8824842859500
3,8825730524800
4,8830645205300
1,8830918061600
2,8831077251000
1,8831401000700
3,8831702301600
4,8832487582800
4,8832646372000
3,8834257784800
3,8835472307000
4,8837790624000
3,8838868125700
1,8838919112000
4,8839025756800
3,8839129780400
3,8842912417800
2,8843650317600
1,8846187401800
4,8850504360000
3,8850973088200
3,8851957085600
1,8853056508400
1,8854543723100
2,8856872524000
4,8858745863100
3,8862103560200
2,8863814856500
1,8864398592200
2,8866330408600
1,8867409565100
1,8868109385200
3,8870392726700
1,8871015531600
2,8871556517800
1,8872082181800
2,8874848268900
1,8876412002600
3,8878223052800
2,8878552374800
1,8878865688900
3,8880894972600
3,8881142404300
1,8882474456400
4,8884631778000
4,8884894987400
2,8885165114600
3,8887871468100
1,8888374800600
4,8889595023300
3,8890993006300
4,8895454265200
3,8895876547400
2,8896544661300
3,8896564777600
3,8896811958600
3,8897375982400
2,8897559743800
4,8897891716500
2,8898041088500
3,8898041146700
4,8899075899500
3,8899144275800
2,8899414900800
1,8900486931900
3,8901156375700
3,8902041351700
3,8907769163400
4,8909546842000
4,8913298246600
4,8913828265900
4,8914935023400
2,8916843727200
2,8917599823200
4,8919771215800
4,8921685518100
2,8922111067800
2,8922456748300
4,8922587993400
2,8923189135200
4,8923651370200
2,8927886655500
2,8927912088900
2,8927963973000
1,8929521862700
3,8930972297500
1,8933325665900
3,8936172857800
4,8936840983100
2,8937369504900
1,8937840651700
4,8940654911400
1,8942406545300
1,8943621261900
1,8943621510700
2,8946880611000
3,8947795448100
1,8949781301900
2,8950931705100
3,8951090642200
4,8951559070600
1,8952333683300
3,8955542077100
4,8956218147100
1,8957237018500
2,8957921564000
4,8960438219500
3,8960460344500
4,8962637943000
1,8963342378100
1,8964565758000
2,8966202276100
4,8966765233400
2,8967048752400
1,8967378902800
2,8968210538200
4,8968482696500
2,8968906426700
1,8971478489000
4,8972683718200
1,8973216836600
2,8976001652500
3,8977406888600
3,8980241579700
4,8982932043900
4,8983975107000
3,8984943998200
2,8985589069300
1,8986133285300
4,8986687215300
1,8988691249000
2,8989342871300
3,8990385336000
1,8990437879100
2,8992794274200
1,8994059533800
1,8997577427800
3,9000387293900
1,9001058751300
1,9001709105400
1,9004349580800
4,9005134032200
1,9011245779600
2,9011387100200
2,9013024499000
4,9015784820400
2,9016816226700
4,9016992087700
1,9017614987300
4,9018245803600
1,9018259794400
2,9018531552000
2,9018993421300
3,9026031822200
2,9026499055600
3,9026775957300
3,9028152543400
4,9029665689700
1,9030820006900
4,9030932938800
1,9031051341200
4,9032158003100
4,9032569849100
3,9032637741600
4,9033452248800
4,9034452716400
2,9034519571800
1,9035154985000
2,9035466839000
2,9036022294100
1,9036073183100
4,9036715966300
2,9037575481200
1,9037645827200
4,9040572331200
4,9042728642600
3,9043972122900
3,9044321212200
3,9045977964800
3,9046445195200
1,9047528585800
1,9049499743800
3,9050953650600
4,9052095524700
3,9052929261500
1,9052940957900
1,9054994706000
4,9055183136400
1,9055301129700
3,9055490302400
4,9055491112400
4,9055793584700
1,9056805086100
4,9058272388000
3,9058588926300
3,9059850095300
2,9059895448500
2,9060426030700
3,9060621419300
3,9066206471600
2,9066284420300
4,9066761005300
4,9068642098500
4,9074408512400
1,9075272904000
1,9076539353900
4,9077800488300
4,9078136808900
1,9080482374000
1,9082408054800
1,9082812453700
2,9085259849500
3,9085863308600
1,9086238110000
1,9086673615900
1,9088101002300
3,9092682706100
3,9093279727700
4,9095085791600
1,9097555474800
3,9101264337200
1,9103429265000
1,9105457362600
2,9106270414700
1,9106922404900
2,9107992783200
2,9108284334600
1,9110517983600
4,9111136492900
1,9111208341500
2,9111309177000
2,9114678711100
4,9114977928100
3,9116325469300
4,9118813064900
4,9121433256900
2,9122109666900
4,9122547782800
2,9124559495000
3,9126976200100
1,9130439114000
2,9130591480200
3,9137029487400
1,9138727613300
1,9138998963200
3,9152379568700
1,9154297486700
4,9156827610200
1,9159382571200
3,9159827201000
2,9161161231000
1,9163222015900
4,9164140465600
3,9166086117700
3,9166370492000
1,9166937345700
2,9167501376300
4,9168727995900
3,9169769578500
3,9170119706700
3,9170480413100
3,9174552092100
1,9178145627800
3,9179152927700
2,9179392391200
1,9180277404000
2,9180365617600
4,9181437927400
4,9181895214200
2,9182240782100
2,9183193792000
1,9183201383400
3,9184264698600
1,9185341901200
2,9189977518800
1,9190199248000
2,9191699299100
1,9196410835800
1,9197443244500
3,9199853078400
3,9200014260100
1,9201248772300
2,9207287559700
4,9210382099900
4,9211328561200
1,9213773072300
4,9214105218800
2,9215765877200
2,9216281359000
1,9217757650100
2,9217769247700
3,9218067057700
2,9219428682500
3,9220321458800
2,9221642916500
3,9221643469900
2,9221742277900
4,9221743929100
4,9221806193300
4,9221806202000
3,9223708815500
2,9225776683800
2,9226752930300
2,9226866213600
4,9228591862800
3,9230100434600
2,9230123449000
4,9231166712800
2,9231535727200
3,9232181929100
2,9233950136900
3,9236166723200
3,9236210330800
4,9243848339100
1,9245045405000
1,9246524908100
3,9246926376200
4,9248236799100
3,9249927757200
1,9250201473400
2,9250964504500
2,9252779972000
3,9256507415600
2,9256578460300
4,9257321627300
2,9257373616800
3,9259437706500
1,9262550462100
3,9264934571800
1,9267030679000
3,9267883250700
4,9269323593300
2,9272084319700
4,9273826918400
3,9275503210200
1,9275771448400
1,9277085324000
4,9277941008000
2,9278460073900
2,9279284476700
4,9279914706900
2,9280026897400
4,9280876534500
4,9282855258300
2,9284097632200
2,9284832925500
4,9287048522800
4,9287369432700
2,9287709814300
4,9288004447200
1,9290442320100
2,9290593333900
2,9300048628400
1,9300090578600
1,9302264334300
4,9303831746000
4,9304438074800
3,9305146453700
1,9306165632500
3,9315565343200
2,9316142422900
4,9319705360600
4,9321011708600
3,9322697072200
3,9325781295100
4,9327104073100
4,9327893409800
2,9329978223800
1,9332002169200
4,9332428020600
2,9333336397700
3,9334885791500
4,9335303855200
2,9335633867900
3,9336896230600
3,9337653731000
1,9338082033100
2,9343292360200
1,9344937784400
3,9345822962600
1,9345850759500
3,9346168451100
3,9346852065600
4,9347874427900
2,9348779673500
3,9348812237800
4,9348982429100
1,9350294063200
1,9350475138200
3,9352764039700
3,9353086930100
2,9353087311100
1,9354838507200
4,9355190275800
3,9356470522000
2,9356771169100
4,9359515282600
1,9363057852300
4,9363152522100
4,9364923153500
3,9366197782700
3,9367394435600
3,9368906086700
1,9369109657600
3,9369551085800
2,9370492635300
1,9379904205100
1,9380169461600
1,9381292139400
2,9381355644500
2,9382140072100
2,9383218109000
1,9383609181300
2,9384024356000
3,9385394213200
2,9387041737200
1,9387750790300
3,9389963180400
3,9391148070300
2,9392173955900
3,9392683047700
3,9393657922900
4,9396663795400
1,9399693148600
4,9406807672100
1,9409353070400
4,9409447456800
1,9410461883800
1,9411326844600
3,9412006347800
4,9412033627300
1,9412429102800
1,9414250644800
1,9414327301600
1,9416340594100
4,9417207117800
2,9419229409100
2,9422939962800
3,9423208223400
1,9424368131100
4,9426935348100
4,9427124629200
3,9428044155800
2,9429966326900
4,9429966470600
4,9432885503700
2,9433500152900
2,9434280074100
4,9434477838100
3,9438064027100
3,9438569796000
3,9439884852100
2,9439892674300
3,9441654769800
2,9441655143200
3,9441907751800
2,9441908787600
4,9442435898900
4,9442477622200
4,9442638847000
2,9443047847800
2,9444973426700
1,9445321188700
4,9446158743800
1,9447732692800
3,9448175272300
2,9451954653000
2,9453569521100
1,9454566714500
4,9456098227800
4,9456238222200
2,9460556756300
1,9460735133600
3,9463405778400
3,9464311875700
2,9467040178400
3,9468613110700
3,9470275706700
4,9470717266700
2,9470717288400
3,9470738528000
4,9472657934800
1,9473956022500
3,9475187584200
3,9476565902600
3,9476939399900
1,9477447922600
4,9477465668300
2,9479880313600
2,9479880647000
4,9480781543700
4,9483156625200
4,9485238349300
1,9485872916600
3,9487599878000
3,9488338347600
3,9488338390500
4,9488456134800
4,9488706452400
4,9488876774500
3,9490481639600
3,9491586644600
3,9493182787700
3,9495437566300
1,9499778404300
3,9500035960000
4,9500748207400
3,9507991020200
1,9508232481000
1,9510272596900
3,9512052360600
2,9513810038900
3,9515060550000
2,9517570339600
4,9518297035900
3,9518681454900
4,9519986926600
4,9520285964300
3,9522806519200
1,9522807478200
2,9523149064300
1,9524488555600
2,9527090450900
3,9528326486700
1,9530226980600
4,9530801552700
1,9530807848500
1,9532377288300
3,9533137926800
2,9533639010100
1,9533748288000
3,9534258017000
2,9535538167500
4,9536177539300
1,9537301979800
2,9538427635200
4,9539909015100
3,9540497218000
4,9540570726000
1,9545515107700
3,9548698033800
3,9549877105800
3,9550812013800
3,9552271712800
4,9552370004600
1,9553037803500
1,9553831019600
1,9553831194700
4,9555719647500
4,9556807710600
1,9556960684300
2,9558992771200
4,9559221311300
1,9560197209400
3,9560307128200
1,9560530548300
1,9560857131900
2,9561443629200
2,9563998059100
3,9565246261700
2,9565315855500
2,9567017118700
2,9567021785200
3,9567053133300
3,9568382979100
3,9569076938400
1,9571068902300
1,9571744783600
3,9572012570700
3,9572700707900
1,9574095906800
1,9576590419500
2,9577005514700
1,9577083174000
3,9578070895000
1,9579729236700
3,9580482381200
1,9581444192900
3,9582828943900
4,9583779914300
3,9583979813300
2,9585223190100
1,9585542712800
1,9586222040100
4,9588847383100
4,9590121527900
4,9590726778100
4,9592329725800
4,9593322556300
2,9593339397700
4,9593752924500
2,9595388579300
1,9597852149100
3,9599751078600
1,9600485758100
2,9600822130700
1,9600997453600
4,9601407953300
3,9601456779000
1,9605060436700
4,9608737720400
4,9609612516300
3,9612802873500
2,9613098165300
4,9613368955000
4,9613369033500
3,9613579711100
4,9614219653600
3,9615468498500
1,9616875296400
4,9620134774900
3,9620255482200
4,9620522410700
1,9621029684300
2,9622889527100
1,9624403590000
4,9626544679400
4,9627216181200
3,9628496506400
2,9630840189500
3,9630892305600
2,9630981060200
3,9632695177600
1,9632952040500
3,9633345875300
1,9635537736600
2,9641029452200
3,9642469074400
4,9643388822000
3,9643388839100
3,9643616698200
2,9645917633100
3,9648127016600
2,9648327922500
4,9649190712900
1,9649398434400
4,9652931461600
4,9653052213300
3,9654171121000
4,9656946150100
4,9657012613400
3,9657012708700
2,9657187708400
2,9657759717200
4,9658170474100
2,9658339147800
3,9658932578900
1,9660214748700
1,9662643756500
1,9662751067800
3,9663895649100
1,9664627121500
3,9665643334700
1,9666151304800
4,9669392547600
1,9673570080700
1,9675328001200
2,9676583722300
3,9679159225800
4,9679195245700
4,9680690827800
1,9681006151100
2,9681484088800
4,9683170441100
1,9683540652800
3,9683703365900
4,9684109710600
2,9684332516800
1,9685800272000
4,9686402286100
1,9687864860800
4,9689801863800
4,9690550410000
4,9691570010900
2,9694137465300
4,9694227268700
1,9694299947100
1,9694687186900
2,9695185081200
2,9696031200400
4,9696321711500
2,9701178436600
1,9701206861500
1,9701339760900
1,9702762509300
1,9703825629100
1,9705256422900
4,9705638007600
3,9705824944600
2,9706217408300
3,9709445947500
4,9709446033100
3,9709728418800
2,9711576517600
4,9712329476300
4,9712770454700
1,9713111066800
3,9716517929900
4,9717132082300
3,9717947047300
2,9718509395200
2,9720001275200
4,9720198158400
1,9720880428800
3,9722290620600
2,9724129008000
1,9724538369700
2,9726244344900
4,9726568481600
4,9727071059500
4,9727096294200
1,9727996092600
2,9728994311500
2,9729051108900
2,9729217096200
2,9734355291000
4,9734993913500
3,9735655766700
2,9736026679600
4,9736303898400
3,9738448437300
3,9744526353800
2,9745382019800
2,9746546298000
4,9747306886400
4,9750870473600
1,9751039747100
4,9752601531400
3,9752821074500
3,9753580253200
4,9753693418600
4,9754348541900
2,9755317250500
2,9758987311400
1,9759389388600
1,9760463388600
4,9760467287600
4,9762619068900
3,9762877423200
4,9768924268500
4,9772401804800
3,9772511353500
1,9773552556500
2,9775716564300
2,9778040129400
2,9779323782100
3,9783868771000
2,9784932167400
3,9784943374700
4,9788389759600
2,9789441152100
1,9790163535100
2,9790675178000
3,9791791540600
1,9793067771600
1,9794454886600
2,9797219972500
1,9799817560600
4,9801553290100
2,9802600158700
3,9803749695600
3,9804340922600
2,9805905359900
4,9809655185100
3,9810228975900
2,9811525061200
4,9812032487300
4,9812032504500
1,9812033022300
3,9812243983300
3,9812361717700
2,9813545589900
3,9814901495300
3,9815500148200
1,9818927821400
2,9819201200800
1,9819762226900
1,9821740064700
1,9821981654900
3,9822582115500
1,9825597394900
2,9825988358900
4,9826465480700
3,9827188144000
4,9827435388700
1,9827496038700
4,9827973794300
4,9828541959800
3,9828917194000
4,9829926618200
1,9832349127000
2,9832799527600
4,9835054539700
2,9838914441700
2,9840612226900
1,9840994469700
3,9843424332700
1,9843649829800
2,9844526700100
2,9844682303400
4,9845007992800
4,9845948290900
2,9846898097900
1,9849262069600
4,9850505133400
2,9850711595000
1,9851759181100
2,9851919865200
2,9852148940500
2,9853657479500
4,9854605436700
1,9855470714700
4,9855807271900
1,9858272493800
1,9859065585500
4,9860152576100
1,9860808379200
1,9860919999600
2,9861852778500
1,9861904177800
1,9862928410700
1,9863505280100
3,9863505457000
2,9864941586000
4,9865187983900
1,9865321279300
2,9865748364800
3,9866644284500
3,9868586289400
4,9868635889000
1,9868708229800
3,9869870424900
2,9870077159800
3,9870460438700
4,9870996269700
3,9871191103000
2,9875966649000
4,9876031227700
1,9877046089500
3,9878838659000
2,9878932033200
4,9880868818300
3,9885069370100
4,9886711659100
3,9887595248600
3,9892187369600
1,9892354641900
2,9894207723100
3,9894757797500
3,9900489624400
1,9901387968400
1,9902287701800
1,9902678415900
2,9902973089500
3,9904984713200
2,9907470069200
3,9912929482500
2,9914846003900
2,9918037404600
3,9918601185600
1,9918785559700
2,9919934592500
4,9920851879100
4,9924273445100
1,9924273465000
4,9924273675800
4,9928956984700
1,9929779815300
4,9931622623000
3,9932856695900
2,9933366270400
4,9933805360900
2,9935160126600
4,9938253931700
2,9939025245500
1,9941552786600
3,9941769086100
4,9943273282200
3,9943583443600
3,9944046742100
2,9944779169100
3,9945085267400
3,9945668522300
3,9946738910900
3,9947000993600
1,9951213999000
1,9951900447800
2,9952122329600
3,9955225472000
2,9955226107600
4,9956365094800
1,9957019506600
2,9957075850600
1,9957221008900
3,9957759998700
3,9961559150200
4,9964627189600
1,9967289617400
1,9968137380600
1,9968498344600
2,9970201403200
3,9970419949900
3,9970737042500
4,9971160736700
4,9971219483500
2,9972074703100
2,9972650512900
4,9973655923800
1,9973788136400
3,9974323530900
2,9975750362300
1,9976216782800
2,9981539915800
4,9983416682800
4,9985284044100
1,9986498466800
2,9987103724200
4,9987627356500
2,9989057158000
3,9989528619600
2,9990149655600
3,9992106721800
3,9994977526400
1,9996357092800
4,9999663392400
2,9999836739900
2,10000452920800
3,10000772576700
3,10001778713800
1,10004087354000
1,10005351335500
1,10005579936600
4,10005830937000
4,10006595707300
2,10007031033600
3,10008119158300
4,10009095259500
1,10009229621900
3,10010859473000
1,10015041448700
1,10016963359400
1,10017073611700
1,10018424762000
3,10023011728000
3,10031900487800
2,10031900760300
1,10034976473000
3,10035104799200
3,10035471924000
1,10036264972100
3,10036856332200
2,10037290425800
4,10038080205300
2,10041285509400
3,10041461912800
2,10044295193600
3,10044378784300
2,10044816050300
3,10049559450900
4,10049559870600
3,10050284101100
2,10050538000300
3,10051167295100
4,10052058707000
3,10052323311100
4,10054094310200
1,10054299273800
4,10056110722000
2,10057696815900
3,10057711098500
2,10058019162200
4,10059574930600
4,10059769784400
1,10059852651300
2,10060060546200
2,10060466550300
2,10061011982100
3,10061099196500
4,10062848410400
1,10065548990100
1,10065609447500
1,10066054571500
1,10068092560600
4,10068432897300
4,10069235470000
3,10069568396400
2,10074994222800
4,10083664612500
4,10085662155300
2,10087510808200
2,10088647364500
3,10088751374900
2,10091683533900
4,10092160139300
1,10092490456900
4,10092870510500
2,10093960758100
1,10095471308300
2,10095488490800
2,10095799636900
2,10097831077100
1,10099653655600
3,10101559817600
3,10101817336200
1,10103693931100
3,10104198803300
3,10106006949500
1,10108915358400
1,10109078358400
3,10109942164500
3,10110864189700
1,10110906212300
2,10111015523100
3,10111353842400
2,10111879753500
4,10113020787000
4,10113930217300
1,10114627372700
2,10115082959100
3,10116053549300
2,10117092834200
4,10117691516500
4,10119037756400
2,10119432444400
4,10121585480700
1,10122459226800
4,10123385018200
4,10125169965100
1,10127409504900
1,10131034850900
2,10133562422800
1,10135001661200
1,10135304659300
3,10137762743800
2,10137833749300
3,10138005990600
3,10138511890800
1,10139626681100
4,10139892986000
2,10141024137800
2,10141648117900
3,10142217217000
4,10145423140700
4,10146111037700
3,10148497583400
3,10148908610300
2,10149302192500
4,10149361178900
3,10149905179800
2,10151622354700
1,10152175551700
1,10154579979200
3,10155093963400
2,10157950072500
4,10159503090800
1,10160558532300
1,10163646855400
2,10165926074200
1,10166539783100
3,10166630163600
3,10166688781700
1,10166942315800
1,10167719801500
3,10167719956700
3,10168124342600
3,10168344505200
1,10169905036800
1,10170874008800
1,10171707774700
2,10178192081400
4,10179384839900
2,10180546859900
3,10180783185800
3,10181297801100
2,10181854671200
1,10182091167800
3,10185365211700
2,10186570642100
2,10187280545500
3,10187662173300
3,10187746044200
3,10192460495600
1,10194116387800
2,10197612909100
2,10198136301300
4,10204071817600
3,10204763764600
1,10205720701900
1,10205818786500
1,10207174317300
2,10207382901400
1,10208082065400
3,10208082575400
3,10208878375500
3,10208925405100
4,10209338356200
3,10212884224300
4,10213357834500
1,10213558217800
3,10213644034700
2,10213752164600
3,10216052585600
3,10217480259100
4,10218136975400
4,10221480466000
1,10222723081100
3,10223803373300
4,10223998741200
4,10226795183900
2,10228323496600
3,10229198472900
3,10231947286800
2,10233200587400
3,10233672350600
3,10234385477000
1,10237918106900
4,10241081784700
4,10245056807900
4,10245812023500
1,10246626999200
4,10246876023500
4,10247763973900
2,10248032054200
2,10248742920800
4,10249262665200
1,10255462496900
2,10255507326400
1,10257919968400
3,10259521130400
1,10260296400400
1,10261601332100
4,10264008563400
1,10264156781700
3,10265058128100
2,10267614594600
3,10267999289000
1,10269600744300
4,10270169191600
2,10273261413600
1,10273826922500
3,10274010064800
3,10274169074500
3,10274492749200
4,10274625332500
2,10276359473500
1,10278042744100
2,10278204617700
3,10278204641800
3,10279225102500
3,10279780962300
3,10280632241800
3,10283121197400
4,10283537463200
4,10287075949900
1,10290695840500
1,10291094406500
3,10291597440500
4,10292382190900
2,10292719223900
4,10296748066300
1,10297000194000
3,10298696752500
3,10301984595500
3,10302886745800
3,10304246305400
4,10308502354000
2,10308502529400
3,10309688458200
1,10309758696800
2,10314353588700
1,10315292723200
4,10316678836300
2,10318040237600
4,10322006406500
3,10324456215700
4,10325487807300
4,10326706107800
3,10327145191500
4,10331604168500
4,10332677172600
3,10333147133700
4,10334094487300
3,10336430853400
1,10337741796600
2,10337935700000
4,10340242305700
4,10340990100800
2,10343307799200
3,10346198006400
2,10346632400100
2,10346856003700
4,10346861311100
1,10349472731000
4,10350043585800
2,10351298388000
2,10351650837700
4,10357448528100
2,10360910861100
4,10364071559100
2,10364829394200
3,10364883406500
4,10365026059500
3,10365917310100
3,10366538153900
4,10369338363600
3,10372291377900
4,10373345934600
2,10373669497200
4,10373928693100
4,10373928706800
3,10375237982600
3,10376501958200
4,10376502056500
2,10376816211700
1,10377976258800
2,10378913987300
2,10379503887100
2,10382873375000
1,10386218763800
1,10386391500500
1,10387290725100
2,10392504131200
2,10392862240300
3,10392869276500
2,10392945434200
1,10394166130900
4,10394645084000
1,10397746616900
1,10399269850600
2,10400099416700
3,10406290328200
2,10407702286500
4,10408757228000
2,10408923651300
1,10409606661100
2,10410750655300
3,10411109852300
2,10411310243200
3,10412116239900
1,10413794548500
2,10415476774900
2,10418107788400
1,10418536966200
4,10419385370700
1,10420711148400
4,10423539958300
2,10425025819800
3,10426588929800
1,10426968697400
1,10432610808200
1,10433607899500
3,10434465129300
2,10435642935200
2,10436536156000
2,10436630716300
3,10438522259000
3,10442064092700
2,10442421654500
2,10443042308300
1,10443908503700
4,10444597169200
2,10445488083700
4,10447107957500
4,10450158147500
1,10452044619000
1,10455953268600
4,10457698035000
2,10459811291700
1,10460040892200
2,10460637196800
4,10464328069700
1,10465749641400
2,10467016089300
3,10468095894100
4,10474320444800
2,10477835766300
2,10478182362400
1,10478366789900
2,10478366905000
1,10479288796200
2,10481098243400
2,10482773437100
2,10483292105500
1,10483532981600
2,10484117831500
3,10484812587800
3,10484818712800
3,10487180814400
4,10489514803300
1,10490621302000
2,10490816645000
3,10496011976500
1,10496288822500
4,10497892440500
4,10498364845800
1,10499550107100
4,10500477841000
1,10500612384700
3,10501085446500
1,10501227799500
3,10502982616300
3,10504300259100
2,10506359214200
2,10506411814900
1,10506672541000
1,10512930308700
3,10513367802400
4,10514788000300
2,10518188079700
1,10518278687900
4,10518384968800
4,10518836427400
4,10520159072100
1,10521020123000
4,10521928831500
2,10522594722700
4,10525862359600
2,10526849583500
1,10528341862000
2,10529091049600
4,10533659410300
4,10537771843100
2,10537896810300
3,10539595458100
4,10540870947400
1,10540956102600
4,10543219036900
4,10546035190200
2,10547384255600
3,10548027415400
3,10548028640800
1,10550201560400
1,10552079640600
1,10552455082500
3,10552934599500
2,10552951292500
4,10552951786200
2,10555276407700
3,10557095344600
4,10557430112200
1,10557949765000
2,10560195011200
2,10561023872200
3,10561942756900
1,10562371562500
2,10563647996100
3,10565829458000
3,10569070339100
4,10569272130300
3,10571633292600
3,10575024572800
2,10575353312900
1,10576321886100
1,10576443363700
2,10577917501600
4,10578441299700
3,10579422211700
1,10584162215800
2,10585142310700
4,10585742892000
2,10587462415600
2,10588305253500
3,10588599358300
3,10590532452100
1,10590627110800
4,10591948376600
1,10594236589900
4,10596161762800
2,10597508578700
2,10598752031300
2,10598964998800
2,10598994922500
2,10599252853000
1,10599252885000
1,10599638402300
3,10602108075100
4,10605145479300
3,10605180039400
1,10605278498600
3,10608235284500
2,10608494637800
2,10608849352500
1,10612601801800
1,10612675610700
1,10612753319400
1,10614020430400
1,10614033775400
2,10616021758000
2,10616071621300
2,10616071623500
2,10616101394600
4,10617163723200
3,10617745423800
2,10618892167100
2,10622384861200
1,10622440317800
1,10622539264700
3,10624986224200
2,10625595353200
3,10626288920100
4,10626933823500
2,10629682308700
3,10629931610900
2,10631136808200
2,10631811641900
1,10632315505500
2,10632847012700
1,10633933499400
1,10636385218800
1,10636425087500
1,10640724939500
3,10641151747300
3,10642234266500
1,10642637813000
1,10643664645000
1,10644369041400
1,10645579418100
1,10646863541900
2,10649038611000
2,10652871515300
2,10653366486200
3,10655367727500
1,10655595418700
1,10657692699700
1,10658210854900
1,10660850708400
4,10662313322600
3,10662951962100
4,10663060651800
2,10663720782400
2,10665534657700
3,10665592917100
3,10666936861300
4,10667079772000
2,10667303087000
3,10667452263800
1,10671338033300
1,10672691752100
1,10673076466400
4,10673531771900
4,10673849910300
3,10675093786500
4,10675686031700
4,10676194713700
3,10678687963200
2,10679614631200
4,10680426687500
1,10681789621400
1,10684176512200
1,10688350609700
2,10690337239200
3,10691294239400
1,10691713565600
3,10692663294800
1,10694078606100
3,10694657168900
4,10694968333100
2,10698257999300
3,10698710308500
1,10700283307900
1,10701584520400
3,10705503695200
3,10705798734800
2,10705935287700
4,10709332128900
2,10712281621400
2,10712338264200
2,10712338275800
3,10713634443400
4,10714382299700
1,10714716338300
2,10718002369500
2,10718177405300
2,10719565145600
3,10725860707800
4,10728367877400
3,10728671960300
1,10731628011300
3,10732820810800
2,10733281364000
3,10733534442400
1,10733673785900
2,10737280853100
1,10737960033400
1,10738149806000
1,10738149816800
1,10738149948000
3,10738330894400
3,10739418181500
2,10739418866900
2,10739852815200
3,10741284831600
1,10741496516800
3,10741532299300
3,10743109584000
3,10743550782700
4,10744067101100
4,10745101636600
3,10745965605600
4,10748792104500
2,10749625443800
2,10749745334500
1,10750394479800
3,10752728379900
4,10752941202200
1,10755821560700
1,10757122272900
4,10759574332800
3,10762674619400
4,10762740491300
4,10762805592600
4,10763101293300
4,10763601728400
4,10763601861700
3,10764424313800
4,10765652302400
3,10766791127900
4,10767341360200
3,10771211373800
2,10771531585500
4,10773408987100
1,10773898819900
3,10774266429000
4,10775780485700
2,10777911833000
1,10777911839300
1,10791580483500
2,10792072205000
2,10792529005400
1,10793900899300
1,10798349949900
4,10799628193200
3,10800092807400
4,10800203520500
3,10803051088100
1,10805281572600
1,10805372123800
1,10805749782500
2,10805850793200
1,10806435459900
3,10806942649500
3,10808646061500
4,10809888964700
1,10811603044800
2,10813679552100
3,10814429100800
3,10814788628100
2,10815553742800
1,10815656305700
1,10818515213100
3,10820027468200
2,10820188361700
3,10820808414400
4,10820874268700
3,10822598658200
4,10822730442400
3,10823875779200
1,10824695321000
2,10825039519600
1,10825261116700
1,10827705296600
2,10828120198500
4,10834139338300
2,10835991053300
1,10836611893700
4,10838594919500
2,10839074974600
1,10839195804500
3,10839331463000
1,10839407166500
2,10840509885900
3,10842168879400
2,10844300744500
1,10846762283900
3,10847744287300
1,10848236008600
2,10849729039000
1,10849999663500
2,10850074047800
4,10850197152200
3,10851001079000
2,10858648200600
3,10859639407600
4,10859639937600
1,10862493969800
2,10863487204600
1,10863590297700
1,10866978618800
3,10867382492900
4,10869892232800
4,10870630577700
1,10873010675700
2,10876137881900
1,10876465877500
4,10877033600300
1,10877726596200
1,10877952503300
3,10879566185800
4,10879734942700
3,10880080470300
1,10883310100000
2,10884269013200
4,10888225361300
2,10890110917900
3,10891593722400
1,10891593997400
3,10893012643000
1,10896100581000
2,10896772276300
4,10897079867000
3,10897707209100
3,10901861921700
1,10902387658800
2,10904957085600
2,10905237047600
3,10906925326200
2,10913643438800
2,10914558624000
3,10914879393500
2,10915343131000
3,10917941757800
2,10918952082100
4,10922126462600
1,10923753931300
2,10923909089300
3,10925276261000
3,10927997163900
1,10931433046200
3,10932214189800
3,10934094624400
4,10935308125900
1,10937719498600
4,10938240034300
4,10939233039700
1,10939744217100
1,10939997610400
4,10940737037300
3,10940998668900
4,10941276585400
1,10947899715300
3,10949888979800
3,10949889246900
2,10949889478400
3,10953146472200
4,10957761188900
1,10958670596500
3,10959889873200
3,10962019449200
2,10962300342300
2,10964277893100
2,10965615997400
3,10966087656500
4,10969145905900
1,10969650916400
2,10972547290900
3,10977929101400
1,10981692585100
3,10983145671000
3,10983145675700
3,10983145730100
3,10983146028800
2,10985437998400
3,10985523189500
2,10987549325500
4,10987861685400
4,10996716631000
3,10996961316600
2,10997419202700
4,10997546543500
3,11002102692700
1,11003128226300
4,11003571597900
3,11003627126200
4,11005921105400
1,11007017645500
3,11007295959200
2,11007941951000
3,11008394638600
3,11008925161400
2,11011267764600
3,11011268180900
2,11012460241000
4,11012742958200
1,11015509889200
3,11016511885800
2,11017816142400
3,11018672078300
4,11020598622900
1,11021136097400
4,11022448109600
4,11025590418600
1,11026245758700
3,11026560126600
4,11026749585400
1,11027100283300
3,11028182943800
4,11028497027200
1,11032075516100
1,11032376040000
2,11033035366400
3,11035204933700
3,11036787912800
1,11037864062100
2,11039697102800
4,11039926771700
4,11040189487800
1,11040296939900
2,11043951539900
3,11045381796500
2,11046271245500
1,11049842596600
1,11050890836000
1,11050890840200
1,11052560440600
1,11057073704800
3,11057139579300
3,11062728030800
3,11062792021600
1,11064025466000
2,11065217526400
1,11066990778000
4,11069313587900
2,11069488947000
2,11071123584900
4,11071390723800
1,11071453321200
4,11073261712300
3,11075514048800
4,11075806215900
4,11077196331700
1,11077691617500
3,11077691875200
3,11078566960400
4,11080226293900
1,11081364577700
1,11081761141900
2,11082878639700
4,11083382609500
4,11084277618300
4,11084369297100
4,11084717578600
1,11085179038800
3,11086902952600
1,11090046627500
1,11090378464600
3,11090717100500
4,11092712276000
2,11093291957100
2,11093496787600
1,11095751192100
3,11096690464800
4,11097844599200
4,11102617103200
2,11102863694100
1,11104361120700
3,11104752373800
3,11105770019800
2,11106305959800
1,11109016151400
3,11110346074200
4,11114092267300
2,11114614726400
4,11115385440600
1,11116956048200
3,11118048855200
4,11119541906600
1,11122141057100
4,11122272732900
2,11122770204900
3,11122770244300
1,11124650310000
4,11125768452700
1,11127608656700
4,11128478752600
1,11128728238900
2,11128783913400
3,11129262129800
3,11130013798600
1,11131683132500
2,11134732956500
1,11137509080500
2,11137872375800
1,11138308310800
3,11138932441300
1,11140098493900
4,11143492312200
3,11144371748700
1,11144612689000
1,11145541224600
3,11145863323500
1,11147148487800
1,11151969009700
1,11154380753000
1,11155317409700
1,11157303441400
4,11157715351800
1,11159227183100
1,11161852156400
3,11164081808500
4,11165744395000
4,11166715593100
3,11167217924300
1,11170432356300
1,11171059397500
3,11171082800700
2,11171138506500
2,11172007929500
1,11172173292800
1,11172462955100
1,11174669379500
2,11176856254500
2,11177652453500
4,11178734339900
2,11181295848500
4,11181520404800
3,11182063956300
3,11185297971300
2,11188753515600
2,11189660353000
1,11189893215000
1,11189942756500
3,11193536080200
1,11194650024100
3,11195581956200
2,11196911945300
4,11197555082600
3,11197699119100
4,11198814584700
2,11200399189200
3,11201149882400
3,11201266995600
2,11204701239700
4,11205371885700
4,11214892470400
4,11215114360900
2,11216686117200
2,11217695210400
2,11217695339800
1,11219471460800
2,11219533783400
4,11219619790300
4,11220702247800
3,11221797620800
4,11222404931100
3,11222878486100
1,11223836249800
1,11224120571000
1,11224849789400
4,11228887994800
1,11229276571100
2,11229887849000
4,11231092560500
4,11231984663400
2,11232753597500
1,11232968061000
1,11235028737600
2,11235190379600
2,11241149711200
4,11244543079400
3,11246332673400
1,11248194678600
1,11250693341300
4,11253136018700
3,11253677538000
4,11257933487500
4,11258349470500
4,11258429115300
3,11258523958800
1,11259448743100
4,11259898778800
4,11262466877200
2,11267413767300
1,11267862033200
3,11268032968400
3,11269107226200
4,11270345185400
1,11271678058000
3,11272976306500
3,11273569772400
4,11274641721000
2,11275686550200
4,11275886895400
3,11278075190900
2,11278445119300
4,11278998337200
4,11279730422800
1,11280846175200
1,11286578072100
3,11288683292200
4,11289812714700
2,11290569695700
4,11290655254500
4,11290770834600
1,11294980644600
3,11295286683200
1,11295508764500
4,11295694788900
4,11298043283900
4,11299048006300
4,11299507231200
1,11299901566600
1,11303600246900
3,11304341494300
1,11308203320100
2,11308906788100
1,11309309813800
3,11310517241400
1,11311624574800
4,11311801568500
3,11312156125000
4,11313621940300
2,11314009235800
4,11314198856400
4,11316387919300
3,11319812698200
1,11322119374000
1,11322246175500
1,11322320002000
3,11322816717500
3,11325363285200
3,11325534595700
3,11327449748400
2,11328170277500
1,11329684546500
4,11330023621000
3,11330642190500
4,11335226449500
2,11335533704100
2,11336607369800
2,11338260754800
3,11338641851600
2,11339009688300
2,11339302223400
4,11340243000300
3,11341053584300
2,11341371520000
3,11341516199200
4,11341934945600
4,11342065690200
4,11349092178400
3,11350679816900
3,11350698641600
2,11352210226600
4,11353916946500
2,11353927283300
1,11354868580300
1,11356208714100
1,11356940953400
2,11358370017600
4,11359786598400
3,11362187976800
3,11362605606300
3,11364321895800
2,11365656364200
2,11369286853200
3,11369393427100
1,11369685927800
1,11370510607800
2,11371569619100
1,11373338331800
4,11373416160300
4,11373899169700
3,11376507056300
1,11377662719900
1,11379429434400
3,11379645018300
3,11380312756900
3,11382046427600
3,11383866874300
2,11384105247400
1,11384239958000
4,11386200971800
1,11387448565400
1,11388276255900
2,11388949540800
3,11389467329400
4,11390060590700
2,11392253457400
2,11393208210200
4,11394251340000
1,11395226567100
2,11395226583200
1,11395270262400
1,11395596273300
4,11396990806500
1,11397601349500
3,11398551771100
1,11399175919900
2,11400979018000
1,11402595134900
2,11404145758000
1,11405045076600
3,11406977927300
3,11407766349800
1,11408802050400
2,11410421496200
3,11411392792400
3,11411881414500
4,11411881478000
3,11414570835000
1,11415957227100
4,11419129507400
2,11420053383500
4,11420840287300
3,11421316667600
1,11422412981700
2,11422505342600
2,11423662715700
3,11425783810400
4,11426235933500
1,11427740452800
1,11429106640200
1,11429220856200
3,11433389534000
2,11434515075300
3,11434633536600
4,11434850372200
4,11437436768900
1,11438845321800
3,11441650941900
1,11444679004600
2,11446820093400
2,11447441294300
1,11448195829300
4,11450285921200
3,11454363486700
3,11454652124500
2,11456147783500
4,11456453556900
3,11456787136300
3,11457043668700
4,11458107963000
3,11465483934600
2,11467943845300
4,11469996436400
3,11471161391200
4,11474219592200
2,11474648089100
1,11475045657100
2,11475982874800
2,11478874244900
2,11480442229300
3,11482932385600
2,11482978855200
1,11485765681600
3,11486458984400
2,11490450709500
2,11492098113600
1,11492940437500
1,11494799262700
1,11495718576600
1,11495788349000
3,11495812541800
1,11496944150100
3,11498049311300
4,11500608833400
2,11501078969700
3,11501469131300
1,11502272226700
4,11502349013900
4,11504234583900
3,11506684445000
1,11506919031400
1,11507739202700
2,11512838870600
2,11513493978300
2,11514099021700
4,11515639521600
1,11516038613100
1,11516263282100
4,11516579299300
4,11516672982400
2,11516923123800
2,11525042933700
3,11525185735500
1,11527649519600
3,11527649692000
1,11531171670300
3,11531463423900
3,11531809033000
2,11533627902400
4,11535267370700
4,11536947844700
1,11537111797800
2,11538716571500
1,11538716840100
2,11538862455700
4,11539283608300
2,11539666756200
2,11540372359400
1,11540491671600
4,11540697708900
3,11541113120500
3,11541985313700
3,11543541584500
3,11545468652400
1,11546168533700
4,11547527116300
4,11547650621500
1,11549241076600
1,11550526881200
4,11550609407300
1,11553068560800
1,11554207868500
4,11554311483100
4,11554850212100
1,11557009185300
4,11557316212500
4,11558302757000
4,11558402953000
4,11559014897900
3,11561201129100
3,11563252830800
4,11564868034500
1,11565076865300
3,11567087410200
4,11567122186700
2,11567254563900
4,11567385616600
3,11567985775300
4,11568252823400
2,11568309477000
2,11570420606900
4,11571445002900
1,11574497025200
1,11579336828100
4,11580038960000
4,11580872748800
1,11582211970200
3,11583326073500
2,11583851860600
1,11584435091900
3,11586018242700
4,11586670677500
1,11587267560500
1,11591122346000
4,11593789613100
1,11595271072700
4,11595805554200
4,11602531061100
2,11602623207400
2,11605341618500
2,11606818872000
1,11607114695100
2,11608857818000
3,11610057390800
4,11613112070400
2,11613223821600
1,11614165143500
1,11619658920000
1,11621328299800
2,11623515091200
1,11624718492700
4,11624895082500
4,11627872402600
3,11628693251100
1,11630106597600
1,11630868132900
2,11630971409200
1,11633264140500
4,11634409687800
1,11636102837900
4,11637240307600
4,11639459405200
3,11641377491400
4,11642930910800
1,11643049456300
4,11645748519300
2,11652247267900
1,11653264094900
1,11654724262100
3,11654806746700
3,11654950137500
4,11656244998300
1,11658535601200
1,11659465441200
1,11659759500900
1,11659960432600
2,11661177259200
4,11664826399300
4,11664862384500
1,11665055766100
4,11667172147300
4,11668311856800
1,11668631222300
4,11670315974500
2,11670410841900
2,11670734612700
2,11670748458500
2,11671776435200
4,11671839754700
4,11674656153700
4,11675319250600
3,11675887254300
3,11678131289700
2,11678400305600
2,11680116639500
1,11682006103500
2,11684513802200
1,11684658336000
3,11686529652900
4,11687216101700
4,11687381786900
1,11688416830300
3,11689872514500
4,11690005615500
1,11692343053100
4,11692542078000
2,11694610461000
3,11694954934000
4,11696025387200
1,11697237865900
2,11698454730700
2,11699297329000
2,11699505869900
4,11699734642700
1,11701853872700
4,11702121326400
3,11704928638800
4,11705452298100
3,11705452654000
3,11708997472700
1,11711847751300
1,11713245244200
2,11717096273200
3,11718681099300
1,11721129352800
3,11723451257100
4,11723543224600
3,11724602546300
3,11724698847400
1,11725738924300
4,11725782801100
2,11726064575400
1,11726067503300
2,11726467626800
4,11727192929800
3,11727732482600
2,11734341697700
1,11734538496000
3,11735522193400
3,11737780883700
3,11738543978500
2,11739136413200
1,11739859895600
4,11739871849400
4,11740931807100
1,11741756877000
4,11742571397400
1,11742831845100
4,11742895313800
4,11744139258700
2,11745361857400
2,11745547964600
4,11745885305900
3,11747398140500
3,11747798803700
3,11748292327800
3,11749741825400
1,11751017147000
4,11751541353300
1,11751603530300
3,11753036350700
2,11753338879400
2,11755349503300
4,11757377745200
2,11758111488000
1,11759520226800
2,11760103522200
1,11760280973200
4,11761772712400
4,11762292490300
4,11765492122500
1,11766733644100
4,11767136870700
2,11767516580800
3,11771128698900
2,11771791298900
3,11772617258100
1,11773146922800
2,11775116025300
1,11775116057400
1,11778477506400
2,11779108600700
4,11779382402300
2,11781790618100
1,11782684144400
4,11783319747000
1,11784735633800
3,11785912796300
3,11785966889600
3,11786749722200
1,11788573841700
1,11788652174400
2,11790131648300
2,11790261685400
2,11791038222300
2,11795343142000
1,11796651526200
4,11797647973800
2,11798720787800
4,11800551088400
1,11801215119800
2,11801249442800
2,11806802407800
1,11806899032900
4,11811118104400
3,11811823894300
4,11814534328900
3,11816218772700
3,11816291750700
3,11816454641400
3,11817469196500
3,11818420924500
1,11818694418300
3,11819875495500
3,11819930096100
4,11820708541100
4,11820708553000
1,11823700377300
2,11826048360700
2,11827218266600
4,11827275664800
3,11828058920900
4,11830043767200
3,11830562494200
4,11831632405700
2,11831860982200
3,11832459710600
4,11832912286400
4,11832944584600
1,11833285211300
3,11833887594500
1,11833928710900
2,11835223551600
3,11839215080400
3,11839466497800
4,11842904311700
4,11843101870300
2,11843706916200
4,11845411150200
2,11845751043700
4,11846149013400
1,11848503355100
4,11849619768200
3,11852404545000
1,11852404862800
1,11856345795100
1,11860869933900
3,11861279566400
1,11861694741600
2,11862266849100
3,11864325225500
2,11864903808700
1,11866410946600
3,11867258488600
3,11868503346300
2,11872024365500
3,11872196655300
4,11876597433200
3,11879816743500
1,11882077251400
4,11882344872300
3,11884772792100
1,11884814524400
2,11885021369900
4,11887320815400
3,11888053597900
2,11888206229200
2,11889747054600
4,11896129657200
1,11896988762400
1,11897076554600
3,11897986535400
1,11898588290600
3,11898756802400
1,11903757904700
3,11904123665400
2,11905243299300
2,11905529052000
1,11906913846400
1,11907018449600
1,11907201227200
1,11911021557800
2,11911609638900
1,11911747907700
1,11911901807200
3,11914286201800
1,11920421533100
1,11921976669600
1,11924169948700
3,11924901622900
3,11925140899300
3,11925616450600
4,11925843331800
2,11925953705900
1,11926750046100
3,11926857464300
3,11931362551600
4,11932195778900
3,11935477139800
2,11936186924100
4,11936470425800
3,11938036411400
3,11938824274800
3,11942741551700
4,11943188763700
1,11945630454800
3,11946176406200
4,11948319221700
1,11948366580200
3,11949397281200
2,11949822628500
1,11950282196000
4,11951452823800
1,11951461605400
1,11951577596000
3,11954465917700
2,11956339708400
3,11957176757100
3,11958162280200
4,11958513486500
4,11958545212900
1,11958577319700
3,11958936431100
1,11959254869800
2,11959667100000
4,11959746429100
1,11961414565900
2,11962251477100
3,11965076693000
1,11966192495400
2,11966192571000
2,11968100838500
2,11969451665000
1,11971476759400
4,11971633613400
3,11973160110700
2,11973861410800
3,11974523114200
3,11975272841300
2,11976317753500
4,11977452756700
1,11982637803400
4,11985531580800
3,11985778579200
2,11986474326500
2,11986595694900
1,11992360450200
3,11993119882800
1,11993441468500
4,11993585412900
1,11995047285900
3,11996119728200
1,11996680206600
4,11998341238400
4,11999017976900
4,11999931786900
1,12000129714400
3,12000129779200
1,12001610888700
4,12002382739400
3,12005196285100
2,12007914725400
2,12008130653500
1,12008268633900
4,12009197697100
4,12009716010700
2,12009734205000
1,12012873407500
1,12013326077100
3,12013573700900
4,12017526188700
2,12018958816200
4,12019915628300
2,12019916406200
1,12020447062300
1,12021405506800
1,12023688436900
4,12025288179500
3,12027330741200
2,12027999363100
3,12028022313000
3,12031839163700
2,12032553017100
4,12035336946000
3,12035435678800
3,12035435692600
3,12035435694500
2,12035606284900
1,12036484989000
4,12038459039000
4,12039681038800
2,12040152639200
1,12040716071900
3,12043488909400
4,12043718037400
4,12045533986100
1,12046598704500
2,12046783354800
1,12047369558700
4,12049369179700
3,12049637359400
1,12050306185100
4,12050659025600
1,12053416699000
4,12054384661000
3,12058584071100
4,12058590476600
1,12058767633900
4,12061412374900
3,12061797074200
4,12062709850700
3,12062895656000
4,12064138606600
3,12064222123000
4,12065449814900
4,12065767588700
4,12066073404700
4,12067023102800
3,12068170629000
3,12069051849000
4,12069051912400
2,12070402965400
2,12070403051000
1,12072050123200
1,12072493311500
2,12073162618100
1,12073330547700
1,12073330797100
2,12075711033500
4,12077686025000
4,12078937770500
1,12081611663100
1,12083359756500
1,12083465573000
3,12086690289300
1,12089475908400
4,12091292494500
1,12095979224100
3,12096531343100
4,12097135418800
2,12099129999300
3,12101414131000
1,12107877571800
3,12107919232200
4,12108472482800
4,12108718467300
4,12109273560800
3,12109273824300
2,12109441712100
2,12109650484900
2,12109650501800
1,12110189720500
1,12110812412800
1,12111078650400
2,12112023855300
3,12112226273100
2,12113456085300
1,12114802947000
1,12118163703500
1,12120723492700
1,12121543593400
1,12121861167800
3,12126636971400
4,12127538057400
4,12128123147600
2,12129809543500
2,12131566058700
1,12131757855500
2,12133435387900
2,12136037508000
3,12136248859100
4,12136365053000
1,12137824349700
1,12138372982500
3,12140211242300
3,12140528109400
3,12141130187800
3,12141736679300
3,12141865846200
4,12142049022200
2,12143986044800
3,12145525605300
4,12151061051000
3,12158946740700
4,12160756370600
1,12161916923300
1,12161917562800
3,12163377952800
2,12163982896100
3,12164440412000
4,12167779327900
3,12169059608200
4,12169200379900
2,12169425819500
2,12173385535300
2,12173397823300
1,12176064300800
2,12177872254800
4,12179014037400
2,12179351554300
1,12182466698100
1,12183238583600
2,12185842471300
1,12188110532300
1,12189543729500
4,12190788725000
4,12190844631200
1,12191243109700
3,12193090438500
3,12195746297700
2,12195862691100
3,12200820019300
1,12201450094700
2,12205602773900
1,12206752277800
1,12207650239000
4,12207842807700
3,12209087394000
3,12209177356100
1,12209327179500
1,12209916651900
4,12211522623500
3,12213453882500
3,12214391279800
1,12215137119800
2,12216110982300
4,12216544217400
2,12216718087900
4,12217880514900
4,12218321951700
1,12219042311800
1,12219172355800
1,12219385288500
3,12219588974900
2,12221185535700
2,12221480250200
3,12222244316000
2,12223342576400
1,12223536786800
3,12225854182500
4,12227319794000
3,12228438055100
1,12229599044000
3,12230067539700
3,12230360700100
2,12231833976600
4,12232960651200
4,12233256602800
3,12236185188800
2,12236772172400
3,12236963480800
3,12237005654000
1,12237930059200
1,12237952650400
4,12238588553700
2,12239560463300
4,12240702359200
3,12240702631500
3,12241848387200
3,12243063497000
3,12244554620400
1,12246744214100
1,12247745733600
1,12248174887800
3,12248178230300
2,12249828424800
4,12250866795600
1,12251158419800
4,12252380006000
2,12256445028600
2,12256476871500
2,12256541261600
3,12256664234500
4,12259647714900
2,12261951535500
2,12262145832000
3,12263894514900
2,12268482313500
3,12269146100500
4,12272388563700
1,12272548232900
2,12272642080300
2,12274413232100
1,12278332868600
3,12278661291100
4,12279384772200
4,12281359962200
4,12281854446700
2,12284503145400
3,12284718746500
3,12290087799600
4,12290654111700
2,12292078382500
4,12293449345700
2,12293747394400
1,12293964418800
3,12294477735800
3,12296939151100
2,12298162979400
1,12298515594700
1,12299717642000
3,12299855010500
3,12301171749900
1,12301188444500
1,12301762517900
1,12302786081300
1,12304796231500
1,12304866365700
4,12305929766200
1,12309112434900
3,12309254492600
2,12310189607100
1,12310396860400
1,12312978605400
1,12315443416900
1,12316538235600
2,12318920050800
3,12321889375200
2,12324866367000
4,12326376071100
2,12326420141900
4,12326566001600
4,12326951780500
3,12328093209800
2,12328307006500
2,12329888139700
1,12329945093500
3,12330509748300
1,12331307561100
4,12332033308700
4,12333300213400
1,12333329502600
4,12333367402400
2,12337390461800
1,12337794747400
2,12339943318900
1,12340372679800
2,12342120214100
1,12346502201100
2,12346706911500
3,12347867049900
2,12349242680500
2,12349350631300
4,12349856607100
2,12357802766700
1,12359556151900
4,12362993461900
4,12365690618300
4,12366750887700
2,12367283585900
4,12368091804600
2,12369049946500
3,12371706163900
4,12371915192100
1,12373554958000
2,12373818793900
1,12377120313200
2,12378671073700
1,12379477630300
3,12380165842100
1,12381273107800
2,12383215138300
4,12384332128200
3,12385327038600
4,12387229443200
4,12387781600900
2,12388125957700
3,12388721896500
1,12389063680300
4,12390704457100
4,12394685098200
4,12395647468200
1,12396523753500
2,12402778922000
3,12403913181200
2,12406019155900
1,12408620641000
2,12408981685000
4,12413655283100
2,12414650356400
4,12414933202200
3,12416313442600
3,12416510707200
4,12417325479700
1,12417985180000
4,12420878360600
3,12425214796300
1,12427702648500
2,12428269337400
2,12428951216400
3,12429002047500
3,12433059209800
4,12433209013500
3,12434177132300
2,12435714077500
4,12438645330500
1,12440982183800
3,12441220601700
3,12441759092800
2,12442153527100
4,12443468829800
1,12444479841600
2,12445593121200
1,12445705718600
1,12446073557700
2,12446318798900
1,12447032062400
3,12451429296000
3,12451900827700
3,12453208246600
3,12453689897800
4,12455509313400
3,12458195040900
1,12458763582800
3,12464573867300
4,12467729686200
4,12468588236300
4,12469521515400
4,12469619688900
1,12469774970300
4,12469840220500
3,12470666673600
4,12471676108000
4,12474721669200
1,12474793207600
2,12475069945300
2,12475556253900
1,12476907495400
1,12476916888500
1,12479483027200
1,12480402862900
3,12480864633400
1,12483767491900
2,12484116824100
2,12484199209600
1,12484750083100
3,12485531397600
2,12485940217500
1,12486994315500
2,12487029046100
3,12489635961200
3,12489636151800
4,12489636670400
1,12491692966100
2,12493908096500
2,12497783827800
2,12500013395600
1,12502833365100
2,12503098349300
2,12503898761500
2,12504803053600
2,12505090895400
4,12506608940500
4,12509893000600
1,12511801951700
2,12513672875200
1,12515216943300
3,12515217049300
3,12516770612600
3,12519375379000
4,12520120994600
4,12523796842800
3,12527024004800
4,12527572144500
4,12527622277000
2,12532414704500
4,12534640977800
2,12534642507900
2,12537597972100
2,12538285255400
1,12539854334800
3,12542130358400
1,12542211386900
4,12542951366900
2,12545706572700
2,12547240990200
1,12548548515800
2,12551035047100
1,12551691321500
2,12552713778500
2,12553075002100
1,12554304001400
3,12554889275100
4,12554976339200
1,12556198089100
4,12556437586400
2,12557398239900
3,12558431077900
4,12558481971900
3,12559779872900
3,12561898648000
4,12561940156800
3,12563934725100
2,12564138123100
4,12566590999200
2,12567669601400
3,12569950602600
3,12571312447700
1,12571417870000
3,12571528783100
1,12573244227900
2,12573481154300
3,12575126358800
4,12575674085300
4,12576476047000
3,12578059418400
1,12578188444500
2,12581450649300
4,12581701741400
2,12582658230300
3,12582658877300
2,12584042042800
3,12585522489900
1,12585940025700
2,12586017206100
4,12587654787900
3,12590409999900
1,12592660544600
3,12596013096200
3,12596103461400
1,12598443712000
3,12598814184600
3,12599757768100
1,12599875080300
4,12600163418700
4,12600764738300
1,12601258648100
4,12601306006000
2,12602666190300
4,12602930773000
1,12604821117000
1,12604891458300
2,12605132461700
2,12605167393200
1,12605172001500
1,12606722301500
2,12606807888700
4,12608266591000
3,12608810141300
2,12609539715600
1,12610181986700
3,12611793422600
4,12612010036200
2,12612010602900
2,12612831949100
2,12613506163200
1,12614638323300
3,12617515548400
2,12617957578600
4,12620291282900
1,12621541500100
4,12625321062100
4,12626059902900
2,12627467339400
1,12627922049700
3,12628844588900
3,12629875041000
2,12633076548200
2,12634139993400
1,12634991558000
4,12637339774000
1,12638272532900
2,12639322407900
2,12640839484300
2,12643778777100
2,12644319672300
3,12645062281100
1,12646790048100
2,12650689918400
2,12651906792700
2,12656742624300
3,12658578289600
3,12659008980200
2,12659909400100
3,12661425332700
4,12661915213100
3,12664039828200
2,12665832293900
1,12666495012000
1,12669661783600
4,12672849539100
3,12674578814600
1,12676702733300
1,12677993649000
3,12679148923900
4,12679767189000
3,12681026777800
3,12683510323200
4,12685186387800
1,12692463851100
4,12692770036600
3,12693532596500
1,12694200650400
2,12694254143200
1,12695834383200
3,12697616651000
2,12698143498800
3,12698512846200
4,12699576927200
2,12699633849100
4,12700306580800
1,12703940077900
4,12705536443000
4,12706362245900
4,12706685537500
1,12708203083900
1,12708745162600
2,12710601401600
1,12710732434100
4,12712100535300
4,12712100588500
3,12714103229000
1,12714892871900
1,12715197236500
1,12715532010100
1,12715914867300
4,12716652277500
3,12717602986000
1,12718551509800
1,12718591025900
4,12721989381900
3,12722590184600
3,12725550569500
1,12727556916800
4,12727742160300
1,12728380074000
4,12731233938200
2,12731642760800
2,12733013200600
1,12733240975700
3,12733852879000
2,12734550654500
1,12735439933600
4,12735818554700
4,12736532091900
1,12736595075000
2,12740725709800
2,12741379235100
3,12741810819200
3,12742291367300
4,12743160230700
3,12743229208200
1,12743481223300
1,12745165068300
1,12745297252400
1,12750038816200
3,12752912775600
4,12753356256800
1,12754216810800
2,12754285380300
1,12756942083100
4,12759331582900
4,12759556938600
3,12759792400400
4,12759862757400
4,12760569262700
2,12760847142900
4,12760899556500
2,12763910652900
3,12764667450000
4,12765241200600
4,12766736564400
2,12767107587500
3,12771075898200
1,12771589362000
2,12772512104300
4,12775098227200
2,12775933550300
3,12776617593200
1,12778059737300
3,12778078359200
2,12778426381000
1,12778451010400
1,12782516809500
2,12782828446400
1,12784524082600
4,12784702237400
4,12786345213700
1,12786684430200
2,12788618142500
1,12789596021800
1,12790615493800
1,12790799597600
1,12791476860000
4,12791613919000
4,12791767557000
4,12792927929100
3,12794008731200
4,12794008916700
1,12795214537100
4,12795497511500
4,12796192948800
1,12798648726000
2,12798837814600
4,12799922384100
3,12800130827500
1,12800556133500
2,12800672004000
2,12802935970600
1,12805570781900
3,12808366031200
3,12808899783400
1,12809757689900
1,12810092641500
3,12810349720400
2,12813176555500
1,12813792831500
1,12814108167700
4,12815343936100
4,12815417577700
2,12818480948900
1,12822562968600
2,12823759526700
1,12824440152300
4,12824560902200
2,12825790291100
2,12826271593500
2,12827659176900
3,12827995241400
1,12828594899600
4,12831608752500
3,12833656658300
3,12834651262400
4,12836112207100
4,12836702218800
2,12836826399000
1,12836893182700
1,12836893342900
1,12837120951700
2,12838510731800
2,12841921993600
1,12844180681600
3,12844771464800
2,12846658856200
4,12847242322400
3,12847941664100
4,12848341320700
2,12848491159400
2,12850994183700
4,12852990185600
1,12853813985100
2,12854430612200
2,12856268221400
3,12858474232800
1,12858737286000
3,12859638897900
2,12859711446300
1,12859857103000
2,12860626624600
4,12861286987300
2,12862824684400
1,12868292070100
4,12868871595900
2,12869964592100
1,12870153316900
1,12870153482200
1,12870269645800
4,12870387057600
3,12871638624400
3,12874462318600
3,12875947213000
1,12877941167400
1,12880321909100
4,12880656788200
1,12882183444500
3,12882314744100
2,12882773375600
1,12882905215600
4,12883839890500
4,12884159717200
2,12885961620800
4,12886668168900
3,12889480879800
1,12889908525300
1,12891777050000
4,12891845611500
2,12891894938500
3,12892390659100
4,12894400927500
2,12898237861600
4,12903331364400
1,12903956949700
3,12906181246000
1,12907965579400
4,12908896937600
4,12909648899600
1,12909736774200
1,12912210748000
4,12912331525600
1,12913297767800
3,12916184197000
4,12916614192400
3,12917947570200
2,12919334110300
4,12919587311600
1,12919782261600
2,12922324345200
1,12925549682900
3,12927487262200
3,12927973836000
1,12931006639800
2,12932891782200
3,12935170420200
1,12935918647400
1,12936227248100
3,12938298690800
2,12939799479400
1,12940317629500
4,12942900759000
2,12943638236700
1,12943742579100
4,12944444953700
1,12944476791000
3,12945207756400
3,12946158419900
4,12946423583200
4,12946907050500
2,12947622377900
2,12948315585000
3,12948521764200
1,12949531738400
3,12950273695300
3,12953043081600
4,12953093306700
3,12955260620300
1,12955689238800
2,12955753541400
3,12957795082500
3,12961874038400
3,12961925172400
1,12963369243700
4,12963641592200
2,12967278885300
2,12968871599300
4,12970321100500
3,12972412955500
1,12974198692300
1,12978105865800
4,12979595005400
2,12979683446300
1,12980179945200
4,12980997375300
4,12982135788400
1,12983052069600
4,12985685200900
2,12986063450500
4,12988748390100
1,12989323647600
2,12990604369400
2,12992793617300
3,12993911688100
2,12995338972100
3,12995590588500
4,12998086159600
4,12998999920200
2,12999116246300
1,12999348450900
2,13001904552400
1,13002396548900
1,13002518595000
2,13003762546700
3,13005948053700
4,13009265116400
3,13011069720600
2,13011621729900
2,13013348311200
4,13013681455100
3,13016765041400
3,13018823946700
4,13019305785400
3,13020756822700
1,13021600040900
2,13022182043500
1,13025997475900
4,13030462400500
4,13032386126700
3,13032432024200
2,13034580820200
2,13034856218500
3,13036441412300
1,13038333850700
4,13039634912000
1,13039838721300
1,13040354272200
4,13041354246400
1,13042629039700
2,13044167017700
1,13046661872700
2,13046800230700
2,13050069386700
3,13053856985900
2,13054432135600
4,13054674798400
4,13057145391500
1,13058711817800
2,13059505081900
1,13061715493900
1,13061898769400
4,13065924709900
4,13067753326300
1,13069274312700
1,13071639381600
1,13071758277400
1,13072149903200
3,13075035053800
1,13075312659900
3,13076902819000
1,13076971425300
4,13081128617200
3,13081797702100
1,13082063920700
1,13082904061400
4,13084790243400
1,13086367620300
4,13086632158700
1,13086988392000
1,13087880609800
3,13088507443600
4,13089368906700
3,13097515585700
2,13098460059400
3,13100443890000
2,13100870770300
4,13101123852500
2,13101533190000
3,13104727201700
2,13104752831600
3,13104906425000
2,13105814201900
2,13107592968200
3,13108136400600
1,13110496148200
1,13112561549700
1,13118858582600
3,13118908982900
4,13119218818700
2,13126478320200
1,13126783806100
2,13129733063200
1,13131566038500
1,13133281255100
2,13133630682200
2,13134671421700
2,13136264534500
3,13137620558700
1,13137620872000
1,13140128920300
2,13141622248500
1,13144232873000
3,13149357917200
2,13151777753200
4,13152151841900
4,13152227127700
3,13153956131100
3,13154147093700
4,13156118247300
4,13156304021900
3,13158247914300
2,13159774905600
2,13160431436500
4,13161097681600
3,13161844017500
3,13162002660600
1,13162098824200
1,13163942588300
1,13164089259400
2,13166305458500
3,13166328773900
2,13168170205200
3,13168722898000
2,13168971190300
3,13169852905400
3,13173344457400
3,13176442317500
3,13176459678800
2,13180064258000
1,13180447226000
2,13181554112000
1,13182592587100
2,13184944354200
3,13186711395600
2,13187450292100
3,13190454068400
2,13191730766800
3,13193375429200
3,13199991112100
4,13200501477100
2,13200614619100
3,13201745809800
1,13203142386700
2,13204845944000
2,13205126802600
4,13206668462400
4,13207422796800
1,13209408806200
3,13212085868400
2,13214217019400
3,13214379190100
4,13214544827100
2,13216668609400
4,13218001922100
4,13218002046000
4,13218379056400
4,13219800568600
4,13222741652800
2,13222836327300
1,13223108036300
3,13223179614600
4,13223592173300
3,13223603045800
3,13224038027700
3,13227711322800
3,13228823954500
4,13232030558500
1,13232670251100
3,13233540156500
4,13237185172400
1,13241997418000
4,13242340891000
1,13245599010700
1,13248433609700
1,13248966559900
3,13250405247700
1,13250512318400
3,13252907459500
3,13254457522400
1,13255876654300
3,13259443151400
2,13260540745700
3,13260540806000
3,13262828817500
3,13264324246500
4,13265883554500
4,13267506685700
4,13271444023700
2,13272599517000
2,13274341597900
2,13274590174800
4,13276296741000
1,13276429277900
1,13276535732500
1,13278117635300
1,13283802910500
3,13284752401200
1,13289248808700
4,13289582391700
4,13289863338500
1,13290695046400
1,13294854872500
2,13295799607500
1,13296956753600
2,13299531449300
2,13299949456900
4,13302097421300
1,13304730600500
3,13304992544600
1,13308578257800
2,13312903021900
1,13313601990200
4,13314859715200
4,13314859718100
2,13315093126400
3,13316429079100
4,13316766312700
3,13317993255800
3,13318242954100
1,13318971801400
2,13320067558700
1,13322181467900
3,13322803345400
1,13326202892600
1,13326720317500
1,13327671758900
1,13328352269800
3,13329887074900
4,13330230720800
1,13330253301200
4,13331692188600
3,13332125252700
3,13335069728600
4,13336197006200
1,13336430994700
1,13336676136700
1,13337080682900
1,13338283997100
2,13338630295600
2,13338774943000
3,13338811213500
3,13339199315100
4,13339881279700
4,13340589571800
3,13341108839300
2,13341650468600
4,13343044979000
2,13343561250900
1,13343758123500
1,13349205772200
3,13352330969400
2,13352870472900
1,13353932738600
1,13354046499300
4,13354502805100
2,13356225271900
4,13356734613700
4,13357356940000
2,13361065131400
3,13362322107900
4,13365994880500
2,13366382061900
1,13366477828100
1,13366620147300
1,13368928618100
2,13376303778100
3,13377950139000
1,13378076742700
3,13378989904700
1,13379083269400
2,13379384935500
3,13380481199200
3,13380985697000
1,13381085914700
2,13385850144400
2,13385911881500
4,13391004398200
3,13392914976300
1,13394166345700
4,13395725219200
4,13397131616200
1,13397473127300
4,13397509835300
1,13398911170200
2,13402745211900
2,13404458392900
2,13405328145500
1,13406148326700
4,13406148419700
4,13406747151300
2,13408135287600
1,13408978676700
2,13408978748300
2,13411105159600
4,13411789992400
1,13413559106600
1,13414031809800
2,13414620043600
3,13416387460000
4,13417474650000
2,13417896141300
4,13419390251400
3,13420415416700
1,13422550548000
2,13425546814000
4,13425546843500
1,13426577152000
4,13427906088400
2,13428354856200
2,13429149576600
2,13429618687300
3,13432366784900
4,13433027046800
1,13433390257500
2,13436745816300
3,13436839440400
1,13437308640900
3,13437402581800
4,13437498490200
3,13437544371200
4,13442585173200
1,13443246487000
4,13444078778100
1,13445427664000
3,13445974484200
4,13446158458700
2,13447856594000
3,13449414029500
3,13450080544700
2,13450905675400
1,13452221065500
1,13452221097900
2,13457227821300
2,13457576617400
4,13458568075500
1,13461677909300
3,13463543492700
2,13463975915300
1,13464978463400
4,13466893546100
4,13467876344000
1,13470358291900
2,13471743649600
1,13476331405400
3,13477542100700
4,13478872803800
3,13480450848900
2,13481345250800
3,13482361395100
1,13482645178200
1,13485315983900
4,13487025701300
1,13487337331700
1,13489255685500
3,13489303227300
1,13489355480200
2,13490739271200
4,13494061585600
4,13494306078300
1,13494699912000
3,13499191746000
3,13500380232600
1,13500439410800
2,13502899071600
1,13505625850300
2,13508347806600
1,13508896200800
1,13508999028200
1,13510705407800
2,13511127836900
1,13511625542400
4,13514045672000
1,13515782303300
1,13515836181800
2,13516639802100
1,13517483896200
2,13517843661000
3,13518740960900
2,13518971480400
4,13519753731800
4,13520308744100
3,13521600432100
3,13521646853200
3,13524262299500
2,13525948534200
4,13526318683100
1,13527678437700
2,13528092801000
1,13528734710100
3,13531087091300
1,13531724640800
4,13533023997600
3,13533875435700
4,13534145722000
4,13536117800100
1,13536302621900
3,13537387810700
2,13537965375100
3,13539462550600
3,13543916854000
1,13545521268000
4,13549530714000
3,13549986961400
1,13550344359400
1,13550344456200
4,13550783812400
3,13551654068000
4,13553626224400
4,13554730930000
3,13556681596500
2,13557051426900
2,13563122882700
4,13565282706600
1,13566139573600
4,13566234823800
4,13566362152900
2,13567905331500
2,13572476494100
1,13572766851800
1,13572972831800
2,13573668369500
4,13574388917600
3,13574468569500
1,13575773434400
4,13575796799800
2,13576497025100
2,13576857277000
1,13578161934200
1,13579396176900
4,13581439546300
3,13582747767200
4,13583430471700
4,13585924792300
4,13586411554100
3,13588814556900
4,13589402604600
3,13590031589900
3,13593937675300
1,13594201289100
2,13595214480300
2,13596018987000
1,13596299662500
3,13600034236900
3,13600331674400
3,13600479171100
4,13601284498300
2,13601482131900
2,13604043938600
3,13606558196100
3,13606558401100
4,13608204350900
2,13608250983000
1,13608457396400
3,13612151070000
1,13613177850900
2,13613187636900
3,13613256674800
1,13614513689700
2,13620348652200
3,13620622370400
3,13625006976200
2,13627847059800
1,13628105746000
3,13629524670100
2,13631698669500
2,13632065290500
3,13632073992700
4,13632638304900
3,13633188405900
3,13633691853300
2,13634680704300
1,13634772044400
4,13636516726300
2,13638056709600
3,13639074279400
3,13642148670600
2,13642502089500
3,13643660627000
4,13643831436000
3,13644606364100
3,13645071250100
1,13645418013900
3,13646769350600
4,13647564514900
4,13648346433900
4,13648594430200
3,13651034471600
2,13651064677500
2,13654012648800
1,13654012805900
2,13654406122500
1,13654673157900
3,13655672890100
1,13655799819800
4,13656602343600
4,13657104321400
1,13657173741200
3,13659215869200
3,13660188280100
4,13660489510500
2,13662048356400
3,13663333082900
1,13663967458800
1,13664412229400
3,13665312217400
4,13665903768700
4,13667040286100
2,13668603339000
3,13668868160400
1,13671314170000
2,13673563552100
2,13678370235300
2,13680551976700
2,13681001151200
1,13681180372800
3,13681532900800
1,13682190967300
3,13683362163700
3,13685241246500
3,13685362772800
2,13686368073800
4,13689269978000
4,13691557140400
1,13693559307400
3,13694203814400
3,13694949745600
1,13695018285300
2,13696608451800
1,13696793764800
3,13697246949700
3,13699256920600
3,13699355842600
3,13701306980000
4,13704366924800
4,13705023894900
3,13705301326500
2,13706078429500
1,13706261332200
2,13707086568900
1,13709352775200
2,13709423453000
2,13711875313000
1,13711926402300
4,13713752859200
3,13713752866800
3,13717911254700
1,13718244266700
4,13719829087000
2,13720256230700
2,13723228234300
1,13723775513100
2,13724906754800
2,13724926680800
4,13724939925300
2,13727079879600
3,13728230938600
3,13730757216600
4,13733399572100
3,13733872901400
1,13735438528100
1,13736742046700
3,13736763645700
3,13737139189200
4,13738109782300
1,13739582300100
4,13740471242200
1,13741479205100
2,13741895597100
4,13741925262100
2,13743256404000
2,13744743188900
3,13746831639900
2,13747041492000
2,13748962694000
1,13752560254600
1,13753787805300
4,13755023596500
2,13755281394200
3,13757426369100
3,13759898102000
3,13759991720900
4,13760693063400
3,13761605696000
4,13763013486700
1,13763125210700
1,13763641395300
3,13763929156700
1,13768079553000
3,13768979444800
2,13769877058900
4,13771461927800
1,13774591924900
2,13774741429900
4,13775480208000
2,13775588375100
1,13776703386900
4,13777740872200
3,13777741038700
2,13779465370800
4,13780940360100
1,13791324836700
2,13791335394900
1,13792627532100
2,13793120363200
4,13796009676200
1,13796283129900
2,13802731486000
4,13804077803000
3,13805171424200
2,13808675293600
4,13808885028700
3,13810893985000
4,13812361655800
1,13812387681700
1,13812751188600
3,13813080017600
3,13813278022900
1,13813807818600
3,13816750151500
4,13817842561700
3,13817892058500
2,13817892239900
4,13818711011800
3,13819139670700
1,13819424443900
3,13820675366700
4,13820931645000
4,13822137941600
4,13825419020900
2,13825621747500
1,13826582669900
2,13827456022200
2,13827838863500
4,13827839029800
3,13828935259600
4,13828986192300
3,13829115935300
4,13829161748600
2,13830634213100
1,13831017659900
1,13831528980100
4,13831689378600
4,13833247955000
3,13834089317200
3,13836743154200
3,13837212015600
3,13837757942000
3,13838133531000
3,13839090087500
2,13839687874700
4,13841092214200
2,13843854905900
1,13843962041700
2,13850417722300
1,13851117749900
4,13853870527500
3,13854115049500
1,13856171552000
2,13856234002200
2,13856489976200
2,13857135339200
4,13861038788900
4,13862073971600
4,13863014891800
4,13864101385900
2,13866680437100
4,13868795500800
1,13868839222700
2,13869034431600
1,13869988963300
1,13870708467100
1,13872619508000
1,13874654992300
3,13876588467800
4,13878153287900
2,13878416546600
3,13880865568700
2,13882298316500
4,13883922819500
4,13886661045900
1,13887159222400
4,13888971610900
1,13892003416300
4,13893399471400
2,13893763459400
3,13897795321200
3,13899428548700
2,13899461287800
3,13899576338900
1,13900865220500
2,13900941441100
3,13900992422400
3,13902596587100
2,13902681613000
1,13904794308800
3,13906384086400
2,13906548264900
4,13907388946600
4,13907749695100
4,13908454194900
2,13909104185200
2,13911989130500
2,13915158608300
1,13915399830400
1,13917911549200
2,13922715766700
4,13925102740200
1,13929686103400
1,13930143714900
4,13930253963000
4,13931317086500
3,13932374185100
1,13933336480300
4,13934425776200
4,13935337181600
4,13935515116400
2,13936287286000
3,13936496842800
2,13937765051800
1,13939114137100
2,13941894019500
1,13943198056500
2,13944614649900
1,13945920068300
3,13946505327500
2,13947995101500
4,13949640598500
4,13955133208400
3,13955784486300
3,13957720781000
2,13958742448100
2,13958890743000
4,13959427864100
3,13961469328700
3,13961674807600
1,13965898547000
1,13966978114300
4,13969858450300
4,13971570495800
3,13972355960200
2,13975407757700
4,13978272534900
1,13978474570600
2,13978615659000
1,13978881112300
4,13983328151100
2,13983969707500
2,13986204636100
4,13986990942700
2,13988224682000
1,13990258219400
3,13990391529800
4,13990859661200
1,13993195352700
3,13996107854700
3,13997254095600
2,13998396558700
1,13998790828400
1,14002861675300
1,14004619407000
1,14004661432000
3,14004988796900
4,14009387433100
1,14010313633300
1,14010594653800
4,14010921994300
4,14012308415600
3,14012469970700
1,14013379251900
2,14014607859900
3,14014824778200
3,14015252063800
2,14019957993200
1,14020096349000
1,14021756987500
2,14023399202400
2,14024382175300
2,14024580836400
3,14024846973600
4,14024953539600
4,14026726985400
1,14027417393500
4,14029469186100
2,14030251659200
4,14032017406400
1,14032541565200
4,14033034369700
4,14036851967100
4,14038042558700
3,14038798234600
1,14039006993400
4,14039156050200
4,14039551617700
2,14040392974000
1,14041229904900
2,14041504610900
2,14042850584600
3,14042984125800
2,14043079324000
3,14043157677200
1,14043944207000
3,14045199772700
2,14045685487900
2,14046076839700
1,14047789072100
3,14050082734000
1,14053712196300
1,14054238179900
1,14056368398400
2,14057174117100
4,14057521926500
1,14061692851500
2,14062423029500
2,14063024431200
2,14063232983200
2,14063637322900
2,14063903051500
3,14064452799300
2,14064654334500
3,14064706224200
4,14068551627400
4,14069013719400
1,14069921638100
1,14070482455400
3,14070698891600
4,14071679555700
4,14071812913400
3,14074664967900
1,14075563959400
3,14076061412300
4,14078041620400
1,14078448419200
3,14079329725600
3,14079918824700
2,14081057493800
4,14081475122700
4,14084744684000
2,14085553646600
3,14086993442300
4,14087433609800
3,14087549693600
3,14088582430500
3,14088679200400
3,14089549702200
1,14090822339400
2,14093106951100
2,14094504504800
4,14094833425600
3,14095675181000
1,14096138408500
1,14101848044100
4,14103638220900
3,14104005573600
1,14105809723300
2,14106138264900
1,14107336686400
2,14108550040600
4,14109660109400
3,14111494160700
3,14112691227600
4,14112966265900
4,14116269559000
3,14119355034000
3,14119370085200
2,14123298114300
1,14123323025700
4,14124592861200
3,14128443538300
2,14129065665800
4,14129891440400
1,14130839033800
1,14131170127600
4,14131495451700
4,14132692194400
3,14135336046700
1,14136437844000
4,14136779205200
3,14138312055800
2,14138540118700
4,14141005339200
3,14141496184500
3,14145861945700
2,14147785850900
2,14147927923400
4,14148114512000
4,14148409294300
1,14148877851000
4,14152370325900
3,14161631018300
4,14161731018300
3,14162969991500
2,14163939859200
2,14165336050600
2,14166544063600
3,14170808093300
2,14170991805900
4,14171291768000
3,14171863797200
3,14172687519900
1,14177673975200
3,14178091766000
1,14178914139800
1,14180104647800
2,14180406844300
1,14180761084100
3,14181183758300
2,14185508942900
2,14187492174600
1,14189807013700
3,14190038065000
4,14190289214600
3,14190289224200
3,14192391417100
1,14196273048400
2,14197728806000
1,14197852413600
1,14199574426800
4,14199660960100
2,14201123345100
2,14202408301900
1,14203531758600
4,14203984060300
4,14204385371400
3,14206496394300
4,14206997475900
1,14209791834000
1,14209984402500
3,14211442841900
1,14212616410600
3,14214626301700
4,14214848029900
1,14214872369700
3,14214899439900
4,14215917753700
4,14216609647900
1,14217013476600
1,14217295223400
2,14217979044400
4,14218214107100
4,14220493848700
2,14221795724000
4,14225596894000
1,14226790204500
3,14227240480500
3,14227240735900
1,14227358039800
1,14233187918600
3,14234186479600
2,14234811353200
3,14234956601600
3,14235258065300
3,14235482089000
3,14236368145300
3,14238509744500
1,14238902307400
4,14238963192000
1,14241419128000
3,14242005609200
1,14243016369200
1,14243953029800
1,14245042754500
4,14246209327400
1,14247256263800
3,14248588246300
4,14249030594700
4,14250161668000
4,14250339707800
1,14251404405300
3,14254331137400
1,14262352630100
4,14263167766500
4,14265828583500
4,14268341092700
1,14270678182500
4,14272056966800
1,14273188141800
3,14274246865800
3,14274269640900
3,14274610139200
3,14275591267600
3,14280141739500
2,14281262308700
4,14283774032800
4,14284792647400
4,14285110188600
4,14286324111400
4,14286341530100
4,14288491880900
1,14291154943000
2,14293707993100
4,14294894931200
2,14296701127300
2,14296760232000
1,14299502140800
4,14300887489100
4,14300976754200
2,14301513020500
2,14303289036200
4,14304986219300
4,14305520687400
2,14308444506600
2,14308818119200
3,14310161375800
2,14310765955300
3,14310920900500
4,14313631816600
4,14314412001000
1,14315323805900
1,14317772031600
4,14318109723800
2,14319366222800
1,14319861158900
1,14319913554500
4,14320980145200
3,14321290932800
2,14324383930000
1,14324520671400
2,14325504843400
4,14327231813900
4,14330989768000
4,14331028156800
1,14332033417700
4,14332551938400
1,14333080394900
4,14333700164400
3,14333961038900
1,14334458277400
3,14334607048900
1,14335645785100
3,14336096353800
3,14337166993600
1,14337692310000
3,14339474964800
1,14342603622400
4,14344234129500
3,14344557013400
1,14345758765600
4,14347484668900
1,14348127518700
4,14348813052900
1,14350320939300
3,14352167104700
3,14356509957500
2,14357359466600
3,14357513950900
4,14358178435400
1,14360571511800
1,14362115740700
2,14362491712200
2,14363898823600
4,14364290399300
1,14364568107500
2,14365217862900
3,14365618179600
2,14366470752400
2,14369192259900
3,14369570595400
3,14369997732300
1,14370963714200
1,14371776758200
2,14371918886800
1,14372598916600
1,14374342503200
1,14375242422900
2,14375924694900
3,14379487025600
2,14379554774000
3,14379946237200
3,14382661340300
1,14382768117500
3,14383091569900
3,14383766343500
2,14387441166100
2,14388123261500
4,14392852010800
3,14395637933400
2,14396132040600
4,14401323490400
1,14401888589500
2,14403772728600
4,14405184872800
2,14405911319500
3,14408951883900
2,14409799351800
1,14415333478900
1,14417936288900
3,14418190124600
2,14420564911200
3,14421946472500
4,14425101918100
1,14426394283500
2,14426729877200
3,14426756456200
1,14427460931600
3,14428170112800
1,14430750272300
3,14431098094900
4,14432178722300
4,14432849654300
3,14433457621600
4,14433465929700
2,14435949963100
4,14436045294900
1,14437353925400
2,14438582136700
1,14439620595000
4,14442816157600
1,14444263895800
4,14445506774000
4,14445560670200
3,14445710267600
3,14445917307600
4,14449113585400
2,14449858458500
3,14449957863900
1,14451245916000
2,14451894543700
1,14453324035700
4,14453437128700
4,14454552984200
1,14454815605100
3,14456283754700
1,14458016250600
1,14458479418800
2,14460281857100
4,14461272020000
1,14465478436100
1,14465744197600
2,14465744863700
1,14466824586400
3,14468745545700
4,14469202689100
1,14469222607500
2,14469503105700
4,14469503548700
2,14470296571900
1,14471299374700
3,14473941197700
1,14474536368800
4,14475720298100
3,14475720601100
2,14475748316900
2,14476892846400
4,14477755806700
4,14481322898000
3,14481396596600
3,14481453858400
1,14481603052900
4,14483900642700
1,14484166031400
4,14484720680800
4,14486602704900
3,14494885334800
4,14496153506700
4,14498635982400
2,14499140436600
1,14500213315800
1,14501041857300
4,14501572909900
4,14502354311200
2,14502544352300
4,14503062739100
1,14506848859600
1,14507232042900
4,14508541584900
2,14508782637800
1,14509628910200
4,14509908701300
1,14510077775500
3,14510167128600
2,14510505826100
4,14510929108400
4,14513307751500
4,14513376989900
3,14513500134900
1,14513610692000
4,14513610822800
4,14513658198400
4,14513707296200
1,14515450257700
2,14516208729900
1,14517828523000
4,14520573015700
2,14521030601100
3,14523058088600
2,14524764606300
1,14529573378200
4,14531419711000
2,14533668771400
1,14533791536200
1,14533988882100
3,14534114649300
3,14534304784200
3,14534488459700
1,14535744826900
1,14536056599600
2,14536239114100
2,14537964288900
1,14539994877600
2,14542454545600
1,14543437441700
2,14547812004800
4,14549624329000
4,14550847476500
2,14551148527700
2,14552463049900
1,14553800403500
2,14553909845500
1,14557261538400
1,14557487109100
3,14559161426500
1,14559706608100
1,14560050787300
3,14562782107000
1,14563839880300
4,14564543289900
2,14566492032600
4,14566654530900
4,14568243782100
2,14568842141900
2,14569216671000
1,14570063043200
3,14571195960800
3,14573712802600
1,14574874908200
3,14575898896900
3,14576145283000
3,14576248735600
2,14578672605700
1,14580812041000
2,14580812205600
3,14580812229800
2,14580909052300
3,14581113919800
2,14582687847300
3,14587064576000
3,14588417376300
1,14591577010500
4,14593374831200
2,14593604848700
3,14593660739500
3,14594875223500
3,14600618972800
3,14602026111100
1,14602814907300
2,14604463405100
4,14605363824000
1,14607786119100
1,14608844302100
1,14608858042200
4,14610212407100
3,14610294335700
3,14611839357900
2,14612806782300
1,14613085395300
3,14613550194700
4,14616818452100
3,14617671659800
2,14618467289300
3,14620939692200
1,14629765389300
2,14629773567900
1,14629917890700
1,14630940326500
4,14631056596100
4,14631136089600
4,14631563871100
2,14639398856700
4,14640344185300
3,14641028094700
4,14642253635000
2,14642691377300
2,14644406559500
4,14644696983800
1,14649938684800
2,14650499103700
3,14651601904700
2,14651761202300
2,14655257093700
3,14655767972400
2,14658371659300
1,14660744014300
4,14665988464700
3,14668433396300
4,14670608643100
4,14671229152600
4,14673718068100
2,14675091558100
1,14677209591700
3,14679994791400
1,14680437216900
2,14684014332900
4,14685274623500
1,14687057614600
3,14690081035000
3,14690691181900
4,14690936374500
1,14691057630700
1,14691596322400
1,14691700424900
3,14692822944200
2,14693723893100
4,14695389725900
4,14700432030900
4,14704577449300
3,14705967234100
3,14707214927900
4,14709603230000
1,14709939881700
4,14713355251000
1,14713449679600
2,14716769264400
3,14717263121400
4,14720918517800
2,14721970143600
4,14723546634200
4,14726261594100
3,14727424098800
4,14728838364400
1,14729644624200
4,14730203325800
2,14731143727500
3,14732511520900
1,14733321695900
4,14733735836100
1,14733820759800
2,14736629738200
1,14736959439500
4,14742867162800
2,14742874509800
2,14744146777700
2,14746575429200
1,14750768082900
2,14750768237300
2,14750768313800
4,14751342119800
2,14754087511100
3,14755808213600
1,14756225687100
2,14757166239200
3,14757488004000
2,14757585390700
3,14758127221600
3,14758244640800
3,14758403108700
3,14760558919800
1,14760706127200
2,14761020783600
4,14762292273300
3,14762533781600
4,14764626075500
1,14765334682700
3,14765658993600
3,14766294881100
2,14766390616800
2,14768418820700
2,14771407445000
2,14771782394600
3,14773633843200
4,14774645712500
1,14775183578000
3,14777886126100
3,14779131432100
3,14783164039100
3,14783277673100
1,14783278085400
2,14786100846300
3,14786730344000
4,14788242568300
1,14788489082900
3,14788787810700
3,14790126511200
1,14791266930000
2,14796026608400
2,14797405292700
1,14799143890700
3,14800414811600
2,14802278681500
3,14808099399800
4,14808435904500
4,14810230496700
2,14811895956300
3,14815193629100
2,14815948239800
1,14817643574500
1,14818604624600
1,14818612592800
4,14819344000800
3,14820897552600
3,14820897754100
4,14821348664600
4,14824353772400
3,14825355838100
2,14825729071200
4,14830748871000
4,14831172428700
4,14834480426200
2,14835296702200
2,14838215018500
2,14838564640100
2,14838600237200
3,14840509999400
2,14841209772100
4,14842882840700
2,14843352379300
4,14847073561500
2,14850042018000
2,14850224773300
4,14855370264700
4,14855871582600
4,14855952302600
4,14856226933800
3,14857126576400
1,14859250571900
3,14860794421600
2,14862108346800
3,14862131553700
1,14862261801400
2,14864326315400
1,14864533065400
3,14865367189700
4,14868003177900
4,14868125002400
1,14870352604500
2,14871160529700
1,14872736925200
2,14872826965700
3,14874896717200
3,14874983637400
3,14875589690100
1,14877773092300
4,14877826831100
1,14881984794500
4,14882234404900
1,14883267212200
2,14883604707500
3,14884410469500
3,14884590075600
3,14886087866600
3,14888653869100
3,14889332601800
4,14892988832200
1,14897723901700
2,14902186704500
3,14902963745200
2,14905287748500
1,14908683717600
2,14912105743800
3,14912926717400
4,14913976349000
2,14915980288100
4,14918420428900
3,14919495648900
4,14925299939000
1,14925617181400
4,14925728002200
4,14927222202300
2,14927736428300
1,14928190337700
3,14933563640100
1,14938377726500
3,14938428105300
4,14938428124400
4,14939654996000
2,14940033298800
2,14940134475800
4,14940325510300
3,14941346115300
2,14944574670300
2,14946758966200
3,14949196284300
1,14949600331000
4,14951447956100
3,14955106568100
1,14956261256700
3,14957896706900
1,14961783736100
1,14962321276900
3,14962795357100
3,14963990533500
1,14966560123600
3,14967974030400
2,14968154925100
2,14968912212300
3,14969355103500
3,14971881076400
3,14973288263200
1,14974733406900
4,14975564460500
2,14977423652700
3,14979381181600
4,14980733945400
2,14980955666200
1,14981936643000
2,14982671633400
4,14984205750500
1,14986492236100
4,14988509082100
3,14988733540900
2,14988842722800
3,14994046166800
2,14994780419400
1,14995031987500
3,14995217283300
1,14995939389700
3,14997704247200
2,15000856929500
4,15001296824300
1,15003404614300
2,15004608552600
1,15007316046800
3,15007355890300
4,15011032576700
2,15011161404300
2,15012249739300
4,15013960444300
2,15016768824500
1,15018272132800
1,15019714489000
2,15020432541100
2,15020815788700
4,15024123241700
3,15024691188300
3,15025627736000
4,15026199843800
4,15026423991000
2,15029984486400
1,15031741969200
1,15031900027800
3,15032336584400
4,15033757429200
1,15034405997200
4,15036366238800
1,15037263169800
1,15038802075000
4,15040766724600
4,15041973312300
4,15042547923300
4,15042909297100
4,15046140037800
2,15049182972400
4,15049277024400
4,15051164600500
3,15051595653500
2,15051639320600
1,15051886220600
3,15052009447500
4,15052748736000
3,15053242477900
3,15053873911600
2,15054233414200
2,15058244224300
3,15058496538800
4,15059607434700
4,15061703138500
4,15062047018900
3,15062054447400
2,15062657600600
2,15063320667900
3,15063555589800
4,15063821351900
3,15063989927800
2,15064546583500
4,15064891838000
1,15067176142500
3,15067958843800
3,15068629788000
3,15076069327500
1,15081504141600
2,15082253015900
2,15082489631100
4,15083259149400
1,15083387976200
4,15084003532700
2,15085303972700
4,15085638866900
3,15086685582200
2,15086936921700
1,15087087282700
2,15088994076100
4,15090415548200
1,15092176621200
1,15092363358300
4,15094558783900
1,15094949743700
1,15095296804200
4,15101066935200
3,15102095388300
2,15103860958900
4,15105975250400
4,15108128628200
3,15108650270500
2,15108847379300
1,15108896794400
4,15109757657900
4,15110588777800
3,15110669181600
4,15112184446400
4,15112731573100
2,15113526060700
4,15117725040600
3,15118760671000
1,15119183536700
4,15120650112900
2,15120951954700
3,15122393316400
2,15122607071800
3,15123266870700
3,15123757296300
2,15125689046500
4,15126714719700
4,15126931254300
1,15129095179000
4,15129159260200
3,15131093126200
2,15132487839700
4,15133096912400
2,15134279835200
2,15134715712800
3,15135213310500
1,15135223176100
4,15136817394500
2,15138668700900
1,15138687422000
3,15139021000800
4,15139037309900
3,15140649675600
3,15142369487400
1,15143596445900
2,15147688899300
1,15147953006600
3,15148023048200
4,15148814779700
3,15149994116400
2,15151265368800
2,15151552217500
1,15154379376800
2,15154676565400
3,15155501077000
1,15158845018700
4,15159901204600
4,15161870849800
1,15161948645500
3,15163109091200
2,15164229354000
1,15165462837600
3,15166828136600
4,15167763214500
4,15169208353000
1,15169567683600
2,15172560441300
2,15174612151300
3,15176431214600
2,15177983973000
2,15177984369300
3,15179433857700
3,15184221456100
1,15186160777500
1,15186684098400
3,15187969016600
3,15188302393000
2,15189684237000
4,15191822702800
1,15194104399400
1,15195593291000
3,15195621588000
4,15198569952000
4,15198666308000
2,15202314481200
1,15208127236000
3,15212781391000
3,15213484553800
2,15214275118700
1,15214586992100
1,15215202509400
1,15215676161400
2,15216032458700
2,15216315302800
1,15217827614900
2,15218430590600
4,15218997587900
3,15222979023600
2,15223868527500
4,15224087290900
2,15224088097200
3,15224546991300
1,15236006462900
3,15236302943600
2,15236303231000
1,15236415782000
4,15240878499400
3,15242380687800
1,15242568086200
4,15243164977300
3,15243175897100
3,15246678754900
4,15247024865000
4,15247366205200
4,15248530802500
4,15248530854300
4,15249496923500
2,15249797269200
3,15250417924200
3,15250590144500
1,15253277087200
1,15254086128100
4,15254508404200
4,15254805784200
2,15255549233100
2,15256218904700
3,15256564121700
2,15256692750600
1,15256794956500
1,15257157683100
3,15258547488500
4,15259621269500
3,15261378693200
4,15263974341800
4,15266781115100
1,15268971760100
1,15273090082600
1,15273828121000
4,15274590205100
2,15276648604000
4,15276776202600
1,15278237622300
4,15278440064200
3,15278860768100
2,15278960976100
3,15279245765800
4,15279443882200
4,15279651876300
4,15283098548100
3,15283576416900
1,15283915547900
3,15284790403900
3,15284851542200
3,15285120431200
2,15285257088000
3,15285428037200
3,15286192966500
3,15287273567300
2,15287675185100
2,15288769601500
1,15292087359000
3,15292378897600
1,15292757707100
1,15292921064900
2,15295820685600
3,15296157957600
3,15296580208100
4,15298561231700
4,15302167847900
2,15303150936600
3,15304718650500
3,15305825334600
4,15308089486700
1,15310313120800
3,15312676626300
2,15312893436500
2,15312894159600
2,15312962875300
3,15313163186100
2,15316577040500
3,15317174314000
1,15317301933500
3,15317738827800
1,15318286936600
1,15318287263300
1,15322880867400
3,15323732906200
3,15323760022300
1,15324468634400
1,15325274363900
3,15327472146900
2,15328726826700
1,15330699137700
2,15331528001600
3,15331830797300
3,15332738636700
1,15333049146700
2,15335926839200
1,15336043909700
1,15336752051900
1,15336752251800
2,15338696944600
4,15339134923000
1,15339425532400
3,15339816729100
2,15340066208500
2,15342507373400
3,15342932032800
3,15345478065800
1,15346004060200
3,15347546289200
3,15350496212700
2,15352287697700
3,15353770461200
3,15353792608000
4,15354703079500
4,15355450090600
2,15355997884400
4,15359764313500
2,15362619205000
1,15363392653300
4,15365068125800
3,15366804073000
1,15368911135200
1,15369801784500
2,15372360291400
2,15372901096600
2,15378371269600
3,15379367637600
4,15382626616400
4,15386669728100
1,15387428552400
4,15388829745300
4,15389325468700
2,15392067736600
1,15392593841300
2,15393130985900
4,15396645883500
1,15397565507100
2,15398129055400
2,15398761656700
3,15398800859600
4,15398831972900
3,15399139748400
3,15399605054300
1,15400147319100
3,15401482298100
2,15401537401000
2,15401729845300
3,15403767362000
1,15408322349900
1,15409593430000
4,15409593526800
3,15410448910400
4,15411070867200
2,15411773966700
2,15412294668200
1,15412931769200
1,15413090697500
3,15413257236500
1,15413362620000
3,15415864239500
2,15418254994000
2,15426410634600
4,15426551682000
2,15427421096200
2,15429099954100
2,15433453919700
1,15435191669300
3,15435226021000
4,15435659994600
1,15435943231900
3,15436252833400
3,15438648869300
4,15439710402800
3,15439712923900
1,15441822615300
3,15442961911600
1,15443488535600
4,15446613236000
4,15447523682200
3,15449534493800
1,15452513239900
1,15454345920400
3,15455544938500
4,15457844805700
1,15460993886400
4,15462720582700
1,15463888604200
2,15466325676200
4,15466483091000
2,15469638388400
1,15471814974400
2,15472473334400
1,15473892302400
1,15473966815000
2,15474093384300
1,15475562935900
3,15475898101700
3,15475924057500
4,15476622000300
1,15477844190200
3,15478644389800
3,15479080392600
4,15481274236700
1,15482163831100
3,15482163985900
2,15485840439500
1,15487465023200
1,15487799311500
3,15490594169400
4,15493900311400
1,15494660752000
1,15497477339300
1,15499260928200
2,15499299743700
2,15499300290900
2,15500445441800
2,15500724165100
4,15502642959600
2,15503689728900
4,15504888866200
4,15505131193800
3,15505617090100
2,15506235239000
1,15508042246400
1,15508074319500
3,15510753123600
2,15511159239400
3,15512594215600
1,15515681834100
3,15517312300000
2,15518233586300
3,15518278574400
3,15520541987900
2,15522040730400
1,15522590674300
3,15522957022400
1,15524066564000
2,15524188305600
1,15524998851500
1,15527197429600
4,15530754004100
1,15531905934900
3,15536135175200
2,15536182112900
4,15538762970000
4,15539668123200
3,15539966544800
3,15540417254000
4,15541119800000
1,15542921964400
3,15543899383700
4,15544716754500
3,15545935764700
3,15548419586400
3,15549399207200
4,15550059470500
4,15551594787200
3,15551916084600
1,15553284536600
3,15553545980700
1,15554760281000
3,15555539928700
4,15558666147400
2,15559590001600
4,15559781052900
1,15559991184400
4,15560882728400
2,15561075414500
4,15561142266300
4,15561408686700
3,15561438589300
2,15562134389900
2,15563492068400
1,15564713855500
1,15566317705000
1,15566455931300
2,15567803433700
3,15568040253000
2,15574799978900
1,15581161815800
1,15582473883700
3,15582512706000
1,15582687544200
2,15583971468000
4,15584629330600
3,15585407763800
2,15586492258600
2,15588088321100
2,15588122734500
1,15591151699300
3,15592349853600
1,15592520156200
1,15592526988500
1,15594285141100
2,15594400900100
1,15595613814700
1,15596223926200
2,15598378412700
2,15598735531700
1,15602876924400
1,15602941665100
1,15603434993000
4,15604617406700
4,15605292351600
1,15609086559100
3,15616999667500
2,15618835832200
3,15623472636500
2,15627308840900
4,15627723604400
3,15627818528300
1,15632935656000
3,15634715503000
2,15636221306400
2,15638893003800
1,15639484916300
4,15640034651100
2,15642859301200
1,15644667744500
1,15646479206300
4,15646781064900
4,15648342828900
3,15652623607800
3,15652624227900
2,15652743491700
2,15653375518300
1,15655898274900
4,15657625005000
2,15658474134700
1,15659472801900
1,15661060677400
1,15662037191400
4,15662708426800
4,15664820463500
3,15665865519700
2,15668204228400
1,15669267901700
1,15671912725400
4,15673322280200
1,15673568082000
4,15675373088800
1,15677427569900
2,15679320920500
4,15679886560100
3,15681194390400
1,15682116194800
1,15682458250200
4,15683810920600
1,15684142164800
3,15685915004800
2,15686933885100
1,15687899981400
1,15688465400700
3,15688552512800
4,15688560735700
3,15689564065700
1,15691452037600
4,15692379138200
3,15692648002000
3,15692724705700
2,15695059590200
2,15695069626200
4,15695282668200
4,15697498468500
1,15699853459200
1,15703747817900
1,15704098955900
3,15704099503600
3,15704781538400
4,15705373452000
1,15708931628900
1,15710729489700
1,15711426280600
2,15712002960200
3,15712386069300
4,15713478433500
4,15713859127900
1,15714617283600
4,15716027990100
3,15716275760700
4,15717356486600
3,15717673111800
4,15719129537000
1,15722730647300
4,15723580332800
4,15725041502600
2,15726061619000
3,15726375309100
1,15728781813000
2,15729835772900
3,15730058970200
4,15731995225100
1,15732081823500
4,15733137470600
2,15735435978500
2,15736473435400
2,15736906717100
2,15738039866700
2,15738784705300
1,15739753756900
3,15742427567300
4,15742992500900
2,15744972879200
4,15745246736700
2,15746294745700
3,15746993445000
1,15748856550500
4,15749649629100
2,15751868611300
1,15754837754800
3,15758104374200
1,15761917688600
3,15763334477500
4,15763866853400
2,15764947846100
1,15766903300800
2,15767766900700
2,15767988961600
1,15768479093200
1,15768480079800
4,15769713265600
3,15770754888700
2,15772171440700
3,15772367087800
3,15774053252400
1,15775155107400
1,15775724839500
1,15776469290300
3,15777307949900
1,15778651466000
2,15780011106700
1,15780361933900
1,15781640729700
1,15781715161100
3,15782531691100
4,15782536105200
4,15785122279800
4,15786809136000
2,15787478343500
3,15788365319000
2,15788365354900
2,15788561347000
4,15789027254400
4,15790550756400
4,15791235475500
4,15791378475300
2,15793226751300
2,15793417478100
2,15793537533000
2,15795141352500
2,15796074877900
2,15798000094700
1,15803456286400
1,15805488908600
2,15806417973200
4,15809586601900
3,15810246224900
1,15811205600000
3,15812396422000
4,15816542518000
1,15817925147000
1,15820821139400
2,15821609838800
2,15822081943900
2,15823957606800
1,15826115331000
2,15826248288400
2,15826547044300
3,15826879983400
2,15827861037400
3,15829927610900
4,15832234846400
3,15832785881300
4,15833383685300
3,15834035196600
3,15834088067500
1,15835371136000
1,15835627177400
3,15835656914000
4,15838052350400
1,15838278177200
4,15839475940700
4,15841085544800
2,15841085561500
1,15841301876300
2,15844760872900
3,15846770185300
1,15846899708500
4,15847199505200
4,15847236988600
4,15847271279800
2,15847287155400
3,15849449707500
3,15851596595300
4,15853029079800
1,15853029447800
4,15853520405500
4,15855165341800
3,15855166892000
3,15856419255400
1,15856669361500
1,15858833263200
2,15859715076100
3,15865153344000
1,15865500262100
4,15865607908200
4,15865747856700
1,15866002270700
1,15867202482200
4,15867456851300
1,15872023033600
3,15873731248800
2,15876379221800
1,15877433435900
1,15877971208600
2,15878437634700
2,15880912968100
2,15881573627000
2,15882504330800
4,15882861085800
1,15884755814000
1,15885501277400
3,15886184282200
4,15888662052600
4,15889552248800
1,15890181549200
2,15890777201800
4,15892347931100
3,15898302989900
2,15898490545300
2,15898897790400
4,15900249463800
4,15900389949700
4,15902122673000
4,15904409799000
1,15907198402200
3,15907361992400
1,15908594084900
3,15909649999500
4,15910018711000
1,15910441488500
2,15912134232200
2,15912622919600
2,15912828731200
3,15912852640300
3,15914971063100
4,15915288235600
4,15916526997700
2,15916851092000
3,15918528856800
1,15922344633400
4,15922510184200
3,15923718022400
4,15924495848400
1,15926937088700
3,15927481009200
2,15929772888000
3,15930341694300
4,15932149823400
4,15932631182300
3,15932916857800
2,15933614098800
2,15935050503500
4,15935961497100
2,15936200616400
2,15938444077400
1,15939271799000
4,15939925382100
1,15940425724000
4,15943411392500
2,15943842365100
2,15944577558300
3,15946386576200
4,15946760103200
2,15947810228000
2,15948132988300
4,15949666447400
4,15952960888700
4,15953053771600
4,15954415484100
4,15954856175600
2,15958505575800
3,15958728219300
4,15959655689400
4,15960380998500
1,15960890265200
2,15961036850000
3,15961836440700
4,15962818141700
4,15962845821600
4,15963272173400
1,15967386188600
4,15968182003000
2,15969178943500
3,15975247846600
3,15975597170600
1,15976266452400
1,15976915759800
4,15978249000700
3,15978401463800
4,15979009942600
2,15981172491700
1,15981222045900
1,15981457557000
1,15982478295800
1,15983727664000
4,15986030827200
4,15986946466500
1,15987056423300
4,15988359562900
1,15988398821800
4,15989144530100
2,15989772665800
4,15990038685100
1,15992900918600
2,15995898275900
4,15996308098700
1,15996999879800
2,15998038199200
4,15998461114200
1,15998502653200
2,15999540357100
4,15999816107200
1,16001811521200
4,16002123799900
3,16002152519200
3,16004369005200
3,16004539628500
2,16007065347900
2,16007507133100
2,16008736695300
2,16008764817100
1,16009830396500
1,16013056845700
4,16013404687000
3,16017115984100
4,16021571581000
4,16025935962000
4,16025936431600
2,16026466568400
2,16027165302200
1,16027389468000
1,16028128755700
3,16028253938900
4,16036864788900
4,16042108681000
3,16043817578300
3,16044118017500
4,16044960346900
4,16044981228700
1,16044981477700
2,16045472710400
2,16046981002900
3,16047896277700
3,16048500656300
4,16048529880000
2,16050221754100
1,16050516954200
1,16050690614100
1,16051664364600
1,16053684756700
1,16053761991100
3,16053784471100
1,16054627909000
1,16055775585400
1,16058596906100
2,16060778667800
1,16061393829100
2,16061551016400
1,16062813565200
2,16065647207700
3,16066124319600
2,16068456008000
3,16069268976100
1,16070695099900
3,16072085999600
2,16072453312800
1,16073951867200
4,16074237617500
4,16078973262300
1,16079776645300
3,16080386052200
3,16080386453100
2,16080691623400
3,16081150598700
4,16081549953000
3,16082289376300
1,16082425521400
4,16082845101200
2,16085491199300
4,16086530994800
4,16086672828600
1,16092139296700
3,16093509956400
2,16093653863200
1,16093656806600
3,16093794322200
3,16093980650500
4,16095056294300
3,16096300249200
2,16097107903500
4,16098740680100
4,16100735859300
3,16100855547300
1,16103691150000
4,16106303847700
2,16107895872500
1,16108316048600
2,16108325934800
1,16109512919700
1,16111292283900
1,16112278169000
4,16112855638500
2,16114461261800
2,16115417815700
3,16115865904200
4,16116489861700
2,16118805586400
3,16120476422600
1,16122405829700
2,16122715512100
4,16129846388500
3,16130957064400
2,16131025971000
1,16131026282300
2,16134259129300
2,16138370961100
4,16138850987200
1,16139754765600
1,16140620646500
3,16142109358900
2,16143341836600
1,16146491209300
2,16149338740200
1,16149531411500
1,16150366796800
3,16150686002800
1,16152700806900
1,16153678130400
3,16153789005300
3,16155097186100
4,16156530618600
1,16158165672800
4,16158992001500
4,16161167108400
3,16162642778000
4,16162899552200
1,16163846358300
1,16165323400300
1,16165876934000
3,16166703018500
4,16167428950100
4,16167780057300
3,16168950721100
4,16174569606600
2,16175481616800
3,16178190154200
3,16180008348400
4,16184227138500
1,16186241664400
3,16187010341500
4,16187601779600
2,16189089256500
4,16189916486400
2,16191109028100
3,16192052344500
2,16192190461800
1,16193815727700
1,16194062838600
3,16196566263300
1,16196932063000
4,16197003563700
4,16198906097900
4,16202516610100
2,16202719373400
2,16202719395700
1,16203881711400
1,16203981531100
2,16205615128200
3,16206777133800
2,16206801444200
1,16207532336200
1,16209554409700
4,16210609418900
4,16211696189800
3,16212407047100
3,16212785862400
2,16213980140300
4,16214476222900
4,16215346947600
2,16217758257600
2,16218034798900
4,16218970033200
4,16219933593700
3,16221453403900
4,16223889686400
1,16225232495300
4,16225506886800
1,16226854654600
1,16232525663000
2,16232914509600
3,16235435135300
1,16235475812700
4,16236550699700
1,16237008569900
2,16237636501600
3,16240707471500
4,16243214304700
2,16245017300000
3,16245320065300
4,16247293523400
4,16249093909100
2,16249520803700
4,16251928700200
1,16252057305800
3,16255017942200
4,16256325291900
3,16257001221500
1,16257838764100
3,16258541830900
1,16264142403000
1,16266158248100
2,16266743229800
1,16267460629400
1,16270676067600
2,16272497216400
1,16272540618100
4,16272551984700
3,16272601295700
1,16273236420200
4,16274500631500
4,16275070255400
1,16275915701300
1,16275930899800
1,16277794699200
1,16282272407800
3,16284129982300
4,16284170830300
4,16284339107100
1,16285383651000
3,16285901887800
1,16286881546100
3,16290493980000
2,16292445385100
3,16293608598000
1,16296051141800
1,16296778995500
4,16299319329200
3,16309650303800
2,16310760218900
3,16310760453800
1,16313037443300
3,16313262098100
2,16315151066300
2,16315867644800
2,16316127516200
3,16316945670900
1,16317641614300
3,16318707822900
2,16320054628900
3,16320571927800
4,16322197328900
3,16324928357300
1,16325358191900
1,16326433455000
3,16326823428800
3,16327741688400
4,16329842604700
3,16330952530600
3,16332331092700
2,16333020864300
2,16334229688500
2,16334276930600
1,16336826605000
3,16338230399700
2,16338959653300
4,16340429751600
3,16341552215500
3,16341606605100
2,16341667926700
3,16341936535800
3,16344063643700
4,16344268868600
3,16344507273800
4,16347287789100
1,16347960703500
2,16349797136100
2,16351014057400
2,16351076596300
2,16351294952800
2,16351558023900
4,16351699739500
2,16352923844700
3,16353982638100
2,16354045163600
3,16355638721900
4,16357949872600
2,16358078563900
3,16359119153700
3,16361582658700
2,16361812146100
2,16364616546800
1,16365170688900
1,16366410053800
4,16366758171600
4,16367398183400
1,16367565639900
3,16367614318500
4,16372113463900
3,16373071075300
1,16374227799000
3,16375911902700
1,16376026775200
2,16378551251100
1,16378760170500
3,16379294210200
3,16379444060000
4,16380045168100
4,16380664745800
2,16381230441100
4,16382773777600
4,16384494005500
3,16387190688300
1,16390446593700
4,16390691739400
2,16390714979400
3,16392151490600
3,16393842792200
1,16396120191400
1,16396850611100
4,16399135972800
1,16401795750200
1,16403624405400
1,16403748218300
3,16404434917800
3,16404435433900
1,16405016116300
4,16405703073600
2,16406029620700
4,16408011622500
4,16409449619500
2,16409809927900
1,16410184769000
4,16410502647400
1,16411219441000
1,16412481101200
4,16413949126700
3,16414919146200
1,16415115734900
3,16416526574600
2,16416709832300
3,16417983899000
3,16420070771900
1,16423090945700
1,16423657944600
3,16430425297300
2,16431171853400
1,16431907017200
1,16432060876700
3,16432631938900
2,16433785489800
2,16439265948700
1,16440470913100
1,16441529799600
3,16443104117000
4,16445379592200
3,16445795074000
3,16445857842200
3,16446327086200
4,16447798486100
1,16448770476500
1,16449311937000
4,16449880665500
1,16450595147500
2,16453282648000
2,16453461415800
2,16454275314600
1,16455016860200
2,16455139118500
3,16457112260900
1,16457131970300
1,16460984446400
2,16461088398700
2,16463396689300
1,16464730547900
2,16467019585700
1,16467118817900
4,16468168430500
2,16469359079500
1,16470193435700
4,16470627364600
3,16470812353400
2,16475491748500
2,16475568229200
1,16475655700200
3,16475699865200
2,16475907984300
3,16476876828300
2,16477437922400
3,16479261595500
3,16479614238900
1,16481051046300
3,16482821354400
4,16484992773700
1,16485185760600
2,16485823225900
2,16485959757200
2,16486077022300
3,16488605392800
3,16490130422200
1,16490325547100
4,16490390550700
1,16495267528700
4,16496546054800
4,16499809974000
2,16500349977100
2,16501640804000
1,16501652318000
3,16503246644200
2,16504247994400
1,16504415784300
1,16505147487600
4,16506387058500
2,16506619062500
4,16507016324100
2,16507745568800
4,16508410107100
3,16509511065800
3,16509683890500
2,16510091109300
2,16511140664300
3,16512175494300
1,16512451337900
1,16514641951100
1,16514641999500
1,16515730217000
4,16517186044100
2,16517186198200
2,16517254666700
1,16519671192700
1,16520300446400
4,16521094838600
3,16523379146200
2,16526632609100
1,16528775101200
2,16529179334900
1,16529179389700
1,16530095540400
1,16531167227700
1,16532917152200
4,16532965006300
3,16533970192200
3,16536024566500
2,16538665487900
4,16539047510500
3,16541427555300
1,16543114947600
3,16543954112600
1,16544304406300
2,16544355150400
3,16545266429100
2,16545707731500
3,16550855161000
2,16551379253100
3,16551566086800
4,16552046785200
2,16552680483500
3,16553532302300
3,16554280798200
3,16555673193500
3,16557891570100
3,16559263457100
1,16559922544400
2,16560021482100
4,16560026257600
1,16565588500400
4,16568074672200
1,16569757438100
1,16571371470100
4,16572524719300
3,16572568636900
1,16572804025800
1,16574650101200
3,16575995419300
1,16576660591600
4,16580986535900
1,16582223766600
1,16583613090500
3,16584649661000
2,16585086734800
1,16586820470100
1,16587004777600
1,16589954884600
3,16589955010500
1,16591362840200
3,16595599213300
4,16596770482900
2,16597517494100
3,16598025919800
3,16608090376200
3,16608090481900
3,16608090615500
1,16608395422700
1,16608466447100
3,16610015791500
4,16611825751800
1,16611916142100
3,16613244518700
4,16614413187100
1,16616684784400
4,16617337174300
4,16618334461500
4,16622130924600
1,16622942818800
1,16623443643200
4,16623757067100
4,16626224307900
4,16626922369600
1,16627883530900
1,16627946785700
2,16628156545500
3,16628323696600
3,16629329948600
1,16629572899500
1,16629692857200
4,16630408861500
4,16631026935200
2,16632187462300
2,16632486659100
2,16633372019400
1,16633679933700
1,16634690062400
2,16636534976300
4,16636910782700
1,16638447837200
2,16639448720900
1,16641930420100
4,16642131663000
3,16643350080600
2,16644110842400
4,16646873287100
2,16648264261000
4,16649207953400
1,16650956707900
3,16651690056300
4,16651993115400
1,16652101612500
2,16653001065700
3,16654000938000
2,16654982760500
3,16655703370400
3,16658716866300
4,16659466025200
2,16659513590900
4,16660767155000
3,16661553375300
3,16662673519800
4,16663229687000
3,16663229805600
1,16663928398200
2,16665641115300
2,16666331814700
4,16667443074500
4,16668467267300
3,16669099529800
4,16669477656800
3,16669477796400
1,16669478123000
1,16669728753300
3,16670489890000
3,16670994322400
2,16671487394400
1,16673695232600
1,16676120802700
3,16677038500900
4,16677038643300
4,16678248558500
2,16678695693600
1,16679665574000
1,16681515095400
4,16683500695400
4,16683975310000
4,16686608881800
4,16686966346200
2,16688089796800
3,16690485245700
1,16690498503000
4,16692052150400
3,16693030996500
4,16693472869200
3,16696784816700
1,16698934656700
1,16700068618400
1,16700118507200
3,16700438018200
1,16700545774400
1,16702922196400
4,16707180982400
1,16709833244000
1,16713376257900
2,16713807991700
2,16719089920600
3,16721207234600
4,16726047287500
1,16729936464600
3,16733118999600
4,16733410556600
3,16733522773700
3,16735429829700
3,16741464816100
4,16742794691700
4,16744383738100
4,16745431841600
3,16749070844400
1,16749240567800
3,16749309555900
3,16750653463100
4,16752558603900
3,16754093616000
1,16754663226500
1,16754757333400
1,16755088413200
2,16759292349800
2,16760963484000
4,16764298021300
1,16764627084400
2,16766021001100
1,16767629095200
1,16768479212300
2,16769398422400
3,16769489018000
3,16776011379400
2,16777426888400
4,16778803913600
2,16780712901600
2,16781620333800
1,16787095549000
3,16788795244100
3,16791127677200
1,16791415106000
2,16793016409600
4,16794549563100
4,16801924780000
1,16802525597400
1,16802868100800
1,16803364849400
1,16803441851200
4,16804145597700
1,16804937428500
4,16808206064700
2,16808329604400
1,16814686059200
2,16814980354200
4,16816334144600
3,16817236257100
1,16819391170200
1,16820364094800
3,16822770713000
2,16823771953100
1,16825765995600
1,16826402249100
3,16827452630000
1,16830565209200
1,16830615605500
1,16830615696900
4,16830946608400
3,16830970686300
1,16834090249100
1,16834562967600
4,16834636257400
1,16834920989300
4,16834951295100
3,16838690198700
3,16838835971600
2,16838871837200
2,16838871850400
2,16842570407700
2,16844333362700
3,16847388375700
3,16847762300100
4,16848656186600
4,16848836206600
4,16850373521100
4,16850514673400
2,16852338445900
1,16855094938200
4,16855983002800
4,16857143919500
1,16857960456600
2,16858252188500
1,16858253679100
4,16860920112200
1,16861060528700
1,16861064403500
4,16861288270500
3,16861551991200
4,16863441670400
2,16864529586500
3,16864632994900
1,16866307684700
2,16868379694000
3,16868896926400
4,16870274248700
2,16870300146900
1,16871494319300
4,16872192604900
4,16872584986800
4,16873408288800
1,16876783980200
2,16878241692700
3,16879958866900
2,16881204663000
1,16882817111000
1,16884264979500
4,16885230310100
4,16887790835900
4,16888037853700
3,16891583022600
1,16891741787200
3,16892919227700
2,16893321041400
1,16894286623100
2,16895795794500
1,16896054295700
4,16898037968300
3,16899645086600
3,16900913531200
1,16901983621400
1,16903298910800
3,16903442356400
4,16903579380700
1,16903972806400
4,16906651038700
2,16908160177900
4,16909169307400
4,16910444973400
3,16911339589100
3,16911500269500
1,16913927811400
2,16915256539400
1,16916017211500
2,16916805623000
4,16919534181100
1,16920646674000
2,16923964989700
4,16925687545700
3,16932628854900
1,16934299558200
4,16936482300600
4,16937201922000
1,16945115215000
3,16945681746000
4,16947288951700
2,16950267955000
4,16951470210000
2,16951552804400
1,16952019869000
3,16952173470900
2,16953009042300
3,16955174311500
3,16955405428700
2,16957120973200
4,16957747859400
1,16960116040200
1,16961381868800
3,16961721212200
1,16962906128600
1,16967110505800
3,16970002505900
2,16970542354400
3,16975300362200
2,16975476173000
3,16975908492300
1,16976583514600
2,16977770011400
2,16979162518700
4,16981585105300
3,16983705106500
2,16984085284700
3,16984194574200
2,16984484256600
3,16985169737400
3,16985869470100
3,16989468024100
1,16991630548100
1,16991698520100
1,16994025038100
2,16994077770900
3,16994092738300
1,16996431763400
3,16998220446800
1,16998694417200
3,17000233171700
2,17002540652600
1,17002888681200
1,17004659381500
4,17005996205800
2,17008032604200
4,17008032847600
2,17010676098200
2,17010990273800
3,17012580746000
4,17013966977200
1,17014286139300
2,17015578466100
1,17016088155000
2,17019053410500
2,17019544729700
1,17019773441800
2,17020213234100
4,17020544552900
1,17021852842200
4,17022058437700
4,17022418258100
1,17023879233600
1,17024017885900
2,17024907988200
4,17025748719000
2,17026645944900
1,17027144730300
4,17029691744200
2,17029969399900
3,17032920234500
2,17033104772500
3,17033527965800
2,17034575986600
2,17035212468000
1,17037307594500
4,17037320070400
1,17038189977800
1,17040138132400
1,17042286416200
3,17045048132300
2,17048429930500
4,17048770092800
1,17049915685000
2,17052920968700
2,17052921104300
4,17054600084900
3,17055096274200
3,17061303677500
1,17061417739000
1,17065810222800
1,17066100604400
1,17066910086400
2,17069419285700
4,17069432175700
4,17070477050000
3,17070544597400
3,17071710875400
2,17073275555700
2,17075960663600
1,17077508273700
1,17078005898400
3,17082907909200
3,17083246439200
2,17093157752800
3,17093269002200
4,17093649863700
2,17095354013200
3,17097281034700
4,17097877532600
2,17100207411900
1,17100624548600
3,17101330405800
2,17101808077400
1,17101984562500
2,17102119885800
1,17103326534900
2,17105551637300
3,17108846035600
2,17111147899900
1,17111381459800
3,17112618862500
2,17113699974000
1,17115187596600
2,17115326966300
4,17118812204700
1,17120818477200
2,17120980789800
4,17122831483500
2,17122831652400
4,17125254577100
1,17125254727600
3,17125914175100
2,17126207209000
3,17126266262600
2,17126938524400
2,17127704235400
1,17128733836900
2,17130341908600
1,17131984263800
3,17132841733200
1,17133762798200
3,17135674691800
3,17138809725600
4,17138849702400
3,17139277183400
4,17140047931600
4,17142511167200
1,17144383896600
2,17145256996700
1,17145411484100
2,17145517141300
3,17147769931900
4,17149075316700
1,17149446843600
2,17150383096400
2,17152972747100
1,17153535973100
4,17154064011200
3,17154233662800
2,17154468096400
4,17154497427600
3,17155439430200
1,17156622529600
1,17157947755900
4,17158291047500
2,17158321075400
2,17160202124400
2,17160629086100
2,17161515149500
4,17161515194300
3,17162727538300
4,17163546434000
4,17166588315400
4,17167330463300
1,17167717103200
3,17167791256200
3,17168285976300
2,17170382009300
1,17170885750200
3,17171752944000
2,17172533953200
1,17173513289300
4,17174116800800
4,17174256962300
2,17174670769300
1,17176694791300
4,17177713847000
2,17179102039200
3,17179965864300
1,17181440665600
3,17184022413300
3,17187867240700
3,17188185738500
1,17190116222700
1,17190801436100
2,17191815010600
2,17195703018500
3,17195922798500
3,17198392118000
1,17198476930400
1,17199657287400
1,17200791493000
4,17203295960400
1,17203792065100
4,17205490449400
2,17206389791500
2,17208282225300
3,17208288811800
2,17208546328300
4,17209271606300
4,17209358160300
1,17210745659500
4,17212193912000
3,17214697437000
2,17215196963200
4,17218073145200
1,17220320227900
4,17221819978900
1,17221930464400
4,17222024790700
2,17222148620200
4,17222465290500
3,17224269966500
1,17224270160600
1,17224908210200
1,17226653009900
1,17227250257500
4,17228780325500
1,17230671611300
4,17233735056900
3,17240413293800
2,17242340343400
1,17245325401800
3,17245930551100
2,17247376549800
2,17248496424000
2,17248878280000
3,17249232149200
3,17249576775300
4,17249989063200
1,17251344061600
1,17251778408000
3,17252009149700
3,17252813583800
3,17253291565000
1,17253327881100
3,17254374338700
4,17257030071000
1,17257650888100
4,17257753093500
2,17260647589500
2,17261079513000
4,17261594240800
3,17262434121200
1,17266157436400
4,17268198699800
3,17268715832000
4,17269700990800
2,17270804365100
2,17271554885900
2,17274801119800
1,17275487844700
2,17278241634200
4,17279271772200
3,17282091831400
4,17284387730600
3,17285922390400
1,17286172430800
2,17288683997900
3,17288903529200
1,17289232501200
2,17290795913000
2,17293593402400
1,17295159179500
2,17296052980200
3,17296631814400
2,17296631962900
4,17297698385300
2,17298131999200
4,17298263066800
2,17298764061900
3,17300770309900
3,17300913779800
3,17302550204700
2,17303551345100
2,17303803481500
4,17307214219100
4,17308711458800
3,17308737276200
3,17309165592200
1,17311388718400
1,17312724339100
1,17313152443400
2,17317912757900
1,17318398454300
1,17320721986200
2,17322102878800
4,17324693685900
4,17326242494600
1,17326878283300
4,17327179903600
3,17327182827500
4,17331046325200
1,17331103711100
1,17331183726800
1,17332835141700
3,17333585750000
2,17334615963800
3,17336573219600
4,17337553383800
2,17338018078200
2,17339009371600
1,17341841639000
3,17342811755700
2,17343045253200
4,17343558915400
1,17347908987900
4,17350542980900
4,17350543271700
4,17352045820800
4,17352301178900
2,17353099166800
1,17353496850800
2,17354256351500
4,17356188407000
1,17356667375800
1,17357408585200
2,17360023821800
3,17360210978100
2,17363093390000
3,17363423824700
3,17366416561100
4,17368325625000
4,17371112055100
2,17371687696800
4,17372159484200
4,17372402553800
2,17374304196500
2,17375138819200
3,17375183655500
1,17376254957900
3,17376327830400
4,17376880978200
4,17379314150800
4,17381016791900
4,17383734645100
4,17384211360200
1,17384636798000
3,17389251819500
1,17392165179400
1,17393324600500
1,17393467513700
4,17393670002600
1,17395327109800
4,17398045363200
2,17398321646200
4,17398425132300
3,17398620810400
3,17398794563800
4,17399065177100
1,17399200486100
3,17399824493000
1,17400400522400
4,17404579100100
3,17405090958600
1,17405719409900
1,17407059588000
3,17407597866100
2,17408173027000
3,17408836855500
1,17409189656400
2,17417765662700
1,17417985939200
1,17422244877700
1,17422979531200
4,17423446526700
3,17429376136800
1,17431458822400
1,17435097555600
3,17435320676300
4,17435954734100
1,17436249599600
2,17437375983500
4,17439579546300
3,17441958668800
4,17442737263700
4,17443388116300
1,17443414262900
2,17444663926300
4,17448619204500
1,17450795150100
2,17451029454800
2,17454194452000
1,17454419403600
3,17454961101700
1,17456339630100
3,17458584443100
3,17458981899300
2,17459003445700
3,17460817950100
2,17461788589700
1,17464142323900
3,17464352440100
2,17464877409700
3,17467488479100
1,17467835178400
3,17468417410900
1,17468452260300
2,17470514659100
3,17470988008000
3,17472020294300
3,17473147886100
4,17473967843300
3,17475046042500
2,17476440268700
4,17478058439400
4,17478177482900
2,17478761034900
1,17478867918000
1,17482143950600
2,17483240109700
4,17483913276700
1,17487113548500
4,17488185478000
3,17488890994900
1,17489412025600
1,17493215725800
1,17494486642300
4,17495262341100
2,17495925993700
3,17496035796900
4,17497916796000
2,17498799644700
4,17499772342400
1,17500133020700
4,17500532011800
1,17501067952300
1,17502757928100
4,17505902557800
3,17507159715100
1,17507361153100
2,17507540907400
3,17510772555500
1,17515200694400
2,17515981094200
1,17516568846300
4,17516967853900
3,17517733468600
4,17517939698500
2,17518430614800
3,17519035367800
2,17520459236300
1,17522676754400
2,17523771624500
1,17524134779500
4,17525322364700
2,17526318565000
1,17526732534100
1,17527193686200
1,17527765209600
1,17528103635000
1,17531036769400
2,17531869224400
1,17533967376100
1,17538375788700
2,17540001322000
2,17541275049000
2,17542239470100
4,17545741829500
4,17547589941200
3,17547600182500
1,17547656106500
3,17547674333300
2,17547752606000
3,17551277345500
3,17552493918500
2,17552622003900
2,17553472650600
3,17553595194700
1,17555891067500
4,17557435562900
1,17557861155600
1,17558197359500
1,17559343450300
3,17561671468000
3,17565297341100
4,17565687130300
2,17565751655400
1,17566252199600
2,17568919016500
4,17569668366400
1,17570388465000
1,17570388482100
3,17570427601400
1,17570839387400
2,17571535564700
1,17573474826600
3,17577279548100
1,17578840860700
2,17578892479400
1,17580085383800
2,17582481523000
3,17583075393900
4,17583111394600
3,17583583315300
2,17583767910900
2,17585789510200
4,17586724043200
4,17586835056900
1,17586881929800
4,17587319796500
3,17587480338500
4,17587481315400
3,17588995998500
2,17591335517700
1,17591700672700
1,17592503283800
3,17592565630200
2,17593207827500
3,17594857467200
1,17595159602100
1,17595445108500
2,17595771638200
4,17596492786700
3,17596881086900
1,17597322223800
2,17597723162600
4,17597861272900
1,17598489180600
4,17599091187200
2,17599101415300
2,17600436477200
4,17600724445500
2,17601238529800
2,17601242813800
1,17603686355100
4,17604452540600
4,17606839936700
3,17608819166700
4,17612030646500
4,17612892107300
3,17616940823300
4,17617466230800
3,17618770285800
4,17618836362800
3,17623128433400
4,17623960862900
3,17627691091200
4,17627691148500
3,17628082510100
4,17630245817100
4,17630824987700
1,17631248319200
3,17636153521200
2,17639571236300
1,17644989925600
2,17646070171300
4,17647602350900
2,17647700722900
3,17649425112300
4,17650450929800
1,17650772685000
3,17651813818700
2,17653533722800
2,17653800507100
1,17653872894100
2,17654245067900
3,17655517178900
4,17657860870400
1,17659490641900
3,17659757605000
3,17660839244300
4,17661319280900
2,17662388034200
1,17663177969200
4,17664863818000
3,17667379230900
3,17668549504000
2,17668850265200
1,17670089162800
3,17672499140700
3,17673139527700
2,17674902384900
2,17676706559200
4,17678633640500
1,17679360017500
1,17680082115200
4,17681167262000
1,17681181630600
2,17682584880600
3,17682842132300
1,17684776643400
4,17686305156200
4,17686692773100
3,17686967367500
4,17690130554900
3,17690134793500
1,17691884561900
2,17692578594100
1,17693806929600
2,17694538026700
1,17694692536800
2,17695296865500
3,17696828373800
3,17696940959800
2,17697881864100
3,17703282780400
1,17708070171100
4,17710092377400
4,17712905473700
1,17713952323500
1,17720373201800
1,17722118744300
2,17726900526500
2,17729395814300
3,17729637522300
2,17729685744600
4,17729929041000
4,17731589604500
4,17735343686700
2,17738848801100
4,17738909961600
2,17738910259700
1,17739558425600
4,17739558753500
2,17741255565100
4,17742682631100
3,17749315784100
2,17750343805400
2,17751936183200
2,17753557764600
4,17754420187700
4,17755189439900
4,17755894367900
1,17757013716900
3,17757595939000
3,17757880787200
4,17758075750300
4,17759278432400
3,17762597034500
2,17764325961500
1,17765717538900
4,17765964517500
1,17766143888100
1,17769007757000
1,17769257020700
3,17770741436700
2,17774551598000
4,17775723729700
2,17776114903600
3,17783321060000
4,17784476563800
3,17785049701100
4,17785050187200
1,17788443131700
2,17790569646700
4,17790966061900
4,17791430603300
1,17792922064300
2,17794554766600
3,17795519843700
4,17796413530000
3,17797936408400
2,17800025550500
4,17800074324800
3,17801374310800
1,17801775853200
2,17803278915300
4,17803515361700
3,17804346579900
2,17806231522000
4,17806574808400
2,17806795770400
3,17806869820900
2,17807051187900
1,17807244622500
4,17807251372900
4,17807725958600
1,17808232508600
2,17809897839700
3,17810034015000
4,17812361918300
2,17814632082300
4,17816012304500
4,17816249767300
2,17817328004900
4,17821370845700
1,17821414741100
3,17821993389700
2,17822804104900
1,17825060221500
3,17825668442200
3,17825926844600
1,17828995622700
2,17831397189200
2,17831834695900
3,17832649196800
2,17832906260900
3,17833729744000
2,17834920779300
4,17837891976400
4,17837893047000
4,17840595812900
4,17844455009600
1,17845726438400
4,17849198978800
2,17851342114800
4,17852540019500
3,17853520421500
3,17853658383300
4,17854082311300
2,17855454218400
1,17855730929600
3,17856508084800
1,17857725019200
2,17863491549200
2,17865310679500
3,17866079657700
4,17866828529100
2,17867976921400
1,17868006133900
1,17868253356600
1,17871889864200
2,17872860334600
3,17873883785200
1,17878324096900
3,17878704067700
2,17880858274400
3,17881602409400
4,17886298120000
3,17886394992000
1,17886636221800
3,17887433698800
1,17888273763300
2,17890299253200
3,17893883529200
1,17893883657000
1,17893923021100
2,17894056598000
3,17896086974600
1,17897094700900
3,17898678570300
2,17899271244100
3,17902996740700
4,17903546628800
1,17907853891800
2,17908135435700
2,17910024997700
3,17910239554100
2,17911190719200
1,17911441466700
1,17911699096700
3,17913553386300
1,17914255041000
4,17915498707500
3,17915640872600
1,17915788261000
1,17920288084200
3,17923171430000
4,17923970471700
4,17928360848200
2,17928568455900
2,17929267853100
3,17929433406700
2,17933582333400
4,17938251164300
1,17939266298700
2,17939334257300
4,17939787723000
3,17941770119400
1,17941770633800
2,17942233554000
1,17943897235200
1,17945459134300
1,17948132420400
3,17948625772100
1,17949439024800
3,17949726669400
1,17953988763200
2,17955759860300
1,17956224557100
1,17956285646200
1,17956491793200
3,17956880168500
3,17958385999700
3,17960392954400
1,17961243396700
1,17963366553600
3,17964693158500
2,17965256441600
1,17965256452600
3,17965706601600
2,17965865716600
1,17967475279500
4,17968136260500
2,17968288023400
4,17968404109900
1,17970491601700
2,17971566349200
2,17976212045100
3,17976229038000
1,17976577759900
3,17976578171200
1,17977278321200
2,17978467349300
2,17979711807900
4,17982878679300
4,17984318251400
1,17985346229300
1,17986014313000
4,17988824812600
3,17991537223500
4,17991968243100
2,17992079125200
3,17993215178400
3,17996141998300
2,17999517637500
3,17999760872200
1,17999924036400
1,18001806411600
2,18005436863300
1,18006829070900
2,18007400268900
2,18009189835600
3,18010148288300
3,18010450200900
4,18010658247700
1,18013302105200
3,18014518833900
2,18014551463900
2,18014935028000
2,18014935075500
1,18014935263900
2,18015019418000
2,18015177516000
1,18017673630100
1,18019232635700
4,18022718293000
4,18024415533900
4,18025523620700
2,18026526760000
4,18027055882100
4,18029481592200
3,18034848862700
1,18035601241400
1,18035682070700
3,18035835059600
4,18042489604100
3,18042949173500
3,18045172503700
2,18045917442400
1,18049743836500
3,18050134465200
2,18051136351800
1,18052171269900
3,18053114365900
1,18053461778400
4,18055804525500
3,18056259137400
1,18057256258300
3,18057258246200
3,18057467093800
3,18062805361000
1,18062871755700
1,18065173570700
3,18065325105100
2,18067672047600
2,18068162879600
2,18068162892100
4,18068182079300
1,18068995383000
3,18069589465900
2,18071091367600
3,18072171654000
4,18072740213700
1,18073707505000
4,18073752477100
3,18075620766200
3,18075893556600
2,18078773043300
3,18079154160900
4,18081635948700
3,18082124027100
2,18084501117700
1,18084822287300
4,18085934897500
1,18086716326800
2,18088042924300
4,18089816352800
3,18089950413300
3,18091701185400
2,18094276524100
4,18094337004500
1,18094564410200
1,18094759611200
1,18095248254700
1,18096818572200
3,18097381938000
2,18102123259900
1,18104515931700
1,18104516332200
3,18105218808500
1,18108523923900
1,18109253933500
2,18110908902300
3,18113091439500
1,18114395958300
1,18115631857600
2,18115632064600
1,18118875380200
2,18119069600400
4,18119596533200
2,18120702186100
3,18122113179800
4,18123264734900
1,18123500418200
1,18123668845700
2,18127100302500
2,18127476306100
1,18127784860300
1,18127810470000
4,18129207971300
4,18129908142300
2,18131026326600
3,18131033024400
3,18131269316800
1,18131542566200
1,18136482082800
1,18137261855900
2,18138336961600
4,18140085832200
2,18141097739200
2,18141873972300
1,18142073186300
2,18143942368100
4,18145569685800
1,18146770422400
2,18146794470400
1,18147295681100
1,18151733177900
1,18152855266400
3,18157803259900
2,18157955178400
4,18158469022800
4,18159039470300
4,18159808952200
2,18162210693300
2,18163685105600
2,18163866036100
2,18164262565500
4,18166437562500
3,18166583144500
3,18171727064600
2,18172553382700
3,18172631597100
4,18174675282600
3,18176158048500
4,18177082701300
2,18177723222500
3,18180085351200
3,18181224128600
4,18182191092700
2,18183960190300
3,18184957993500
4,18185800588800
4,18186379796100
2,18186773962300
1,18187505529600
2,18187914459300
3,18188987763100
4,18189309959200
3,18189428575900
1,18189439537600
3,18190081347400
4,18191140665000
3,18191402478700
2,18193302571100
1,18193840588200
1,18196733222700
4,18197157022300
2,18197157023800
1,18197300135000
4,18198631748300
4,18198655301900
2,18199909792700
1,18201254177300
1,18203535737100
3,18204734443400
4,18206956057200
3,18209180691800
3,18209409446800
4,18209735975900
4,18212973209600
3,18213189579100
3,18214818771400
3,18216133924700
1,18216216897200
2,18219779707900
3,18224039859500
3,18224089588700
2,18225607895200
2,18225812137700
1,18225821948200
4,18226752675500
3,18227394989000
2,18227795291400
4,18231725355800
1,18231725594300
3,18232071424900
4,18232593358900
1,18233995218300
2,18236151712900
4,18236707146500
1,18236768607800
1,18237497994700
1,18238545853700
1,18239595133200
4,18239995867300
2,18240029886200
1,18241440178300
1,18245815387400
4,18246349132100
1,18246455843600
4,18246751487300
4,18248087069500
3,18250986780100
1,18253249128000
2,18254750636800
1,18258669873600
3,18259598662600
1,18263044043500
3,18263693598800
2,18264133560900
1,18265240046200
3,18267424231400
2,18269162369900
4,18269551912800
1,18270545212800
2,18270714296700
1,18271107163200
4,18272843190200
2,18273699619500
4,18274038307000
3,18276875270500
4,18276990403400
1,18279389875300
2,18279595033200
1,18280562446300
2,18280883939900
2,18280898810700
1,18282079373100
1,18283419374300
3,18284107277300
1,18285071377500
2,18288600446700
1,18288943915600
3,18288956202900
3,18290059475500
1,18290962530000
4,18291481320100
1,18291925954400
4,18292290882900
1,18296123232300
3,18296693060800
2,18297625800200
4,18297704973600
4,18298773919600
4,18300721255500
3,18304510871400
3,18307247643500
3,18307824460700
1,18310341941100
1,18310801581600
3,18310970685100
1,18311197275600
1,18313304991900
3,18313665481300
3,18315173422900
2,18321261925500
1,18322211069700
3,18323860293300
4,18324224245200
4,18326929424300
4,18329127668600
4,18329142445400
4,18329615993900
2,18330502208000
2,18331516855500
2,18336212811100
3,18336536413000
2,18336552713000
1,18337493003500
1,18338324684300
4,18339350225800
2,18339936562600
3,18339996571000
1,18343040118600
3,18344299119700
4,18344393762900
2,18346412917100
1,18346587372700
1,18347684186500
3,18348952869100
1,18349322176400
3,18352377016200
1,18356332439100
3,18361827804600
1,18362566787200
4,18364351279600
4,18364626681300
1,18364626790300
3,18365012311600
4,18366130104100
4,18371689131500
1,18371949565700
4,18372884100000
2,18376735338700
2,18378060238900
4,18378067382500
4,18378322579500
1,18381139940600
2,18381596157300
2,18383459604300
2,18383784526000
4,18383952925800
3,18386562372200
1,18388027957100
2,18388028635100
2,18388431489900
2,18388961730900
3,18390420459200
3,18392847411900
2,18394282006800
1,18398473112300
2,18399151672300
4,18399453554100
2,18400248469700
2,18405206213400
1,18407210286500
4,18407301483100
2,18411258047600
2,18411343974100
3,18411726300900
4,18413083238800
2,18414406702800
2,18414667426200
4,18415686133500
4,18416304443300
1,18417171370300
4,18418436950100
3,18418720604400
4,18420097428900
2,18421335469500
4,18421425080700
1,18422725658000
3,18422992397800
4,18423805850400
1,18423958791300
1,18425206545400
3,18425921043900
4,18427580662900
3,18427754378700
3,18427885800900
1,18432858825000
4,18436169092000
3,18436407045200
4,18438588134400
1,18440171031200
4,18440637803800
3,18441056591600
1,18441092539900
2,18441730814000
2,18443513051900
2,18446576806000
1,18447718033000
2,18451630854400
1,18456614922500
2,18458853819400
1,18460641659300
1,18461084306100
4,18464031712100
3,18464963931600
4,18465056235700
4,18465481639700
3,18465936514200
3,18467117887000
4,18468944011500
1,18469561603000
4,18470332483900
1,18475548778700
3,18477458653700
3,18477458788000
1,18480000664300
3,18480432034500
4,18485951186200
4,18486389261200
1,18487736245500
1,18488117816300
3,18489758362000
4,18489758810800
4,18490669485200
1,18494623254400
3,18494742875600
1,18495202367400
3,18496834420600
3,18498069088800
2,18498163371000
3,18498854893700
1,18500162594200
4,18501117617100
1,18501613340500
3,18503899015300
1,18506876564400
4,18507738053900
1,18510088432600
3,18510548240100
3,18512739013500
2,18514282179700
4,18515099608300
2,18516066196400
1,18517471864100
4,18517472602500
1,18517744044400
3,18517744261400
1,18518816627600
1,18519861684700
2,18521549859700
3,18521754915900
1,18521998903200
2,18522266377900
1,18522272328700
3,18525402410300
3,18525450412000
3,18526559403800
2,18527612668600
4,18530888238900
4,18531434667800
1,18532688850400
3,18533379552100
2,18534430388700
3,18535133542600
2,18538625413600
2,18539613223700
1,18539737020800
1,18540168004800
3,18542569585100
1,18542703498200
1,18542759017800
4,18543692605900
2,18544015594100
1,18544699220600
1,18545336015200
2,18546805996000
3,18547193803700
3,18548625030000
3,18549363032500
3,18549542464600
3,18551297178600
2,18552517426600
4,18553239018300
2,18556331432500
4,18556960987700
3,18557705439600
3,18558501993400
1,18558502133000
1,18560968349100
4,18561479392700
1,18561479565800
4,18564463469800
2,18564598059000
2,18569137780100
2,18578184392800
2,18578375912100
3,18582744785100
2,18583510516500
2,18584048868300
4,18584984480700
4,18586802099500
1,18586896524100
3,18588383787000
2,18588514787800
3,18589163440600
4,18589262989600
1,18589887098500
2,18590021735700
1,18590486230900
3,18591344709000
2,18595789392400
2,18600312632600
3,18601560418900
1,18602802486700
3,18603524562600
2,18605233739200
3,18606927891200
4,18606927967300
4,18608243778300
2,18610562311900
2,18611571981300
3,18612236805400
4,18614454334400
2,18617215433300
3,18621228222300
2,18622222047800
1,18622321599500
4,18623353333900
4,18624057393500
1,18624065782100
3,18624488420400
1,18626276185200
3,18626313739300
4,18627539106700
4,18627761330000
1,18629282354200
4,18630071249900
4,18631675863500
3,18633251862900
2,18633390272100
3,18633981373100
4,18634447290900
2,18634958620800
1,18635931874700
2,18635932204800
3,18637150633900
3,18637675529400
4,18639769255800
1,18643209810300
4,18645444418900
4,18647143299600
2,18647931242300
3,18650410501300
4,18651442912800
2,18651828298400
2,18652704813400
1,18658798019400
3,18659623179500
2,18660626785800
1,18662369024200
3,18664341225600
1,18665037008200
3,18665466299900
4,18668589171100
1,18670078363100
1,18671224569900
2,18671750245300
3,18671883570800
2,18672407505000
4,18673041252000
2,18679998980500
2,18680060342500
3,18680666256700
1,18680914287500
3,18681127721100
1,18683520004300
4,18685333931300
2,18685817071100
3,18687947189800
4,18687996222600
3,18692739780400
2,18693579793800
1,18693694572700
2,18694295634100
2,18694422680700
3,18697379822400
1,18700367029600
3,18701635501100
1,18702587838700
1,18703074693800
4,18704086719300
2,18705983364700
4,18709339132500
1,18710155147900
1,18710529025100
1,18711709136600
2,18711833147500
3,18712994423700
3,18714407636300
4,18714468631800
1,18714590620500
2,18715111156900
1,18715690107500
4,18716003984000
3,18718228779400
1,18720860429600
1,18722958251900
1,18723342264700
4,18724237487800
2,18726832974700
4,18729138973100
1,18730797374400
2,18732081797300
3,18732434065100
3,18732686698100
3,18734205513200
3,18736171695800
1,18737730168500
1,18739517963000
2,18740464358800
1,18741115597500
4,18741135351900
1,18746575313700
2,18746896740500
2,18747890889700
3,18750742364800
1,18750742736500
3,18751339881000
2,18751637365100
3,18754225342100
1,18755770647900
3,18755964557200
1,18756453210900
3,18756557008600
1,18756916699600
4,18757200429100
3,18757917303500
2,18760473926900
3,18762623307000
2,18763750537900
3,18765154548600
3,18765958019600
4,18766315130400
3,18768288283200
1,18768961859500
1,18774685542200
2,18777237433600
2,18778394916700
3,18778636517100
1,18780145616900
2,18781076261900
4,18782103364300
4,18783327765300
4,18787069257400
4,18788892341300
3,18790422614000
3,18791083976100
4,18792705349600
3,18793838076200
1,18795226913200
1,18797390446000
3,18797924543200
1,18797955469900
3,18797969855100
4,18800827395500
3,18806319864200
4,18806335089900
1,18806884110300
4,18809074517600
2,18811525520600
3,18813475570800
4,18819337311400
2,18819364465800
3,18819602063600
2,18819786957100
1,18822546842700
2,18822879970000
4,18823382126900
3,18823434971600
2,18824348453100
1,18825694059600
4,18825999026100
3,18826216663800
2,18826288018400
4,18826811500500
1,18828210716300
4,18828966985400
1,18829909897200
3,18830708532600
4,18831236371800
1,18831601764400
4,18832335656900
1,18832756788500
1,18832988403300
2,18833616532400
2,18835298159400
1,18835392771700
2,18835608775600
3,18835904933000
1,18836049950900
4,18836186786500
2,18836328496300
1,18837141099100
2,18838515257800
4,18843405831700
4,18846122939900
4,18847740798800
4,18847923450400
1,18847990007900
1,18849738102900
4,18851036903500
2,18853714867300
1,18856521621200
2,18858991526200
4,18860950950200
2,18863315363900
2,18863685817700
2,18866616269800
3,18867966638500
2,18869242811700
1,18870428836200
1,18870672188500
2,18872488975500
2,18872533133200
1,18872825447700
2,18873929754400
2,18878114639800
3,18881002932600
3,18882995180900
2,18883242439400
4,18884301959200
3,18886541845000
4,18888960955600
1,18891615740800
4,18893181586100
4,18897227527300
4,18897227558100
3,18897998323900
2,18898293466100
2,18898461531700
4,18900589749500
1,18900750078200
1,18900944016300
3,18902067454700
1,18902207800800
4,18902399163900
4,18905950586900
2,18906629042300
2,18907944710800
3,18909288917700
3,18909985518700
2,18910615685100
2,18910945892100
4,18914573304200
4,18915965942800
3,18918130415000
2,18918229195700
2,18919365012000
4,18919403623000
4,18919574344400
3,18924413209800
2,18924892014200
1,18929165032700
1,18929761361400
1,18929985701700
2,18930098944800
1,18931436624600
2,18932269855100
3,18934599637800
2,18935736819400
4,18937273548600
1,18938248459500
1,18938645776700
3,18939450544700
4,18942922085700
3,18943491250600
3,18943731888800
2,18944252381000
2,18944454622700
3,18946587771900
3,18948573975900
1,18949723146000
4,18952579778700
1,18955732286300
1,18956277277600
4,18957146434800
3,18957524859300
3,18957573999100
1,18961229314100
2,18963486756200
4,18964573164800
3,18965236374400
2,18965382328400
1,18968478579200
4,18968729078300
3,18974946815700
2,18975502536300
2,18975768457600
3,18977444480600
2,18977787821000
4,18979175593800
1,18979391056300
2,18981774272000
1,18982301968100
4,18985686253900
2,18987137479800
2,18987269139400
3,18989161815300
4,18989587946700
3,18990051198300
1,18990654629800
2,18991764893400
1,18992138905800
2,18992887887000
3,18994295874400
4,18994521221800
2,19004928151000
1,19005937455100
2,19006512076600
3,19007081710500
2,19007672300600
1,19008195089400
1,19008285373800
3,19011481119100
3,19011785601000
4,19013518470500
4,19013852195000
4,19016069582600
2,19016229628400
2,19016368126600
4,19021714925600
1,19023600319100
3,19023987500600
4,19024287733600
1,19024437825100
3,19024441628700
3,19024552123200
1,19025271884500
1,19025376000300
1,19025729564100
4,19025991488700
4,19026511079700
1,19027780743800
1,19028536644000
4,19029968922100
1,19030595668200
2,19032660395700
1,19033137318700
4,19035074841400
2,19035830940900
3,19035960100500
1,19037693832600
2,19038633679700
4,19039025737200
3,19040847253900
1,19044480701300
4,19046804481200
1,19056563219100
3,19058051485600
4,19059147349200
4,19060491589400
4,19062191337100
4,19062377684700
4,19068584605900
3,19069289628700
2,19070567647700
2,19070934364100
4,19072712086900
3,19072798802100
2,19073227920300
4,19075603531700
4,19076102842700
4,19078719519500
3,19079714808400
3,19079802077900
2,19082006093700
4,19087159769800
3,19087188935900
2,19089146539600
3,19089151567300
3,19090066386500
1,19090464344900
3,19091890286700
3,19093549122300
3,19093923450600
1,19093965144300
2,19096218043200
1,19097198416200
1,19098041823000
4,19099239616200
1,19099795644800
3,19099796220700
2,19099974943300
1,19101705552500
2,19102121246600
1,19102441811200
4,19102441908500
4,19103231855400
4,19103539120200
1,19104212272400
3,19105930339700
4,19106543775300
3,19107994813000
3,19110534108500
1,19112040080300
2,19113114885900
2,19116103641100
4,19116219559800
3,19116392621200
1,19123107195700
4,19124059062400
4,19124746048100
1,19125424110800
3,19126633151800
2,19127043468100
3,19127972842500
1,19128789750700
1,19129458588800
4,19131310823300
2,19132856953200
3,19133251393600
4,19136080989200
4,19136469573200
1,19138929333300
3,19141571259900
1,19141920489200
1,19142009483900
4,19142623498600
3,19143896786700
2,19144038112900
3,19146205269700
1,19146781104400
1,19155726634900
4,19156078069700
4,19156174150900
1,19157195702400
3,19158296879100
4,19159618971200
4,19161162251800
4,19162057054400
4,19163634809300
4,19164459539300
2,19165227390400
3,19169177419400
4,19170635872400
1,19172224703100
4,19172326187800
4,19172831212000
1,19175686084900
3,19175999887800
4,19177196918200
4,19177469970100
3,19177731113500
1,19179130851100
2,19181612689300
2,19181993676500
1,19185070503300
4,19186103890900
4,19186355272000
4,19188105966800
1,19190171978400
1,19190798060100
1,19190872862700
1,19191555284600
2,19192167639000
2,19192533620600
1,19192533810200
1,19192687525000
2,19196834486300
3,19197707440900
1,19198122552000
2,19200122520400
4,19203838639800
3,19204055671700
2,19206574454600
1,19207797658400
3,19207838568700
2,19209967604500
4,19211123259200
4,19212174875000
2,19212187820100
4,19213341344900
4,19217786772200
4,19218697918100
1,19218952866300
3,19220494958400
2,19221034254200
4,19221898613400
4,19222114627200
2,19222640371400
3,19223765394400
1,19224513669800
4,19227059483500
4,19227126014900
2,19227634155800
1,19227932026800
2,19228468445400
1,19229351455300
4,19229622597700
1,19229777453500
1,19231046186600
1,19232036552700
3,19233373403500
4,19234036253400
4,19236424058900
4,19238836084700
4,19239082692100
4,19239225502400
1,19243611058900
2,19244674071800
4,19245001386900
2,19245240239600
2,19245240254300
2,19245240604400
4,19245285479200
4,19246033500200
2,19246993117200
4,19248191768500
3,19251329086700
4,19251329149100
4,19252407697700
2,19253491351000
3,19255368179400
4,19257159424800
4,19261531498000
1,19262702511400
2,19262734052900
4,19264025071300
1,19264191018200
4,19264284749200
1,19264695193100
4,19266728555500
1,19267263115400
1,19268206617300
2,19270482159700
2,19277204128000
1,19279090279100
1,19279229765300
3,19279978838400
1,19280209661300
3,19280675889200
3,19281082056900
1,19281390683000
1,19281509726600
2,19281960854000
1,19286016954000
4,19288279238500
4,19288995795000
2,19291710023700
2,19292322135800
3,19292955836600
1,19293815267000
1,19295182369500
3,19296725010200
1,19297188192900
1,19299819724600
4,19305481585200
4,19306690396700
4,19308758539100
3,19309070446400
4,19310748303200
1,19310748434400
3,19311448947400
4,19313450991600
4,19317729015600
1,19318158601300
3,19318502023200
3,19319967736600
4,19320105207000
2,19320356317000
1,19320881122100
2,19322003025700
2,19324236897400
1,19327592198300
3,19327595757500
1,19329388889900
4,19330790345900
2,19334107573900
4,19337691298200
4,19339106530300
1,19339195239300
1,19339348713200
4,19341988904900
3,19343349178200
2,19347124960500
3,19350337766200
4,19350485606100
1,19350959682400
1,19351435851700
1,19351961484900
1,19351976021500
4,19353226050300
3,19356539381800
4,19359608008700
1,19361869994300
3,19362123875600
4,19363436422300
2,19364187862500
4,19364223465700
3,19366826590900
4,19368200043400
3,19370247892700
4,19371209093700
1,19371655749500
2,19371815727200
4,19373709560200
2,19375078643800
3,19375633924500
4,19376084069300
3,19377710189100
1,19377806020700
4,19378666248900
4,19378887878200
1,19379644794700
2,19382634432900
4,19382727103500
3,19383841676700
1,19383959750400
3,19383960037700
3,19384836514600
2,19386115386000
2,19386996768500
4,19387489498900
1,19387565241800
4,19387565307400
3,19388395651500
4,19390373620900
3,19391886962600
3,19395228460800
1,19396049587000
2,19396095156400
3,19398694366900
2,19398914240400
4,19400260309700
2,19401721005600
2,19403124525700
2,19405149123500
2,19405290632600
3,19405334749200
3,19405512847700
4,19407920995200
4,19407924703100
4,19411856758400
2,19412944951700
1,19416709405700
1,19417337442100
2,19418024028300
1,19418705053100
2,19419742168300
2,19420151427900
2,19422712734800
4,19425340175800
2,19429976583700
3,19430217498400
1,19430319342300
3,19430641599200
2,19431328980100
4,19432126592500
1,19437742011300
1,19439424475100
3,19440934012700
1,19442239789200
1,19444551735700
2,19445421581600
2,19445902840300
3,19446024999200
4,19447355458600
3,19449213940000
4,19449342148800
2,19449617856100
1,19449953355900
3,19450298623600
2,19451186990600
3,19454341235400
1,19456489636100
1,19456533670500
3,19456561939300
3,19461956537600
2,19462969835100
3,19463346923000
4,19465048756800
3,19467433554900
3,19468845303300
1,19470952688200
4,19471600602800
3,19472779660100
1,19473945942600
2,19474572211600
4,19475559612100
2,19476215945600
2,19477894615300
2,19480286740700
2,19480326006600
1,19482690538800
3,19482968124900
1,19483465888300
1,19485785814900
2,19485931979500
2,19486767702400
3,19487726008800
4,19489415122900
4,19494826594600
3,19495669241500
1,19496156547400
1,19497468536600
1,19498971234400
4,19499481410900
4,19501084056300
4,19501772297200
4,19502206481500
3,19502520394900
4,19503361306800
2,19503951263100
3,19506800026800
3,19507773979600
4,19508666088200
1,19509391955100
1,19511697666000
2,19511874294200
2,19515228812400
3,19518471540200
4,19520138044500
3,19522636645100
3,19522997514400
2,19523924119500
3,19524290943600
3,19524756579900
3,19525290992900
3,19527296858700
4,19527515394800
1,19530761429800
3,19531278838700
3,19534610034400
1,19534900523300
4,19534974693200
2,19535756653100
4,19536730118500
2,19537796172100
2,19541574010500
1,19541903386600
3,19542320892500
3,19543716729600
3,19544325373000
2,19545969578000
4,19546921568000
3,19549925666800
4,19549929873500
3,19550805020000
2,19555189223100
4,19556496785400
1,19556798321900
4,19557312344900
2,19557312756600
2,19558606201100
3,19560038165100
2,19560761884000
4,19561177316600
4,19561484639600
1,19561494343600
2,19561817618700
4,19562160499300
1,19562606850500
3,19563872106200
3,19564805333000
4,19564940567100
4,19567255492400
1,19567590112300
1,19568176021600
1,19570775817400
1,19573410912000
1,19575438502900
1,19577715771000
1,19577876266400
1,19580163888300
4,19580437377600
3,19584114927300
4,19584816946000
2,19585933931700
2,19586361927300
3,19588103117800
3,19588329697400
3,19590075369900
1,19592190895800
1,19592933417600
3,19593219285700
1,19597603441600
3,19598059492600
2,19598353456200
3,19598851108300
1,19600421224500
4,19602760772200
3,19603718436600
2,19605513873400
4,19606214878200
1,19608403821900
4,19609938582900
3,19612073499000
4,19613371134700
4,19613398949200
2,19613645251400
4,19617514427400
4,19620316257500
4,19621626318500
1,19625481148000
2,19627230709700
3,19628640423400
3,19633344122200
1,19633841623700
1,19635450853600
4,19637196302900
3,19637196406000
4,19638263664500
4,19638587495500
3,19638587589400
1,19639980250500
4,19640946677800
1,19641888674700
3,19642345823300
2,19642452852100
3,19642479537400
2,19644827393300
3,19644908276700
2,19645237458000
3,19647854171800
2,19648168673700
4,19650614202200
3,19650951665300
3,19652875359700
2,19653173096100
4,19655310145500
4,19658234158000
3,19659876808900
1,19659886067500
1,19661825339700
4,19663604479500
3,19663826296100
1,19666597143700
1,19667041791800
4,19667180101400
4,19668906291200
2,19669610249300
4,19673971298100
3,19675002895000
4,19675549617100
3,19675670969600
4,19675825008900
2,19677057241000
2,19677447175000
1,19678470240200
4,19682998669700
1,19685095416800
4,19685245417000
3,19689386785800
1,19696461899200
4,19697835892000
2,19698289588300
3,19699028435900
1,19699235418400
1,19699235653600
4,19699517281000
2,19699939505900
3,19701964760800
1,19702992012200
1,19706190256600
1,19709685881900
3,19711923499500
4,19714067134900
2,19714397908500
2,19716078056400
4,19716272147700
2,19717431875500
4,19717971871800
1,19719807966500
3,19719808069700
2,19720496803500
4,19720793836300
3,19721144623100
1,19722479180700
4,19723743479100
1,19726394076300
2,19726723376300
4,19726946399600
3,19729980449700
4,19730729486400
4,19732476637900
2,19732612846000
1,19733621272400
2,19733789935300
2,19736202815900
4,19736813064100
1,19738624882200
3,19739135939500
3,19740861361600
2,19741558407900
1,19742553384500
3,19743157778900
1,19744944136100
4,19745161294700
3,19747029553500
2,19750649470200
4,19750994013700
4,19751455250500
2,19751815969600
1,19754190560100
4,19754558844500
2,19755304083800
4,19758608460800
2,19759489524300
4,19760265861300
1,19763525999900
3,19763890829700
1,19764136532100
4,19764201875900
3,19764591219300
4,19767435838700
1,19769731179700
1,19771223065900
1,19773463696800
4,19775573527700
3,19777108299600
2,19777298976100
1,19777734171300
1,19778268616400
2,19779155107200
3,19779681880600
2,19780437666700
1,19781327600100
3,19783219252500
1,19784145105200
2,19785205304200
1,19785862435800
1,19788541589500
2,19792134948900
1,19792264506000
1,19792805785600
2,19793465638800
1,19796191517400
1,19797304188600
1,19797873896400
4,19801673991200
2,19802466751800
4,19805593448400
3,19806742652500
1,19806990112000
2,19808708511600
2,19809959203100
3,19810376147100
1,19813404288800
3,19813593071000
3,19815436154100
2,19817272819200
1,19817837177600
2,19818053286000
2,19819217326600
4,19820345554300
3,19820803776600
4,19821960974800
4,19825308025300
3,19826111973700
3,19827282530300
3,19829559760700
2,19832248631000
4,19832857448500
1,19833583477900
4,19834621132300
2,19834946277600
2,19835341861200
1,19837573679300
2,19838409415800
1,19838549696500
3,19838667911800
4,19839392861400
2,19841353462300
3,19841831644000
1,19842522372900
1,19843120161400
4,19844092943500
3,19846876095700
2,19847128271100
3,19847340863000
4,19848712816400
2,19849301367900
2,19849692876900
1,19850199239500
2,19851187879900
4,19851522350900
3,19853997607500
1,19855821625100
1,19856611067000
2,19857444555000
2,19859581806900
2,19862122477900
4,19863724093300
4,19863905303400
4,19866304422700
2,19866399513900
2,19866513136800
3,19867683212500
4,19868147430700
3,19868842794000
1,19872054375900
3,19872925521600
3,19873243174500
1,19874247548800
2,19875204209800
2,19877842747900
1,19878456927900
2,19878474666900
4,19879187026400
3,19880034128500
1,19880657462000
2,19880938878400
1,19881654543100
1,19881760909700
4,19881768692400
3,19882713412500
2,19884052505400
1,19889662465000
4,19891176455000
3,19893002819800
4,19893857012100
1,19896306619700
1,19897128278400
1,19897353219100
1,19899907944500
3,19901291790500
2,19902873189000
1,19903577819200
3,19907435769900
1,19910361187600
4,19911846969600
2,19913077006200
3,19913574758400
1,19914568753200
1,19915879243900
1,19918632908700
4,19919446080000
1,19919446525600
4,19920605477200
3,19920854757300
2,19921486424800
4,19921551036800
3,19921693334300
2,19924395020800
2,19925528867000
1,19928535589400
3,19929592728000
2,19929626148000
4,19931788579800
1,19931909007600
2,19934202300500
1,19934669234700
1,19935196559600
3,19936856349700
4,19937026399300
4,19938463610800
1,19939231771300
3,19941662150200
1,19941938503700
3,19942789015500
2,19942837077600
3,19943110966000
1,19943181765800
1,19944785961300
2,19947546881300
1,19947943076100
4,19947951055200
4,19949287431500
3,19952211176500
2,19955788539100
1,19957462908600
1,19962110315700
4,19962396930400
3,19969465741400
4,19971113852500
2,19971223842700
3,19971873765800
4,19973431260300
1,19974407611400
3,19975054178000
2,19979641681800
2,19979855526500
2,19979916413000
2,19980032694500
1,19981078181700
1,19983096372700
1,19984052863200
1,19986401836000
3,19986704717800
2,19987666296300
3,19988275166300
1,19988658527200
2,19990125197400
1,19990589424900
3,19990694501300
4,19992263768000
1,19992985531500
3,19994002766400
3,19996770148700
4,19997229157000
1,19997230770300
4,19998064637100
1,19998704802400
1,19999923485100
3,20001223555300
4,20001492456700
1,20003878300300
2,20003878599800
2,20005380242700
3,20006388329100
3,20006757210800
2,20007408700000
1,20008726953200
1,20009602074900
4,20011282959000
4,20016158820300
1,20021782715300
1,20023171024900
4,20024510831000
1,20025297448800
2,20027148242600
1,20030291264800
1,20030369414900
1,20031624776900
4,20031740477300
4,20032037052000
1,20032160599200
4,20032987948100
2,20034443813800
1,20034565378200
3,20034875615800
2,20040201609100
3,20040577017700
1,20042226645700
1,20044999503300
4,20045000705900
2,20047481648600
3,20049435585000
4,20050311085600
3,20051133462100
1,20053090699000
1,20053930304000
3,20054048379900
2,20056043976300
4,20057584457400
2,20058031132000
4,20059116279200
2,20059677109700
3,20060017992600
4,20060760738400
3,20063219497600
2,20064019847900
3,20065579812000
1,20066909118900
2,20067366528200
2,20068116190600
4,20068469324600
2,20068696219900
2,20071637405600
2,20072945807800
3,20075445852500
3,20076464696700
4,20076805292500
4,20077133031200
1,20078279003400
3,20078279857500
3,20080991693100
2,20081136603000
2,20084721910700
4,20086520467300
1,20086520566000
2,20086640983300
1,20087949004100
3,20091112086600
4,20091829900000
2,20093126153800
3,20093164815500
4,20093655039200
1,20102568842800
3,20102805930900
3,20103079590500
3,20103328680700
3,20103690534900
1,20104554726600
1,20105114183700
2,20107737360700
1,20107737387600
2,20107774411700
1,20112251301500
1,20112273684200
4,20114119807700
1,20117076915200
1,20118223430300
1,20120172888400
1,20121355833700
1,20121870838500
1,20122731073000
4,20126324410800
4,20127957857300
3,20129435728300
2,20133817208800
3,20134759880800
1,20136166591500
3,20139831586500
1,20141455050100
4,20143028655400
2,20143029928100
2,20143398301000
2,20143596616400
4,20143808760300
3,20147985215200
1,20149823551800
2,20151011832500
4,20154212557100
1,20155745647000
1,20158195118400
2,20158973758400
2,20159560054200
1,20159649025200
4,20160877982500
1,20160906107000
3,20160968018000
3,20162926329900
4,20164988418700
4,20165888334500
2,20165888682600
4,20167439824700
2,20167888443700
1,20169694198200
1,20170406454100
4,20170653133600
4,20171962193500
4,20172019933500
1,20172947474600
4,20173325214400
3,20175051257500
3,20175192117200
1,20177972871900
4,20183911500500
2,20184555199300
2,20185128095100
1,20185802104400
4,20186322650900
3,20186682201900
1,20187387995800
1,20187450159100
1,20190664517600
2,20190697607100
3,20191752758300
2,20192746895800
2,20195521565600
2,20197813445700
2,20200318083000
2,20202107011900
1,20203339298300
1,20204958343000
4,20205978413800
4,20207765132200
4,20213049977100
2,20213172759800
4,20215623358500
3,20216571345400
2,20218894487700
1,20219340801400
1,20219995900500
1,20220521166200
3,20221812125500
3,20222598040800
2,20226190641300
3,20227850017000
3,20227850030000
1,20229395725200
1,20231436944500
1,20235299709400
1,20235750026000
1,20236776141200
4,20240402290400
2,20240402939600
1,20240964996200
1,20244419258700
3,20250339157000
3,20250822288700
3,20252764855700
3,20255150833700
4,20255823170200
2,20256022918500
1,20256025657800
1,20257313743700
3,20257729813100
2,20258594459600
1,20260700872800
2,20261346746000
1,20262042943500
1,20263609754600
2,20263838099300
1,20265319937700
4,20267027427000
2,20270045192600
1,20273014149400
4,20281951349800
2,20282278834100
1,20282279012600
2,20283942556500
4,20284373468900
1,20286212910400
2,20286496443900
3,20286623612100
1,20287292768000
1,20289432932300
3,20289599571400
3,20289684243500
3,20290558874000
1,20292152202000
4,20294723854300
1,20296927420700
4,20301034864300
1,20301570763900
4,20302593039900
2,20304583087800
2,20305578403200
4,20305706303500
4,20306195234000
4,20306344525000
4,20307578414000
1,20307901452500
4,20308416305400
2,20309530436100
2,20310250114500
2,20310634008200
4,20310944967400
3,20312508905600
4,20313068557400
4,20313701132600
1,20318633662600
2,20320171912100
2,20322906026500
1,20324895196200
4,20325801854000
1,20327832316400
4,20328547985800
3,20328637082900
4,20330026674700
1,20331181807900
1,20334149876700
1,20334321144500
3,20337371178500
3,20337457821600
4,20339042276300
2,20340937531600
1,20344173280100
1,20349092440600
3,20350663070000
4,20353060061900
3,20353529055100
1,20354391841900
3,20355204062300
4,20357773104700
3,20358459422300
4,20360426244200
2,20360978680200
3,20361167041200
4,20361930289000
2,20363341982600
4,20363378189600
2,20364823539600
2,20365805562200
4,20366783273500
1,20367056826300
3,20367456243200
2,20367963010600
2,20368567374600
3,20369745087900
2,20370772717600
1,20372290578300
2,20376399944900
1,20376966520100
2,20380410873000
3,20380474392000
3,20381130100300
1,20387797669300
4,20389651746100
2,20389890497300
1,20394021965000
2,20394639259600
4,20394754653900
4,20394992559200
3,20398385976000
4,20399566430300
2,20400575320800
2,20402104970000
1,20404378721600
4,20405313239000
3,20408169206200
4,20409604908200
4,20409991518300
4,20410146376800
4,20411199316400
2,20411510801600
4,20413145501200
1,20414372897600
3,20418040551900
3,20419307131500
1,20419577082300
3,20420181856500
2,20422156658000
2,20423283151500
3,20423419146900
3,20423555540900
2,20423913010500
3,20428372299100
1,20428925192300
2,20430353317200
3,20432175328300
4,20432788929500
3,20433306195300
2,20434004263800
2,20435188155000
1,20435838124500
4,20437035952100
2,20437897030300
1,20437975696900
3,20438944006000
2,20439364092000
2,20439653411300
3,20440668424900
3,20441261141500
4,20441265411400
3,20443427766900
1,20443531434600
2,20444892191300
3,20445110631300
2,20445737331800
2,20447076713500
4,20448605670700
3,20448605940900
4,20450305151300
2,20450903796200
4,20450903936400
3,20451112776100
4,20451487023900
2,20452428223500
4,20452604032700
1,20454296174300
4,20454296358200
3,20454671101200
2,20455696676300
3,20459449891600
1,20463614246800
4,20463952003600
4,20464667097700
3,20465465280300
1,20466064524000
3,20466656103600
2,20470030339200
2,20471091488100
4,20474140306300
2,20475517079100
3,20476963097900
4,20479862933100
1,20483823565100
4,20486645344500
1,20487565166500
4,20488155794300
4,20488724645300
1,20489256628300
2,20489620529200
2,20489953655200
1,20490189954800
1,20493894097600
4,20494267492700
1,20496422238400
2,20496845073100
4,20496876465600
1,20497405270200
4,20498739070100
1,20499991640300
2,20501074355000
2,20504029819300
2,20504603648000
4,20505877196500
3,20505877515300
1,20506135756400
1,20506747863800
1,20506918721400
4,20507507646300
2,20508517026800
3,20511193907000
2,20512340837000
2,20514786272900
3,20515801156100
1,20518464624500
2,20520838714300
2,20522840333200
2,20524988133800
4,20525215977200
4,20526860088500
4,20526875457000
3,20529521056800
4,20531493783700
4,20537668678800
3,20539419275900
1,20539928970300
3,20540331906400
3,20541819755700
1,20543155969400
2,20543514717500
1,20545389411600
4,20550375547700
3,20552379862500
1,20552778855800
4,20554093996700
3,20554992194400
1,20556375006400
4,20558402862200
2,20558733499300
2,20558749216600
1,20560235902100
4,20560835078900
2,20560913742700
1,20562163481700
1,20562609325700
4,20562898906400
1,20563210231600
3,20563511212400
1,20565055109900
1,20567394395300
1,20571628482300
3,20571926342200
4,20572698375200
2,20575146923400
2,20576757646100
3,20578545058800
4,20579120899500
1,20580888428400
4,20583938810500
4,20585562358500
2,20588163353400
2,20588244649900
4,20588259963400
1,20588305263300
1,20588614906300
2,20590153340300
3,20590171575700
4,20591862148000
3,20592967564300
3,20593094610800
1,20593784221100
1,20594533246100
3,20595800103700
1,20598764747500
2,20599103876800
4,20601262733700
3,20602036007100
3,20605035683100
3,20607101282800
4,20609947766800
2,20610116471100
2,20612350221400
4,20612841806700
1,20613220831300
3,20613220877600
1,20613252612700
1,20613253813500
2,20615977966100
1,20616325452400
3,20616325596500
3,20617853951400
3,20619177244000
1,20619829063600
3,20620186244900
4,20620342641900
4,20622158804500
3,20622387475100
4,20622708421300
4,20623092443400
4,20625036076700
1,20626475707800
3,20626570437000
4,20627208967400
4,20629776490400
2,20630384924400
3,20631908017000
4,20632709480600
4,20634777883000
2,20635902849100
2,20637531016400
2,20637708855900
2,20637708903600
3,20637755762200
2,20639845781400
3,20640158389500
3,20642436972100
1,20646060323300
3,20648123709200
3,20648407781700
3,20648722020400
1,20649766514200
4,20651308552800
4,20652023260600
1,20652219569200
2,20652437740800
2,20652738827600
1,20658437209900
3,20658477244400
1,20660888593700
1,20661344964400
1,20662243898100
3,20663388997100
4,20664078255800
3,20665418907200
1,20665522456900
2,20669016137500
2,20670091349400
4,20671160870500
4,20672549051900
2,20674784521400
3,20676195065100
1,20676946687200
1,20678855681600
1,20679779340000
2,20680536355400
3,20681482222100
4,20682654104300
4,20685333804100
2,20686503442400
1,20688587342800
2,20690066947900
1,20691270769100
2,20692583744600
4,20692858151400
1,20694646594900
2,20695157192500
3,20695421501400
2,20695848990300
4,20696634205300
4,20698400207200
3,20699027902300
3,20699595166600
4,20699896505200
1,20702493937300
1,20703564651600
4,20704479034300
3,20705156241000
3,20706556182500
3,20711272794400
1,20711747024300
4,20713147359800
4,20713519127700
3,20714592403900
3,20714911462200
1,20716794854100
1,20718000567900
1,20719950912100
3,20720363576800
2,20722074353700
4,20723856840300
4,20724338581100
4,20726655308200
2,20726655322800
2,20726753979100
4,20728862518600
3,20729858341500
3,20730068688300
3,20730529424200
2,20731309445200
2,20731975586700
1,20732773544400
1,20733602113200
4,20734635568800
4,20735071990000
4,20736529626300
2,20737923366900
4,20737929152100
3,20738026362800
1,20740507009100
3,20741348895200
3,20741349704200
2,20742065639100
4,20743351644200
3,20743733617300
2,20746726004100
1,20747356725800
2,20748502614800
4,20748555991700
4,20748578222900
1,20749782182600
1,20750027225300
4,20751155818300
2,20751564047500
1,20751958699300
4,20753473922300
2,20755365781500
4,20759390044000
4,20760376456200
3,20762294704600
2,20764097485100
4,20764306356900
2,20764406240700
2,20765754061100
1,20766546657800
4,20767754863000
2,20768131736400
1,20768893856500
2,20769065215500
4,20771662758100
3,20771754056200
4,20771914216900
2,20772358697600
4,20772412593700
2,20773518139000
1,20775366406000
3,20778319396900
4,20778502162200
1,20780341231600
1,20786454302200
1,20787207168300
1,20787651116400
3,20788039414800
1,20791352470800
4,20792331138700
4,20792385891600
2,20793954666300
4,20794573971900
2,20794906709600
4,20795131871100
1,20797138785300
4,20797463894800
2,20798907421900
1,20799310805300
3,20799587310100
1,20800738398700
4,20804279446800
2,20804491023200
1,20806035148600
2,20806319724900
3,20806319726900
1,20810815543100
4,20811327140200
4,20813197878700
3,20813343184800
4,20815596687200
1,20815614889500
1,20817294218200
1,20831673881100
1,20832268645200
2,20833211473800
4,20836975610500
3,20838830692200
4,20842535626500
1,20843121890500
2,20843915780500
1,20844661146200
4,20845146388300
2,20845649464200
4,20846547725700
1,20849703518800
4,20851203401100
4,20852610887500
4,20852917088500
4,20856078978100
2,20857726044000
4,20857846257000
1,20859573865700
3,20859677090000
3,20861608827100
1,20862089488400
3,20862858837700
3,20864911397700
1,20865552967700
4,20866583989800
1,20866852310200
2,20866930853900
4,20867006416000
2,20867382394100
2,20870841492300
4,20870923487000
3,20871638587700
2,20871689018700
3,20872586755500
1,20874192072800
1,20874277200600
4,20875047759000
4,20876811302200
3,20877469804600
2,20879218779300
3,20880710684300
1,20881326604000
4,20884119694200
1,20884619745400
4,20885234494900
4,20885401721000
3,20885591636000
1,20885922092300
3,20885969739800
1,20887222439900
3,20887380721500
1,20889186316200
2,20892623643200
2,20893022179200
3,20893576143500
2,20893983460200
2,20897446053500
3,20897767265200
1,20900185078000
4,20901005114400
1,20902725093900
2,20903048010100
2,20903684953900
1,20903846232000
2,20903860882400
3,20906672674100
2,20907214757000
4,20908185634200
4,20909148699700
2,20912250020600
4,20912469995200
2,20912912702300
1,20914919305800
3,20915072537900
2,20915997741100
2,20916157561100
1,20918037934500
4,20921173619100
1,20921978809700
1,20923154940600
1,20925323567400
1,20926124081300
1,20926469608400
3,20927112795000
2,20927518486500
3,20929260841000
1,20929999180400
4,20930289589500
3,20930551291200
3,20931076276800
3,20939953661700
3,20940487836600
3,20946796803700
3,20947724364800
4,20950715833800
4,20951325253700
4,20954482634300
2,20954557638300
2,20956982359000
1,20957962558400
1,20961734412800
3,20962308490500
1,20963175843600
3,20963272145100
1,20964903149500
4,20968519549600
1,20969419924000
3,20970680809200
1,20972239688800
1,20972835123900
1,20972835151300
2,20972844260200
1,20973181599500
4,20974382861300
1,20977142176300
2,20978298950200
4,20978568985400
1,20979242786600
3,20980965890200
2,20981377870700
4,20981782233900
1,20982926808400
2,20984585699200
4,20990221151000
4,20990498531700
4,20991873069900
3,20992410210900
1,20994676371800
4,20995880086800
2,20996807522400
4,20999436265200
1,21002739679100
2,21003112207500
2,21003712448200
1,21007941451300
1,21011600380900
2,21012747176100
4,21013806883400
4,21015271512800
4,21016378112300
2,21017296605200
1,21018006958500
4,21019576032100
1,21019688158300
3,21019851339300
4,21020542377400
2,21022921646200
1,21023039494500
2,21023683856400
4,21026712579900
1,21027257767700
3,21027779441200
2,21029260336000
2,21029267817800
2,21030377801200
2,21033149737600
2,21033398528900
3,21034116663000
1,21034642668600
1,21034709714000
2,21037448442500
2,21037985775900
3,21038265562200
4,21040103573300
1,21040410185600
4,21042041011500
2,21042329550000
3,21044645610700
2,21045294573900
1,21046933336100
3,21048256491200
2,21050736038500
1,21051054614800
1,21051255900000
3,21052940587800
1,21055746944100
3,21059091025200
3,21059309428100
4,21060658869800
1,21060921435500
2,21061059104800
4,21061206920000
2,21061872740000
1,21063702499000
3,21063801653300
1,21064054970500
3,21067746929500
1,21067884327700
2,21068103263100
2,21069556725700
4,21069751476200
4,21072497294800
1,21072592000100
4,21073550369800
3,21074004911900
4,21076661305600
1,21077529627300
1,21079929881800
2,21080531510200
4,21081850501300
3,21081884834400
1,21082703189300
3,21086425922600
2,21090470519600
2,21090751700600
4,21094394354200
1,21096517840000
1,21099078419700
3,21099665427500
1,21099698974000
3,21100890454900
3,21101081903500
3,21103010764600
2,21103175146600
4,21104546610400
2,21105293699200
4,21108959040100
2,21113052261100
3,21114977972400
2,21115569901100
3,21120079553100
3,21121742415500
1,21126028005000
2,21128244312700
2,21135000495500
4,21136294908000
1,21136552723900
4,21136857985700
3,21138860893100
2,21138943100600
3,21139346917400
2,21139382274600
3,21140404481300
1,21140705274900
3,21145679455800
1,21146454436700
1,21147616247500
1,21148594548300
3,21150165166300
2,21150330700000
3,21152405669900
2,21153016872700
1,21153159817100
3,21153318559500
4,21154056868200
1,21154555037600
4,21154555113700
2,21155047041700
1,21155461726500
2,21157957709300
3,21159396787500
2,21159967032500
1,21161145298800
1,21166078628900
1,21166699309300
2,21166791489800
1,21167297241200
4,21168710107200
4,21170504058200
2,21170877732200
4,21171528818400
3,21173318154800
3,21173635988900
1,21175404259900
2,21175920262500
3,21179776387300
3,21180261798900
2,21180659311100
1,21180705264000
1,21182637571900
2,21183284460200
2,21183964287600
1,21185729080400
2,21186629478600
1,21186913949800
4,21187008380600
1,21191082209100
1,21191655677400
3,21191948773100
2,21192302023700
2,21193338458200
3,21194045820400
1,21196086274300
4,21196864978900
2,21196864983400
1,21198290177300
4,21198290207200
2,21198290232500
4,21199037575800
1,21199686719800
3,21200449339200
1,21200503048400
1,21200562968700
2,21201651561200
1,21204353860300
1,21205264475100
2,21207982753600
1,21209705104300
1,21209884711300
3,21210387862100
2,21211629399400
2,21215417302200
2,21223005011400
3,21223464166300
4,21224684725200
4,21226831442200
3,21227431898200
2,21227817877900
4,21230759025700
4,21230882910200
2,21234641175300
4,21234851687200
1,21239338953100
2,21241779909400
3,21242911254700
2,21243193470500
1,21244558333500
1,21246532600200
1,21250991586000
4,21251492287800
4,21251546298300
2,21252116804500
3,21253414581000
3,21253820804900
1,21253900768500
1,21254648247200
2,21255904641900
2,21257929011000
2,21258952775700
4,21259285594500
2,21259362421100
2,21260345773300
1,21261117380300
2,21261186982300
1,21262885965800
1,21264627563300
3,21266210196900
4,21266428848900
4,21267538025000
4,21268185725300
1,21270707350800
1,21271886291300
4,21271886538300
1,21272071878000
2,21273552087300
2,21274099481400
4,21274255994100
2,21274731971500
4,21275531356200
3,21275642779600
2,21277157623900
1,21277784739300
4,21286275767700
4,21287206246800
1,21288391982300
1,21288597469000
4,21288986419400
2,21291849738600
4,21293974892600
2,21297795562600
4,21299072680700
2,21300037224300
2,21300304868800
4,21301775826800
1,21302128387800
2,21302689258100
3,21303108468700
4,21303683499600
1,21305375894200
2,21307776935300
1,21308543713000
1,21308775200700
3,21310117059100
2,21311077101800
1,21312815603600
4,21312899254200
2,21313014703900
1,21314162997900
1,21314932733100
2,21316069317300
1,21317672904300
4,21318465598300
1,21318822789400
3,21320410326600
2,21321562274500
4,21321975601900
1,21322670206000
1,21323800764300
2,21323800812600
1,21325983517300
4,21326460363400
1,21329353740600
1,21330121125000
3,21332325538700
1,21332938095500
1,21333564785700
3,21335239756900
4,21335917724500
3,21336017864900
2,21336365216600
1,21338476458600
4,21341222904300
2,21342632165900
1,21343028968200
1,21343235377000
4,21343688251100
2,21345395768500
1,21345515097100
2,21346657809500
4,21346769843000
1,21347761953300
3,21348323247900
1,21348715893800
4,21348971626300
3,21352756701900
3,21353682772500
2,21357269212300
2,21357781770000
4,21362186303200
4,21363024836100
1,21363696622100
4,21363734471000
2,21364738754200
1,21367452231500
4,21367551419200
2,21369370503900
1,21369805114000
2,21371984872400
3,21372107340600
3,21374965935300
4,21377213804400
1,21377349591000
4,21378136128000
3,21378764690500
3,21380398609200
4,21381259191300
2,21382124348700
3,21384990654500
3,21389964764600
2,21393958334400
2,21397491454900
2,21398118833100
1,21398576105800
3,21400313446100
4,21400455969000
1,21401866458300
3,21403108615500
2,21403358677900
4,21404019172200
2,21404071391100
2,21404397699600
1,21404638806100
2,21405215062700
3,21406404903200
1,21406906820800
1,21409382892400
3,21411355522700
4,21411480210100
1,21412103991100
1,21412103994500
1,21412769420100
3,21413890854400
2,21414370909900
2,21414404252700
4,21416908113300
2,21418309515900
4,21419185696900
3,21419292880800
2,21420067273200
3,21420923982200
2,21421573177300
3,21422393418300
1,21424988480700
2,21425320781800
3,21425426138400
1,21426110775900
3,21428002876300
3,21428309639400
1,21428571867300
1,21428856762300
4,21429198135100
2,21431221831800
2,21435347943600
3,21438592104300
2,21440207834200
4,21444551472400
3,21444845522800
2,21447018703200
2,21447782606600
2,21448178520200
2,21450847316900
3,21452173807300
2,21452778149600
4,21454561215200
4,21454642969500
3,21454671182600
2,21454843780900
1,21456582172700
1,21459656210600
4,21460565500000
1,21461519658500
1,21462431085900
1,21464050424200
4,21464759987700
4,21465560799100
2,21468414177400
2,21472171476000
2,21472716610600
4,21472904101300
3,21475233443200
2,21477142819700
2,21477266881300
2,21478972038100
1,21479715101900
2,21480448031500
3,21480615920900
4,21481679278500
3,21484117024500
4,21485876437900
2,21486280909200
1,21487950287600
2,21488333683800
3,21489124662300
1,21489283911200
4,21494689940400
2,21494858898500
4,21498236467200
2,21500324858200
3,21501143318700
4,21506272436800
4,21510200847300
3,21510551604700
1,21511894651000
3,21513427374500
1,21514804746100
2,21516136323300
4,21519210142000
3,21520998644900
3,21522310248400
3,21522595822700
4,21524497529700
2,21527258776900
1,21527789169900
1,21529065776400
3,21531140926500
4,21532626612900
1,21533271514000
4,21536050917700
4,21536182817600
2,21537669474300
3,21539028646100
3,21539579718000
2,21541550012500
2,21544305318900
2,21545425391100
3,21545514164200
2,21546016714000
2,21546306045500
1,21546546987600
2,21546832574600
3,21548314008300
3,21548905180600
4,21549509540100
3,21550065216800
3,21551670475800
3,21553419843000
3,21554265394100
1,21554924694900
4,21555033850200
1,21555144459800
3,21555163348200
1,21555251520600
2,21556895908100
1,21556896071100
3,21557119423100
3,21557226830700
1,21560878000400
2,21562503446000
2,21562656983800
2,21564355835500
4,21567555979700
3,21567844319700
1,21570463037000
2,21570752713700
1,21571643007000
3,21572853637700
2,21572912117100
3,21574230444800
1,21575081483300
4,21575311038000
2,21576551809400
1,21576859299600
4,21577277003400
3,21578536205200
3,21578628021800
4,21581071464400
1,21582057102000
4,21583395944900
2,21585663077800
1,21587734159000
2,21588638299900
3,21588910469200
3,21591432175500
2,21593146395200
1,21595888223400
1,21597715672000
1,21597763318700
1,21599387356800
4,21604212895900
2,21606800899600
2,21607012045700
2,21607817670900
2,21608808080100
2,21609356313200
1,21609408616200
2,21610831311400
4,21611393078700
3,21612386166500
4,21612987339100
1,21613060041200
1,21613623837000
4,21614798779300
2,21615790753000
3,21616258475700
1,21616278631100
2,21617558678000
3,21618938371800
3,21623104723100
4,21624451815100
4,21624893947400
4,21625066451600
3,21625152640300
1,21626493601100
2,21626583378100
3,21627578874900
3,21628837542500
1,21631017217000
1,21631305401600
2,21632249185700
2,21632249186700
1,21632482072200
1,21634029117600
4,21634888211200
1,21635227758200
4,21637448742400
2,21637802952500
1,21638100506900
4,21638154527700
1,21638721128400
4,21638932451300
3,21639548772500
3,21640601782600
2,21643702616600
4,21646260122200
2,21646960785400
1,21653737156400
4,21654874434900
1,21656469818800
3,21656798574000
2,21656901131300
2,21658442292200
3,21659976532900
3,21661196154300
3,21661306913400
4,21663463288800
3,21663893151300
1,21664423172500
3,21664676267400
2,21665070309500
3,21666609045700
2,21667854151400
3,21668429351400
3,21668917275800
2,21669098207200
2,21670608161800
1,21671371796100
3,21671513383200
4,21671628031200
1,21672123624800
2,21672824463900
1,21673517962400
4,21674381762400
1,21674686233100
2,21675115276700
2,21675382157700
4,21675720809500
3,21675721048300
1,21678807425700
1,21678885604500
1,21678885725100
1,21679916837800
1,21680877381800
3,21684302042400
1,21686879915700
2,21687574568600
3,21688610408000
4,21691205362600
4,21693379145300
1,21694049337600
2,21696064623400
2,21697375547500
4,21697376136700
3,21698234570900
4,21698913887900
4,21702137705600
4,21703656574700
2,21703656579600
2,21709046269500
3,21710486146300
4,21713451791700
1,21714789622000
2,21715118908800
1,21716743056600
4,21717486396100
4,21720741027200
3,21721655333500
3,21722818819700
4,21724638271000
2,21724870495000
3,21725577175200
3,21727662857900
3,21728029693100
3,21728030296800
3,21728346229700
4,21731029466900
1,21739608531600
3,21741820289400
1,21744188916900
2,21745032044100
2,21745541308700
2,21747294458700
2,21747399368200
3,21749857406700
1,21750740861000
2,21750922346800
4,21751541200200
2,21752535132600
2,21754020479900
2,21754176060300
4,21754745958200
2,21760772512500
2,21761114205800
2,21764166030500
4,21764815784700
2,21765223835200
3,21765755358400
1,21769981202300
2,21771205429900
4,21771332935200
1,21773304350800
1,21774972850800
1,21776200247400
1,21778793997100
3,21780475823100
3,21780577108800
2,21786046977800
2,21786481450700
4,21786742886600
1,21789142648600
2,21789760113200
1,21790742889100
1,21792081026100
1,21792963068700
1,21794660875600
3,21795452733100
2,21796024284500
1,21796283548200
4,21796303559600
4,21797292984000
3,21798745385700
2,21801534063800
1,21811360520500
2,21817674881700
1,21819902150700
2,21820057852700
4,21820964977700
4,21821659977200
3,21823305614000
3,21823410509700
3,21823539303600
2,21824811410900
2,21825647458200
2,21825708553100
3,21826061611900
3,21831442106200
4,21831885387400
1,21832451429700
2,21833052815300
3,21833381395200
1,21834317745100
4,21834901579800
3,21835012274300
4,21836698426200
3,21837227193000
4,21838528793800
2,21838669513700
3,21842020065300
2,21844295528100
2,21845446334300
2,21845446469500
4,21845736532100
1,21845736820700
4,21845960817100
4,21845961215400
3,21849767268600
4,21851274327800
2,21851307911300
4,21853551200500
2,21854931896100
1,21856565366400
2,21856908097400
3,21858326324500
3,21861327520300
2,21862538236300
2,21863129637000
4,21863594238700
1,21866028930200
3,21867839372700
4,21872864196800
2,21874154401200
4,21874483679100
4,21876217439300
1,21876449093000
4,21878552091600
3,21881268086200
1,21886385330500
2,21886827537900
2,21888954219100
3,21890343599200
2,21891626276500
2,21891822674400
2,21892299186500
3,21895239395600
2,21895930249800
3,21900070778700
1,21902389810900
3,21903159487600
1,21904384019000
1,21904384042300
3,21905815975300
1,21906549275100
2,21907501703200
3,21911754636100
1,21914264436600
1,21914428354800
4,21914911958100
3,21915906668300
1,21917326474400
2,21917360479200
1,21918290364000
1,21919415802000
3,21922039788700
4,21923328345500
4,21923778842600
1,21923778860200
3,21924810484000
1,21925725060900
4,21926633546000
1,21926719781300
4,21926733770100
1,21926898727900
1,21927150173800
4,21928070647700
4,21929883212100
2,21930590323700
1,21930706499200
1,21932056047700
3,21932196170100
3,21933051328100
2,21933300094900
4,21934801465000
3,21934802026400
2,21935684774700
2,21936077467500
4,21938159324700
3,21939247265500
3,21939662354400
1,21941072044600
1,21941899225200
1,21942292710300
2,21944325266600
3,21945734263400
1,21946171635800
1,21947839012400
2,21949401284800
2,21949416710000
1,21950415179100
4,21950815751300
2,21951899412200
1,21954324085300
3,21954987983000
4,21955997936100
2,21956663929100
1,21957173404700
2,21958561204400
4,21960524270600
3,21964225797700
1,21967081541900
2,21968733618700
1,21970305415600
4,21971008309200
3,21971008576600
4,21971522772300
3,21971617907900
3,21972700447900
1,21972831471500
1,21973493581500
1,21974606716300
4,21977813067000
4,21979219910000
1,21979777162500
3,21981654031200
3,21984584530500
3,21984684586600
3,21985293119700
2,21985293162700
1,21985876644400
4,21985897315100
1,21986124330700
2,21987232718200
1,21987270225900
3,21987869285600
3,21989700602000
3,21989859026000
3,21992249526400
3,21992592109800
1,21993999949300
4,21997425560700
3,22000657458300
2,22002108125800
3,22002703620200
2,22003658418400
1,22005166517800
3,22009442848200
3,22009453795800
4,22010691367400
1,22012401435400
1,22012816836700
2,22014816560200
1,22016799848600
2,22017252882000
2,22018125195400
4,22021190628300
4,22021492666300
3,22021593178100
1,22022474600200
4,22022477277300
1,22023462948400
4,22024043318000
2,22025871312800
3,22028617292200
1,22031724609400
3,22034589974100
1,22036738432100
4,22038576254000
2,22039040461900
4,22040442658200
4,22040754120600
2,22041327310700
4,22042098853700
3,22044131659400
3,22045098006800
2,22046673485700
3,22046777733100
3,22047573541800
4,22047855306400
4,22048426059900
2,22048619767800
2,22048635731500
3,22052320958200
3,22053310843600
2,22053917321100
4,22056356177500
2,22059821351100
2,22060093747800
1,22064949868700
4,22065744825900
2,22065804961300
1,22065880107700
1,22067517925600
1,22069151036500
2,22070938307500
1,22071625881500
4,22074538504400
2,22075245829700
1,22076690158300
3,22077756851500
4,22077879786300
2,22080159036100
3,22082294101100
1,22084199709100
3,22084279122100
2,22084624999700
1,22085568201100
1,22085860593000
3,22085867233000
3,22086476635700
2,22089574598200
2,22093009213100
3,22095612145900
4,22096209270400
1,22101213508800
1,22104153329800
1,22104775930500
1,22104798774000
1,22107452167800
4,22108412855800
1,22110362102800
4,22112677507800
3,22116015121500
1,22116307665300
4,22116401363000
2,22118960716600
2,22120163950200
4,22123204281800
3,22124112977300
2,22124981875400
3,22126367658300
4,22127351625300
1,22129318772100
4,22129772250500
1,22131234532700
3,22131558846300
2,22133295936900
2,22135193864600
1,22135538766900
1,22137618485900
4,22140794030800
4,22140936841300
1,22142191808600
2,22142547653000
2,22144577943500
1,22145008841900
1,22145010064500
4,22146688611600
1,22146740748700
3,22147283219600
3,22148103734600
3,22149368322600
1,22150764847200
3,22152327529400
1,22153215921200
3,22155183309800
2,22156886246600
4,22157364129200
1,22159545442300
4,22161282948600
2,22163274994200
3,22163360849300
4,22164582237100
3,22164895234800
4,22168632228100
2,22170106557600
3,22170224798100
4,22171977273900
2,22173428347200
1,22173534860000
4,22175148323700
4,22176034916100
2,22176701607800
1,22178463818600
4,22182791543500
4,22182791885400
4,22183150928600
3,22187504608500
4,22187924271900
4,22188262831500
2,22188284823500
1,22192299318000
1,22192741114900
4,22193726853300
3,22196351887200
1,22197246137700
1,22199293136700
3,22200600006600
1,22203126565700
1,22204150472400
1,22205591930600
2,22205906650000
4,22206895647700
2,22207182597000
2,22208903611900
1,22209191154900
2,22209359068600
2,22209535536600
2,22209535793000
4,22210413541400
2,22211581075300
2,22211715876200
4,22214879954900
2,22216921234900
2,22217808412000
1,22220262374000
4,22221171980900
4,22228331429500
1,22228605535300
1,22231868754300
4,22232902664000
3,22233773970400
3,22234361107200
2,22236661678100
4,22236712740600
4,22240027858700
3,22242350315600
4,22242625205500
4,22242812541700
4,22242933594000
4,22243461487400
4,22243964475600
4,22247296379500
2,22249088046400
3,22250578639200
2,22251552058300
1,22251798903900
3,22251988635200
3,22253277054100
3,22253459418500
3,22253740473900
1,22253740541400
3,22257292630600
2,22259082517400
2,22259396789900
1,22260558645300
3,22261151502800
3,22262439946900
4,22262984681600
2,22266474654400
2,22268620888700
3,22269678764500
3,22270177546500
4,22272369989100
1,22273752376100
1,22274618210800
3,22276688153100
1,22278361803300
2,22278409855700
4,22278753957100
3,22279959977800
4,22281420701300
2,22281801374300
1,22282302441900
2,22284697104700
3,22284831736200
4,22285048570000
1,22286497129600
1,22286664803000
1,22287739888100
4,22288522780400
2,22288866309500
3,22290409569600
2,22290701118000
2,22291580175500
1,22291699373700
3,22292161466900
2,22292268155500
2,22295212754900
2,22296596275000
2,22296929103300
1,22299069525900
3,22299117177500
4,22299535632900
2,22300184023900
1,22303846541700
1,22304537443700
1,22305203685700
1,22305622583000
4,22305816657600
4,22313670746600
1,22317283265500
1,22317719490200
4,22317814170900
1,22318409695600
4,22318658844100
2,22319853197900
1,22322847834400
4,22323176743000
4,22323807846700
2,22323808041800
1,22325930304900
4,22326627172700
4,22326704699200
2,22326704791600
3,22329377898600
1,22329484111200
4,22330119050300
3,22330974858700
3,22331384686100
3,22333555559600
1,22335961427200
3,22337153139600
1,22338196691500
4,22338361072400
1,22338528710800
4,22340232717500
4,22341927319600
2,22342684617000
4,22344219740600
4,22346257033300
4,22348978890200
4,22349199975600
4,22352050743700
3,22352463028300
4,22352674376800
4,22353726510800
4,22354674612400
3,22355467510200
3,22358839765100
4,22360728077000
4,22361123021700
4,22361526584800
2,22362604163000
4,22364473669900
2,22365530041600
2,22365950804600
1,22366375021200
4,22368643269400
3,22369859261800
4,22370849365400
1,22370915086100
3,22371736509200
2,22372004758700
3,22372736432600
3,22378280649900
4,22378353396300
1,22378973876100
2,22379672052400
4,22384092626500
1,22384493871500
4,22387909171500
4,22388185809400
3,22389151636800
2,22391357443500
1,22392036260300
1,22393551146000
2,22395074466400
2,22395074478700
1,22395622629600
1,22397577175500
3,22397728025600
4,22398217699400
3,22400330174200
3,22401748398100
1,22402952469400
1,22403170861600
4,22405311152600
3,22406042003600
2,22407672196500
4,22407672196600
3,22407672196800
1,22407672196900
2,22407672210300
1,22407672244500
3,22407672260500
1,22407672262300
2,22407672269500
4,22407672287400
2,22407672321600
2,22407672331900
2,22407672351700
2,22407672367900
3,22407672373300
2,22407672404900
3,22407672435800
1,22407672464300
2,22407672518100
2,22407672546100
1,22407672622200
1,22409400160900
4,22409588424300
4,22409697541400
4,22409910330200
2,22412669518600
4,22412742175300
1,22414636474100
3,22414929440800
4,22415045534000
2,22415899599300
4,22420350458800
4,22421048784800
3,22422584346800
1,22424363368100
1,22424766118800
3,22426184644500
2,22428750384900
1,22429127303300
2,22429703943100
1,22433471581400
3,22436435525800
3,22436927440900
2,22437609289700
2,22438001499100
4,22438706496400
3,22439337794600
3,22442445911900
4,22442703880800
2,22444505696900
1,22445555380000
1,22445918327100
3,22447220109700
2,22448757238300
2,22448935780500
4,22449301607900
1,22449307302300
1,22449689158800
1,22452094746000
2,22453396849400
1,22453689349200
3,22453799190600
2,22454453319400
2,22454579251600
3,22459278639200
3,22459506247800
2,22460322777700
3,22460662283800
2,22462567723000
3,22462752233800
2,22463053521800
2,22463185991700
3,22464536519700
1,22465886830700
4,22465967385900
1,22466296089100
2,22467731867000
3,22471120828600
3,22472158643000
4,22472452180300
4,22474301256400
3,22474642838800
1,22476125415800
3,22477611977500
1,22477636600100
3,22477680379600
1,22478040129800
1,22478563151700
2,22480144613000
2,22480395697900
1,22481433810200
2,22481823323200
2,22482667328600
1,22484528175400
1,22488750500900
1,22488783961300
3,22489584297400
4,22490372383900
1,22490467420900
2,22491285166300
2,22493343757700
4,22494795536400
1,22495802267800
1,22496107235900
2,22496933316700
2,22497160561500
3,22497900891100
3,22499901755400
2,22500048168800
1,22501601940000
3,22502533010500
4,22503252740000
3,22504136456700
3,22507018182200
3,22510593176400
3,22513964426000
3,22515716652500
1,22516420189400
1,22517837300200
4,22520591853300
1,22524137521100
3,22525074030400
1,22525328667300
3,22526124275800
1,22527110496100
4,22527132077100
4,22527631583900
2,22527818808300
2,22528129670200
3,22528236712900
4,22532123468300
2,22533039142800
4,22534412249800
4,22534969372900
3,22541080098700
2,22543122060900
3,22547531769800
2,22547935943700
4,22549125194200
2,22550637065000
2,22552938926700
3,22554529753600
4,22557146125400
4,22558148676600
1,22558190627500
4,22560352100600
4,22564712162700
4,22565047932800
2,22566215623200
4,22566308678600
3,22566698818200
3,22567022486900
1,22567123168000
1,22568010099700
3,22569734567900
3,22573625922200
3,22574710524600
4,22575205167000
3,22575376232900
3,22575706026500
1,22575976970900
4,22578462524400
3,22579718502800
2,22579937064500
1,22580291023300
1,22581107898700
3,22583863642600
3,22584189438800
4,22586928947800
3,22587539052300
3,22588007080000
1,22591130777500
2,22592076799900
2,22592308695000
2,22594277347500
1,22594490441800
1,22594857536800
3,22595571974200
4,22595923118700
4,22596488306500
4,22596488517200
1,22598151567600
3,22598258159900
1,22599836342400
4,22600120689500
4,22601396532400
2,22602363094200
1,22603664118700
3,22604040237400
3,22605964992600
1,22608011071600
1,22610007750800
2,22610226340100
3,22613036959400
1,22614045449900
4,22614148474000
4,22615211482600
1,22616483829600
3,22617207742500
1,22617563865200
4,22617563905100
4,22617564787000
3,22617876787400
2,22617954480600
2,22620301507700
3,22622016893700
1,22622888480400
1,22622888514000
2,22624969863400
3,22627096276000
2,22627184300600
4,22627908511000
1,22635763427700
2,22639448104700
4,22640774361200
2,22642325819900
4,22645375752300
4,22645477362700
1,22645969133600
2,22646093639200
1,22646535902600
1,22647477206600
4,22649046189000
1,22649336253800
1,22650385628100
3,22650666323000
3,22653000590200
4,22653770991300
1,22655006820400
1,22655594805700
2,22655715854100
3,22657850728100
1,22659523621600
4,22659629163500
4,22659742895800
2,22659965743200
1,22664360682600
3,22664547867300
1,22665483507600
3,22665553674200
4,22667981040000
1,22669340756900
4,22673501796100
3,22673664095700
4,22673935808400
2,22676041031000
4,22677097712300
1,22677146400200
2,22678487595300
3,22678764365000
2,22680101244800
2,22682664558200
3,22684127760100
2,22684899095400
1,22684924489700
2,22685221550900
4,22685301716100
4,22687871854300
1,22691107033200
1,22693157763400
2,22695877885700
2,22696771601500
1,22697159736800
2,22699011134300
1,22702149608900
3,22703277371300
4,22707520003500
2,22710277314200
4,22711124066700
2,22711253183200
2,22711772503900
2,22712050437700
2,22712801477500
3,22712981327700
1,22715304084700
4,22715447338600
2,22717070343700
2,22717619863600
2,22718275512900
2,22719040249300
2,22720323644700
3,22721406858500
3,22721823871200
2,22722198334400
3,22724182156400
2,22724499118700
4,22724867414900
2,22724920663400
4,22725779416000
2,22726004409000
2,22726085962700
1,22726450543400
2,22727438760900
3,22727627157500
2,22728301862300
4,22728951071100
4,22729689674500
4,22731393717500
4,22731605810900
4,22731793812800
3,22734683111000
4,22734797208200
1,22737090209400
3,22738892056600
1,22739846167900
3,22739992458700
3,22740640386900
1,22740905152500
4,22741347961300
4,22741733479600
3,22742550250300
1,22743227691900
4,22743726380800
3,22743841328100
3,22745021781600
3,22745428342700
2,22747589273500
1,22748671016100
4,22749586988700
2,22755367901400
3,22756254539900
4,22757046950300
4,22757733792800
1,22757766584000
4,22758731985000
2,22758965449400
1,22759183844400
1,22762150662800
4,22762352583300
3,22763882915700
3,22763979836800
2,22764435683800
2,22765370823400
3,22766516610700
1,22767367302900
2,22768146924500
4,22770843011800
1,22770964182100
3,22771166870600
2,22773441254600
4,22774412841300
1,22777781410800
1,22779126804200
2,22780942524300
2,22782082340200
2,22783657854400
2,22784549522400
2,22784549561600
1,22784962591800
2,22785334026800
3,22785640473300
1,22786554645300
3,22786660051300
2,22790231372500
1,22790252291800
4,22791111661000
1,22791707950000
1,22792123314200
2,22796128450900
4,22797352040400
2,22798981461800
2,22800022933000
2,22802079589200
1,22802948446500
1,22804001104100
2,22804896978900
2,22805709565400
2,22805793153700
1,22806791655500
1,22807780368700
3,22807856111500
3,22808639882700
2,22810172739700
1,22814140300500
4,22814414010300
1,22815626388700
1,22816453362100
3,22820623329600
2,22822972628700
2,22824644885500
3,22828195716000
1,22829588826300
2,22829777454200
2,22830888777800
2,22834476416400
3,22834502424500
1,22835526715200
4,22835538920600
3,22835601968400
1,22837091055500
1,22837660041600
1,22837676111700
4,22839493785600
3,22839507825000
2,22841652284000
3,22842217262600
4,22843163237100
4,22845425028900
2,22847038082900
2,22847344656300
3,22847932594200
3,22849181405400
2,22849982388500
2,22853528675700
3,22854596719500
3,22854961183900
4,22856133559700
4,22856603453900
3,22860770792300
1,22861832807800
1,22862574415600
3,22863753598300
1,22865678338700
3,22866145672900
1,22867108571200
2,22867599669300
4,22868473446800
2,22868501913000
3,22869588008500
1,22870466466600
3,22871944678000
4,22872078552100
3,22872625182600
3,22873453951700
3,22875033808200
3,22876332584900
3,22876828687700
4,22877179596600
1,22879251889000
2,22879401669800
2,22879426143800
4,22884409427400
1,22884888545900
2,22885111174500
3,22886931308400
4,22896583132200
3,22897275467200
4,22897628398900
1,22898906946400
3,22899621477300
4,22900939271600
2,22900939588000
1,22901099833200
4,22903125664400
2,22903370042700
2,22905035621500
2,22906203071900
1,22906915647100
2,22908789094100
2,22910051533200
2,22910979740800
4,22911397825500
2,22912068024600
1,22914263144700
4,22916309224500
2,22916309422200
3,22916349225600
4,22918307984500
1,22920797847600
4,22923852640800
4,22926230808600
2,22927615452200
4,22928282168300
2,22929474892000
2,22931320403100
2,22932849589600
3,22933879205700
2,22936248508600
3,22936400061200
3,22937254408900
3,22937688766000
1,22939629086500
1,22939680790900
1,22940345392200
2,22940400356500
1,22940496384500
2,22940496514600
4,22940677128900
3,22941378757700
3,22941378934200
2,22942219605600
1,22943094282500
4,22943192100800
1,22944244484000
1,22945747179500
2,22949724219600
1,22950868372900
3,22952611494700
3,22953109980500
2,22953635857500
3,22953896571900
1,22954241530900
2,22954472037200
3,22956094253800
1,22956998649300
3,22957929476700
4,22957944464800
3,22958109602600
3,22958397207300
1,22959303514500
1,22959843855500
4,22960019914700
2,22960899602100
3,22966214938500
2,22967240021000
4,22968113675100
1,22969485247400
1,22969757966400
2,22969761370300
3,22971267413000
1,22971302922100
2,22971756309900
4,22974482494400
1,22974573626700
2,22978242271600
2,22980986771700
2,22982731425000
4,22984462388300
1,22984482908900
1,22985030235400
3,22988808647100
2,22990917718100
4,22991488679400
3,22992241549300
1,22993742187500
3,22995669641200
3,22996264909000
1,22998661043300
1,23000135615900
1,23001599820900
1,23001643105400
1,23006107038300
1,23008870888600
2,23009159205200
1,23009370719500
4,23010152520600
1,23011439111300
1,23012606604400
1,23013441806900
1,23015782071700
2,23017415093600
3,23017912372700
2,23020699547200
4,23027135676300
3,23028035085400
1,23028140593800
3,23029828276100
3,23029828283800
2,23031840143700
4,23032256827700
4,23032468587700
4,23033015357300
2,23034402185900
4,23035351944000
4,23036889370900
1,23036930132800
3,23038164822200
3,23039265133800
1,23039521699600
2,23040062093200
3,23040199016800
2,23043200653600
1,23044322871400
1,23044322881600
1,23046127770700
3,23046336641200
4,23047733606700
3,23050215299000
1,23052099869700
3,23052492306100
4,23053580142700
4,23055753038400
1,23056199702900
3,23056761779100
4,23059224278200
4,23059596320600
2,23059952152100
2,23060924199900
1,23063005398400
3,23063612417500
4,23064010306900
1,23064382611400
4,23067228890900
1,23067339252900
1,23069029968600
4,23069509851700
3,23070048776300
4,23071645572000
2,23073251706900
1,23073734327100
2,23074293679800
4,23076790741700
2,23077603043000
4,23079035186500
1,23080078392100
3,23082086678800
3,23084948807200
1,23085468413400
2,23085918556800
1,23086830431400
4,23088345627300
1,23088372032900
1,23089141107700
1,23089496743400
4,23091149651700
3,23093974886100
1,23094104086900
2,23094395026900
4,23094619283700
2,23096010693900
1,23096339230500
4,23096893672900
4,23100777978300
1,23102547938100
2,23103385340200
1,23103446755700
1,23104352394400
1,23107105328700
3,23107213144600
3,23107213156400
2,23109166415600
1,23110652580700
2,23110949160500
4,23112322582800
2,23112372924400
2,23115023713000
4,23117382657600
4,23118100386100
4,23123255240800
3,23124999699100
1,23125239715400
4,23126692922500
2,23128087197600
4,23128238127600
2,23128418879600
3,23128949371700
3,23130336953700
3,23134669614500
2,23141709867500
2,23142069582000
4,23143332979200
4,23144731569700
4,23144976548100
4,23146987193800
1,23149357180300
3,23149631874300
1,23150398557400
2,23151738599200
3,23152598233300
2,23153249290600
1,23155401008500
4,23155682624300
3,23155834316700
3,23156326817600
3,23158744991900
2,23161115841300
3,23161691109900
1,23162226290600
3,23162856115100
3,23162919111200
1,23164371948500
2,23166865861400
2,23167302249300
1,23168574736800
2,23170626857200
4,23170747543100
3,23170800930800
1,23170902349600
4,23171118655000
3,23171308403900
3,23174227736000
4,23177106570900
1,23177710369200
2,23179301463400
4,23184306699900
4,23187146045700
1,23187313724000
1,23188374029000
3,23190173146500
3,23190217127300
3,23190915013700
3,23191890992300
2,23192747335700
4,23192994276300
4,23193059312600
2,23194068826700
2,23194367626800
2,23194983144500
3,23195619291500
2,23195787816900
2,23196145060600
2,23201533952200
4,23204607778900
1,23204744087100
4,23204894282000
1,23205585184000
3,23205826497000
1,23206283785400
4,23211079721100
4,23211831384300
1,23213339549100
1,23214168258700
1,23216528631000
3,23216738969700
1,23218053312200
3,23218869092400
2,23219241345700
2,23219663700100
1,23220467428600
2,23220568717700
1,23222687824000
3,23222807655500
2,23223347387100
4,23223447503400
3,23223913495100
4,23225328527900
4,23227927696300
1,23231894273300
2,23235333570100
2,23236105601600
2,23236989744200
3,23238584907400
4,23241083967100
2,23241103146500
1,23242120273400
2,23243599842000
3,23245655789700
1,23247406530600
2,23248345461800
4,23249215575200
2,23253995999300
1,23258910038400
2,23261072704200
4,23261651330000
1,23261977999800
2,23262575428300
2,23262986053200
4,23263964647900
1,23267470902900
3,23268307160900
3,23268635366700
3,23268971453700
4,23269486806800
1,23269543279700
4,23270106175500
4,23273127378200
2,23273684973600
3,23274619324900
3,23276478016300
2,23276919862900
1,23278052783800
4,23278112721800
3,23279400925100
3,23281573081600
1,23285920975000
4,23286253076900
4,23286717045400
1,23287115723600
2,23287220374700
3,23289033537100
1,23289513332200
4,23292860039600
2,23293853605200
3,23296325961200
3,23299244842500
4,23299440430700
2,23299960468100
1,23302004308200
2,23305550869900
4,23307958077500
4,23308223336100
4,23308240933000
2,23308260599000
3,23309326914600
2,23309647275100
4,23309692878800
4,23310027145800
1,23310854452100
2,23311267757200
1,23312530736300
1,23313912840500
3,23316752756700
3,23318597191200
2,23319450711600
4,23322479468200
4,23324167855200
1,23324817063300
4,23324987782200
4,23326210998600
2,23326305889500
2,23326388067800
2,23327561054900
2,23327605298300
2,23327984887600
4,23328139949600
4,23329108341800
2,23331430705200
2,23331888754900
3,23332888229300
3,23333752751400
3,23338513316100
2,23340578589000
1,23342568712100
1,23344802902600
3,23345327599700
2,23346726426500
3,23347349020000
2,23352448558100
1,23352719818500
3,23355981080900
1,23356992896600
3,23360421142700
1,23361298789600
3,23361472149300
1,23362146267900
1,23362458395200
2,23362729325300
4,23363867469900
2,23365608587300
2,23366018411600
2,23366729695600
4,23368658791600
1,23372418271200
1,23372692423600
4,23375033693000
3,23375562961400
2,23376489491700
1,23377456129800
1,23378806528000
3,23381187553800
3,23383214508200
3,23389799103300
4,23391970082500
4,23393017077900
1,23393473102000
3,23394196094200
4,23394442745100
4,23395824609400
4,23399294827300
4,23399295021200
3,23400486911500
1,23402024628700
4,23404582747900
1,23406666351000
3,23408309398400
4,23408687274900
1,23412312662000
4,23414150518600
4,23414796365900
2,23416010975300
4,23418211964200
1,23423854617300
4,23424132652500
3,23425821437200
4,23425891639900
1,23427286736100
3,23428924120900
3,23429182355300
3,23432132080300
2,23432512735800
4,23432512750900
1,23432864089600
2,23434188721600
3,23434420155300
4,23435090827500
3,23441209627600
2,23441950855000
1,23443166882200
3,23451895905500
1,23453147018800
2,23453406639400
3,23455442845700
2,23456387378000
1,23460357211400
1,23460403160600
3,23461425447400
4,23463146790800
2,23463345647900
4,23463840631800
4,23464830031200
2,23466074443600
2,23467152269100
2,23468129306100
1,23469683297400
4,23472631836900
2,23474759513000
2,23476526616500
4,23479233379300
3,23479623046100
2,23479711374600
1,23481220212500
3,23486647032700
1,23487474927700
1,23488801002900
4,23490943942800
2,23492362052700
1,23492670614100
2,23493773603600
2,23497002196700
4,23500344855500
4,23501015106500
1,23501616465400
4,23508561557500
4,23510099208600
2,23512374542600
2,23515259906600
1,23515905496000
4,23516194463100
1,23516958821800
2,23517196193500
1,23517511315700
2,23518000176100
1,23518011238600
2,23518097207800
1,23523314819200
1,23523914722300
3,23524504589100
3,23526023123400
2,23526380678100
1,23526682187700
2,23528335198600
3,23529185624800
4,23530364970900
1,23532353341600
1,23533461834000
1,23533837218500
2,23534369614200
2,23536017426200
3,23536269188300
3,23536649958200
4,23538998565700
3,23544436452200
2,23546936270500
1,23547629669600
2,23550954012500
1,23551214631900
1,23551266948000
3,23551821596000
3,23554235380900
4,23554377541300
3,23559854451700
4,23560783055700
4,23562281944500
3,23562863457500
4,23565025721000
1,23567473494400
3,23573160985600
3,23573161192300
4,23574941627300
3,23575959462900
1,23576051129500
4,23580947436900
4,23582597813800
2,23582793713700
1,23583082391800
3,23583762865400
4,23583762912900
4,23585034102500
2,23585313148300
4,23587746894800
4,23588533239400
1,23589741344000
4,23590127340800
2,23594534615800
1,23597479466800
1,23601169884600
4,23601263124200
4,23605726507400
3,23607620588600
1,23607735382800
2,23608582643000
4,23609740617600
1,23610579337400
4,23614504658100
1,23615034181800
1,23616537798000
4,23616620474000
1,23619847047700
4,23621665548200
4,23622046113400
2,23623324883200
2,23623491292700
2,23627486914300
4,23627748538000
4,23628868329500
2,23631957245700
2,23632028585400
2,23634290990200
2,23635539216400
3,23636350763500
3,23636702923900
4,23637376400700
3,23638576552600
4,23639680383000
4,23642114737200
3,23643065200200
1,23643134108500
1,23643297436900
3,23644748060400
3,23645043357700
3,23645634229200
4,23645775335800
4,23646403318400
2,23647867254300
1,23648336512400
3,23650573524400
2,23650912080100
1,23654308581000
2,23655616958000
4,23659072891800
2,23659295035900
2,23659429471500
4,23661556606000
3,23663377160600
2,23663791964200
3,23664181531400
1,23664689097500
3,23665730729700
4,23667717665300
2,23667976496400
3,23670249119800
3,23671421166700
1,23672621455000
1,23674142379900
2,23676206338800
4,23680517759900
2,23681618445400
3,23682303511500
4,23685561295000
2,23689746418400
1,23690130713500
3,23694502471800
1,23696912902900
1,23697427617200
2,23699722034300
3,23700172365400
3,23701742612900
1,23704563832200
2,23704717279900
1,23705065856100
2,23706969285300
4,23707010139900
2,23707091831000
1,23707386222800
3,23708336504600
4,23710354543600
4,23711569581900
3,23712191209100
4,23714286037300
1,23714339468400
4,23714872787400
3,23717263089800
1,23720068981500
1,23720907069100
3,23720963547300
1,23721049484800
2,23721386674800
2,23721386881400
3,23721387384900
1,23723537538900
2,23725139738500
4,23726812249800
2,23728062969200
4,23728261215600
2,23728954457900
1,23731255624500
4,23732603885600
3,23734138632400
4,23734989845600
2,23735080196000
3,23740681336100
4,23743938916500
3,23744379871200
1,23747094547700
1,23747402777000
1,23747510533800
2,23748294365100
1,23748406253900
1,23753942988500
1,23754097390500
1,23756697305200
4,23759207029000
2,23761406734000
1,23761450253600
4,23761551716500
2,23762214033100
1,23762397575700
4,23765421120100
2,23766694993300
1,23767021620300
3,23771130210700
2,23773127453800
4,23774754062600
3,23778160898200
3,23778945217900
2,23781603321700
2,23782039000900
1,23782264235600
3,23782508751600
3,23782943858900
1,23783642637900
2,23784517939400
1,23784860568200
1,23788590080300
1,23789562914300
3,23790310430900
2,23791330566400
1,23793762231100
2,23795367915700
3,23795598714800
4,23800646797900
3,23800910291400
2,23804415002600
3,23805179053400
1,23806257826800
4,23806718787600
4,23808836688800
1,23809862471200
4,23811535021700
4,23814203219600
1,23815645702000
4,23815730349800
2,23822098575600
2,23822423942100
2,23823932230100
3,23825269500600
1,23825962995400
3,23826723309700
4,23828880185300
1,23828960082900
2,23829299409300
1,23829601029200
2,23831199298800
2,23832680231400
3,23833102808600
2,23835188991500
4,23835213321400
3,23835641130600
3,23836179639100
3,23837336792100
1,23837625335000
3,23838067756200
1,23838173499300
1,23838192539100
3,23838512443000
1,23840505623800
1,23840595042400
3,23844912395500
1,23846711446900
1,23847874739500
3,23849896922000
3,23850441180900
3,23854272913900
3,23855109628800
3,23855198617800
4,23855730071200
1,23855761782700
4,23855762736100
1,23856858951800
4,23857217443000
1,23858091379500
1,23858162814300
3,23860454847700
2,23860820490100
2,23863333324000
1,23863822528500
1,23864122115100
1,23868247274500
4,23869493596600
2,23869791282400
2,23869835223200
1,23874692508200
1,23874699956500
1,23876207841700
3,23876213333700
4,23879032586100
2,23879290140200
3,23880830194200
2,23881440559300
4,23881440658900
4,23881469314100
4,23881610295600
2,23881975483800
3,23883140387900
3,23883140449800
1,23884078011500
2,23885008926000
4,23885964373200
3,23887278946200
4,23891116298500
1,23892051707200
2,23893341141600
3,23893590819100
1,23894354110700
2,23897078510400
1,23897078569200
4,23898644212400
1,23900357609900
1,23902555734400
1,23902928048200
4,23903552935400
1,23904905483900
4,23906724636000
4,23909670855300
3,23911387033200
4,23916548471100
3,23918411408100
3,23918866705500
2,23919552704500
1,23921022687500
3,23921256597900
1,23922032973000
1,23922852511100
1,23925814886500
3,23927603552700
1,23928355930900
3,23930038830200
4,23930568761800
2,23931571537100
2,23932397547600
3,23932984879500
3,23936010841600
3,23936058140700
2,23937325480900
1,23937957840600
3,23937958110700
4,23938510180000
3,23939648532000
1,23939823247600
2,23940337595900
4,23940529112100
4,23941470438400
4,23951859338200
3,23955030950100
1,23955237646500
4,23957422695800
4,23957638739500
1,23957732472300
4,23957999392500
2,23958878927700
1,23960521614100
2,23960738445500
2,23962243852900
4,23962452010200
4,23964915427600
3,23965079254100
1,23965542345700
2,23966592023400
2,23966646067200
4,23966771387500
3,23968459605300
1,23968473911200
3,23970664717700
3,23970816554700
2,23973054263700
4,23973672595900
4,23973918709100
1,23974681211300
3,23976203624800
2,23976903686000
3,23977448816700
2,23977481510500
4,23977798264800
4,23978875061800
1,23980468868500
4,23982196381300
2,23982565130100
3,23982620856300
4,23983410447100
3,23986349849900
2,23987215566000
2,23987341141900
4,23987904898900
4,23988723753400
4,23989433243600
3,23989726646900
4,23990089202500
4,23990388828700
4,23991971339700
3,23992105091900
4,23999118418000
2,23999323647200
1,23999382553600
1,24001750606600
1,24001751066500
1,24002149034100
1,24003773248800
4,24004394611100
4,24004972230100
1,24005965495400
4,24006053135400
4,24007306782700
4,24007306872500
3,24012284998900
2,24013251274800
2,24013251286000
3,24015483635400
2,24016519881600
2,24016593829100
1,24019414587000
1,24023063241300
3,24023605261900
3,24023633906900
3,24024980244600
2,24026934039100
1,24028391503000
1,24029210127200
2,24029551492000
4,24030552359400
3,24030693729800
1,24032294858400
2,24034581241100
3,24034868218800
1,24034891265700
3,24035957620100
4,24041241461700
2,24042485892300
2,24044951897300
2,24045620738900
1,24047390358700
2,24047774676300
2,24048374676700
2,24048460638900
4,24049141050100
3,24049405560000
3,24052130172400
4,24052277845800
1,24054836780000
4,24058882253800
2,24059507423600
1,24061075443100
2,24066659767100
1,24068688528900
1,24069901255500
1,24070639093100
4,24070859730300
3,24073550756100
2,24077098922500
1,24077889425300
2,24082027828700
4,24082623200900
1,24083049029400
4,24083337391800
1,24084181454500
4,24084691069500
4,24087324632800
3,24087649520700
2,24087816120500
3,24089780487200
2,24090559810800
3,24091581685500
2,24092248780100
2,24094066362800
4,24094591565000
3,24094633250300
4,24095090958300
3,24097339309700
3,24100065576700
4,24104002808100
2,24105387695100
1,24106245822800
1,24106569222900
4,24107034907400
3,24108855648000
4,24112907322900
3,24114998287300
2,24115230118700
1,24116795142900
2,24119813512600
3,24121969313000
1,24122055985500
3,24122424940900
1,24129189238700
3,24133069689900
2,24133568112100
4,24134017749900
4,24135835572700
3,24139138403000
1,24140115264900
4,24144248826900
2,24144319395400
3,24145049655500
3,24145648591100
1,24145921589800
4,24146748358200
2,24147646682500
4,24147858855700
3,24147859355900
3,24149797864800
2,24151582670000
1,24151872450600
2,24152100747700
3,24153086930900
2,24156004757000
4,24156232779300
2,24156254162000
2,24156649475800
3,24156922627000
4,24158451497400
3,24158594351700
2,24159281433000
2,24159786849300
3,24161428560600
4,24163059474200
1,24163174408700
2,24163236460900
1,24163356846300
3,24166970738700
1,24168834829100
2,24170231834400
1,24172760842300
4,24174415215200
3,24175751517400
4,24175922077200
3,24177397499200
4,24179050329800
4,24179104562100
1,24179148967800
3,24179227753400
1,24179633829400
1,24179650284300
4,24179958648400
3,24184016662600
1,24184105108400
3,24188485690900
4,24190678798700
1,24191481613300
2,24193872341700
2,24198834127000
2,24199674637600
3,24200777876500
1,24201083599700
4,24202507088500
3,24204145981600
2,24204472333600
2,24205774887100
2,24205921229600
4,24206031178900
2,24206222664800
4,24209760234000
3,24209787546300
3,24209820647500
3,24212339522700
4,24212662125800
1,24212755730000
1,24214606905900
2,24217252393400
1,24217772106900
2,24218359650800
4,24218919152500
4,24220363055100
3,24220701530000
1,24220924295200
1,24221043689000
4,24223140898600
4,24224111600000
1,24225130988600
2,24228480096800
4,24229149803200
4,24230084423600
2,24231456833200
3,24232103656700
3,24232976811000
1,24233581758700
2,24233934563800
4,24234504076200
1,24236001968900
3,24236500391900
2,24238777436600
1,24240200853600
4,24240805144500
4,24243508598200
3,24246088273100
1,24246088826200
2,24254051881500
3,24255012046900
2,24255611586800
2,24258497759200
1,24260626561600
4,24260746392400
1,24262672318500
2,24262785077500
1,24265734210200
1,24266389589000
4,24267722279300
3,24267722304900
3,24268664713300
4,24269744468100
2,24270059539500
4,24270830587000
4,24271218062500
2,24272171304200
2,24273817429900
2,24275263524100
3,24275747317300
2,24279394112200
4,24279543496600
3,24280182309700
4,24286653355900
3,24287029159500
1,24288006348500
1,24289631553300
4,24289779993200
2,24290482718300
3,24290853665100
1,24293744563600
4,24294118405200
2,24295130080300
1,24295144656600
1,24295872578800
3,24296340973400
2,24299418050000
4,24300609551700
4,24303782801400
3,24306736251500
1,24306935577600
2,24307097191300
2,24308135729500
2,24308885208500
1,24308907353100
4,24310847188100
4,24314795066300
3,24315286874300
4,24320041129200
4,24322785672000
3,24323613797200
3,24325883231800
3,24326103248400
2,24327388480500
1,24329148663100
4,24330830719100
3,24333247528700
2,24333539428000
1,24333984953400
3,24336360962900
4,24337518452300
3,24337548191800
1,24343047379600
3,24343691816400
1,24343772501800
1,24344034495800
2,24344078906600
1,24346426444900
1,24348259720000
4,24349141002700
2,24350629222200
4,24351660173600
2,24352454957600
1,24352600547600
1,24355006674200
1,24357068719600
4,24359023284800
2,24360093583100
3,24365196489400
2,24366235752800
4,24367913868600
3,24372332837200
1,24373664806400
1,24373707732500
2,24375210622600
1,24376629543200
3,24379683311800
3,24380780663100
3,24382372972300
3,24382769940200
4,24384969528400
1,24386629496100
4,24388139016100
1,24388482357200
1,24388975603600
4,24390040620900
2,24390638922600
3,24391158491800
3,24391619074600
2,24392035971800
1,24392621410400
4,24394560541300
1,24399433289000
2,24400313015400
4,24401330705800
3,24401392724000
2,24402026330700
2,24403790706400
3,24403902303000
1,24404666237500
2,24405489732200
2,24410900975300
1,24413083512800
2,24413267280500
1,24414335720600
1,24415847926100
1,24416922556600
3,24417366051100
1,24418855594400
4,24420663738300
4,24421678461300
4,24422847424900
4,24423178477600
4,24424688606700
3,24426020679000
3,24426052219600
3,24428535281500
4,24428842886900
1,24430658408300
1,24432615584800
3,24434045076400
1,24435224120400
1,24437040288100
1,24437235623400
1,24437869060100
4,24441788023000
2,24442281520100
1,24443691998100
2,24446674090900
2,24447682827000
3,24448110030200
4,24448700817800
2,24448775201100
1,24449332934600
4,24449730223200
2,24450727218500
3,24450842970600
1,24453277138200
1,24454100423200
4,24454873348100
4,24455872612200
2,24463728368800
2,24464195709600
1,24464384388800
3,24465769267100
1,24465952432400
3,24467311188500
1,24467463557900
1,24468642213700
4,24468694039100
3,24471338735600
1,24472511077000
3,24474810844600
4,24475389329200
2,24476019963500
2,24477176938000
3,24477628524900
4,24478169702700
1,24480744024900
4,24481237471300
1,24481666873200
4,24485279491200
3,24486147663300
2,24486597545100
2,24488482267300
2,24490208483300
3,24490416339600
4,24494084811000
1,24494291599900
2,24494406443200
1,24496188322400
3,24496466844100
3,24498734760300
4,24502045276800
3,24502266001200
4,24503296094500
1,24503848330900
2,24508846207900
2,24509192278000
1,24511396642200
3,24512202945900
1,24513155837200
3,24513232165200
2,24514020581900
1,24515338116500
4,24517106164700
3,24518039125900
1,24518109492400
3,24520773109000
4,24521203241800
4,24524508481100
2,24524561175100
4,24524838104800
1,24526238895800
4,24533762136800
2,24534909572800
2,24536291359300
2,24536372038000
2,24539748127800
3,24540674055700
1,24544235612800
3,24545381961400
1,24546427651900
1,24550461566300
4,24550965433700
2,24551306435000
1,24555093727400
3,24557304035100
2,24557351777600
4,24557680946100
2,24558501409100
2,24558960737100
4,24560159012200
4,24560168257000
1,24561734187100
4,24561846108100
1,24561846330600
4,24565443028500
1,24565531336000
4,24567638813500
4,24568629204000
4,24570086064100
4,24571156224300
2,24572479838900
1,24573245124400
1,24575051535300
1,24576978595600
1,24577696801200
1,24578143988900
1,24582970525800
4,24583046963900
3,24584020539600
3,24584329993600
4,24586935944700
1,24587157605100
1,24588726128800
1,24592062543700
1,24592401607200
2,24594717490100
2,24596572264900
1,24598276532700
1,24601294404300
1,24602308777800
4,24603931103000
4,24606098840000
4,24607152124700
2,24607587848600
1,24608917433800
3,24610735661800
1,24611645506700
1,24615308530900
1,24615322936500
1,24615949957000
1,24615964300100
4,24617005271800
4,24618307604600
4,24619417605700
3,24619993644300
3,24620369283700
1,24620883144600
3,24621294690600
4,24621871063300
3,24621966915100
4,24622049732300
2,24622281926700
1,24623093698200
4,24623796052900
2,24623931966400
3,24624963540500
3,24625904641700
4,24627384109300
2,24629676851600
1,24631585142600
1,24633370285800
2,24636187563900
1,24637461334100
1,24639374102100
1,24640807392000
1,24643094746900
4,24643421219200
3,24645681921100
3,24646075121400
4,24647766095000
2,24650457257100
3,24651099796100
1,24652135425100
2,24652947418100
1,24653606551200
2,24654213163200
3,24654412497400
3,24656050433700
4,24656683674900
1,24657050854500
1,24657631169000
1,24658054313700
4,24662630959400
1,24663496834300
3,24664528419000
3,24664927264800
3,24665924283200
1,24666520206700
2,24666668097600
3,24669779560100
2,24672016303000
2,24672025780800
4,24674971823700
1,24675497438600
1,24675568303800
1,24676002455600
3,24676056044300
1,24678946099100
3,24679713249900
3,24679740495200
4,24680579175400
1,24681058747800
3,24682629737000
3,24683770325800
1,24684591496500
3,24692484953000
1,24693378473000
1,24694129385400
4,24695278327800
1,24698732912100
1,24698744766600
4,24700776947000
2,24702810373500
4,24702810529200
1,24705953256900
3,24706952479600
1,24708629555600
3,24709469579500
2,24710874206700
1,24711547814100
3,24711912007900
3,24712253994000
3,24713666991900
3,24713745408600
1,24714141450200
4,24717368286900
4,24720365236400
1,24722882088600
2,24723848312700
4,24730104407200
1,24730428542100
2,24732341638400
3,24734049548400
3,24739497780700
3,24739711683000
2,24739925150600
2,24740846757000
3,24741238504000
4,24741511427800
1,24743963179500
3,24744611088500
2,24744910278300
2,24744974112300
3,24746470281800
4,24748302274400
4,24748463795100
1,24748655813800
4,24752509892300
3,24753450453600
3,24755422177300
1,24757241676200
1,24757852429200
2,24758168520200
4,24759230283100
3,24762330907700
4,24763564712800
3,24767684916600
2,24767685247200
1,24770374109500
2,24772403591100
3,24772448499600
2,24773428189200
3,24773777169100
2,24773777541500
4,24773959312900
4,24775455315800
1,24777449176100
4,24778348147800
3,24778611703000
3,24780174808000
1,24783190535600
4,24786471094000
2,24787075636900
2,24787075833900
4,24790890200400
2,24791804245600
3,24795349684900
4,24798329236800
4,24798677493500
4,24798827430700
3,24800146794100
1,24800489794700
3,24802516637600
4,24803051600200
3,24803236734700
3,24806063355000
1,24806134075300
4,24806401733800
3,24806783153600
1,24807219180800
2,24807318773700
2,24808073578100
2,24808125915900
1,24809312839100
4,24809536268200
4,24809696545700
3,24813864548100
1,24814484349900
1,24814824281400
1,24815690562800
1,24817943494200
2,24817953641900
3,24818000000300
1,24818701333600
3,24819864209900
3,24820301272500
3,24820347945100
4,24820711815300
2,24820985997900
4,24822019464700
4,24822421173700
1,24823723304800
4,24826019882800
4,24827569304600
3,24828799706900
1,24829571367400
1,24830308362300
4,24830946851400
3,24831140995000
1,24832139004100
1,24833123128600
2,24838040596100
1,24840960967300
3,24849565312000
2,24850033138900
4,24851262916700
2,24851898972300
1,24852472424100
2,24854634563700
4,24854964174700
1,24855706391800
3,24856481675300
1,24860631023500
3,24861040620600
3,24864140510600
2,24865191758500
4,24866994649800
1,24868223312300
4,24868872738700
1,24872179054700
3,24872337330600
3,24878182090800
2,24879934911500
1,24880901652300
4,24881222014100
4,24881634691600
3,24881974759900
1,24882326722100
4,24882672531200
1,24882921179700
1,24885958519600
2,24886795078600
1,24887719947500
2,24888694214900
2,24889676368100
4,24891840790900
1,24892399767000
4,24898241021500
1,24901808577600
2,24901953878600
2,24906514422000
1,24907203139200
4,24907467974800
2,24907553546500
4,24910265788800
4,24910660210400
1,24910949308300
2,24911976960400
3,24917761776800
1,24918081276700
2,24920395352000
3,24920445694400
3,24920660818300
2,24922108877500
3,24922627579300
4,24922671061500
3,24924144577600
3,24924856800400
2,24926091130600
4,24926898743200
2,24927730400300
3,24927888965900
4,24929893382800
1,24930098550200
4,24930603457800
2,24931778800200
4,24932755367000
3,24933409585200
1,24936840727900
4,24944272510500
2,24946857326400
2,24952568612600
1,24953765246700
3,24958003525000
3,24958096257500
1,24959010702800
2,24959299918500
3,24961121541600
1,24963715902200
1,24964495180000
2,24964828887700
3,24968242556100
2,24968476182600
2,24969288448100
1,24971736912700
2,24971930927600
2,24972487361600
1,24972916024400
2,24973881387200
2,24976751870300
4,24979912808600
3,24981461441900
4,24982317889200
1,24983235475000
3,24983751139900
2,24984251138600
4,24987296456900
4,24988006302500
2,24990439578000
4,24996697321100
3,24998500380100
4,24999092614500
3,24999398565600
4,25001107256200
2,25002803311400
2,25003037058400
1,25004333688000
1,25004416713700
2,25004416716600
1,25005814371700
4,25006807176000
3,25006885051500
4,25009538575400
3,25011685002300
1,25011877734900
4,25012695319100
4,25014919665300
2,25015690727800
2,25015761006300
2,25015858992700
2,25018530127100
4,25018712266700
2,25018797541100
4,25020777832600
2,25021474147500
3,25023265307400
3,25025033973900
3,25025124793300
3,25025545198100
2,25028065527100
4,25028476634300
3,25028809931600
2,25029388482800
2,25030004322800
1,25030345217800
3,25037547029400
1,25039102205900
3,25040291789000
2,25042288225000
2,25042878560600
2,25045964695600
2,25046109724700
1,25046683352400
2,25049816873200
4,25051002010000
4,25051333711300
1,25054305891900
1,25056075942000
4,25057314688200
3,25058361056800
1,25058687253700
1,25058687266100
1,25059622468600
2,25060252228200
4,25060927637000
2,25063769603700
4,25064795077100
1,25065056413600
1,25067031154200
3,25068814753500
1,25069321021800
4,25070333047700
2,25072193459800
4,25072521043300
4,25073577200200
2,25075306810400
3,25077221221200
4,25077511599900
1,25079743118300
4,25079780002900
1,25083192678100
3,25083538808000
1,25083762170800
1,25083868802700
4,25085017246300
4,25086419195200
2,25087432815900
1,25092245857800
3,25092363703400
2,25095814807100
1,25097060205800
4,25097060527200
1,25097615743900
3,25098220258000
1,25102137502000
4,25102435483200
3,25104821791400
2,25104821865600
1,25105540218800
2,25107271644400
4,25107412556600
2,25107436601500
2,25107883972100
3,25109912297000
2,25112024468900
4,25113565441300
2,25113871063500
3,25115472469900
1,25118139788800
1,25118396704600
1,25119346298300
2,25120542029600
4,25120640846200
1,25122709721100
4,25124134914200
4,25124338309300
2,25126007306000
2,25128242433500
2,25129747818600
4,25132468789800
1,25135465970000
3,25136474532700
3,25136501249100
1,25137235304400
2,25142357354000
3,25142731774900
4,25143547066300
2,25145478122300
2,25145478213500
2,25147653921400
3,25147654119100
1,25149765301700
4,25150023704000
4,25152702558600
1,25152792843100
3,25153431603500
2,25154035889700
1,25155089798700
3,25156508608700
3,25157959603500
1,25158318188700
1,25160057753500
2,25162092870400
2,25165083619100
4,25165647309600
3,25168429508100
4,25170201642400
3,25171605950400
4,25171664770300
2,25172422241000
4,25172904035200
4,25173815916300
3,25175227190500
1,25177464023400
3,25180248466700
4,25183914979300
1,25184051855200
1,25185595486000
4,25186159177900
3,25187583195700
2,25188163459000
3,25189614420800
1,25191116127700
2,25193199862100
3,25193705038300
1,25194061875400
1,25196514224800
4,25197624198900
4,25198325991700
4,25199277079800
4,25205455608300
1,25207246106100
3,25207576097900
3,25207895042300
3,25208411286500
1,25209103766800
2,25209931205700
1,25212418927500
2,25213007839500
3,25213054909900
2,25216254181700
2,25216966749100
1,25219027898900
4,25220291974900
2,25221255372300
1,25221432167100
3,25222485771800
3,25225737890900
3,25226047391000
1,25226780385800
2,25230112524200
1,25230131298900
1,25230305924600
4,25230987284500
3,25231105845500
2,25242394494500
1,25245019097700
1,25245900585700
1,25246836674200
2,25247646023000
4,25248254108200
1,25249015870500
1,25249654902700
3,25250736390200
1,25252123230800
2,25252791304600
4,25252909877500
1,25258504077400
4,25259110312200
1,25259311228400
1,25259545233700
1,25260712181000
3,25261157191100
1,25261919028800
3,25262040762000
3,25262040845500
2,25263817782100
4,25265155128500
3,25265835982100
3,25267605157000
2,25272848415100
2,25273214031200
3,25275926832500
2,25276056486300
2,25280313567900
1,25282375639000
3,25283482101300
4,25283577338200
1,25284099439200
1,25286130124700
2,25286461092300
4,25287540111000
2,25291283826500
4,25293563944000
3,25293992409800
4,25294009671600
4,25297413125900
4,25298534881100
2,25300971652200
2,25302606140300
1,25303420142800
4,25304436060900
4,25305449920500
3,25307016626800
3,25307585463400
3,25310416256600
1,25310564613100
3,25310606590500
2,25311988783600
1,25312603177700
2,25315374670500
3,25316579306500
4,25317559630600
4,25318457496000
1,25319678118000
2,25322141802500
2,25323596030100
4,25327023001300
4,25327159192800
3,25328068096300
2,25328662824200
2,25331497768100
3,25332356440200
1,25333398446600
3,25333685360800
1,25333887948600
1,25334445017700
3,25335410890600
3,25336323860300
2,25337917322000
3,25339178090300
4,25339218308500
2,25342003475800
1,25342576029200
1,25343180095300
4,25345464495100
1,25345600492400
1,25346006871200
1,25346296240000
1,25346555632800
2,25350641423500
3,25350789806400
4,25353152282300
4,25354878949500
3,25355433332000
2,25355573758800
1,25355938578300
1,25357516465400
4,25358453243700
4,25359598137200
2,25363039048600
4,25363505955900
2,25363729360200
2,25364321507600
4,25365387757400
2,25366104266200
2,25366267024200
4,25368895991700
2,25369728325600
3,25371555983600
2,25371556137500
1,25374526100500
4,25375241158900
2,25376372328100
1,25377059754000
3,25379921376600
2,25383615788400
4,25385354470500
1,25387029902700
3,25388151876900
2,25389241662800
1,25398744156400
1,25400060689700
3,25400938772300
3,25402187453200
4,25403843897700
3,25404376646600
3,25404864152900
3,25405966958500
1,25406435529200
2,25411279513800
1,25411666142200
1,25411759104900
4,25413295157900
2,25413816292000
4,25413816339000
1,25414574300600
2,25416776555700
1,25416809436500
2,25416924129700
3,25418165576200
2,25418165586300
4,25418580423100
2,25419733741700
3,25420660101300
3,25425509422600
3,25425981529000
1,25426668634800
4,25427758750000
3,25428380341500
2,25430925174300
3,25430960332800
2,25432616781100
2,25433270823200
4,25433764205200
4,25434169796700
1,25434835016300
1,25434835063000
3,25435065048000
4,25435767773900
3,25436513258400
4,25439204332500
3,25439287341800
4,25439617955300
1,25440212105100
3,25440565005600
4,25441586741400
2,25441774782900
1,25447895867700
3,25448589551300
1,25451546656400
1,25452567579400
3,25453240365200
4,25454970880500
1,25455447429000
4,25456452714300
4,25457734467300
2,25458419830600
3,25458536457400
3,25459130359000
3,25459130469000
4,25459688885300
2,25460146556500
4,25462538369100
4,25463653076600
2,25465805427800
2,25466598425800
1,25467394323000
2,25470880893700
1,25472030951000
1,25473682659800
3,25476834010100
4,25477466159300
2,25478014939300
4,25478365243100
3,25479755402000
2,25479965287300
3,25481084164300
2,25482815642200
1,25482878303100
2,25482878385200
1,25485179696100
1,25485465433900
2,25485486102000
2,25490246564300
3,25492959355500
1,25494686189600
2,25496233461800
1,25496294511600
2,25497453649500
2,25497930504200
2,25499308493200
1,25500644822800
2,25502186717800
1,25503940421600
4,25504769032300
1,25507361646200
1,25507989456600
1,25508235271000
1,25510253081000
2,25510323674300
2,25513098463500
4,25518007620400
4,25518383572700
4,25519050883300
3,25520306222900
4,25524199207600
2,25524564437100
3,25525028886400
4,25526839971300
4,25527336011100
3,25528924462000
1,25529552261500
2,25531554984400
1,25531555356400
1,25532313246200
3,25532890375100
3,25533979806300
3,25534265218000
4,25534348413900
3,25537062742900
2,25537331832800
1,25537836399500
2,25538538483500
1,25539600225300
3,25541578128000
2,25543758835800
1,25544743321400
1,25544743324500
3,25549913903400
2,25550892985900
2,25552150503000
2,25553570732000
4,25554332747700
3,25557350009200
1,25557493624800
1,25557501957600
4,25558298563900
4,25558771974300
4,25562743307000
3,25565962246500
3,25567408509800
1,25567417588000
4,25567511281800
1,25568906930000
1,25570565936900
1,25570767200900
4,25572943356800
4,25573255920000
2,25574108787100
4,25575062613900
1,25577436476800
2,25578157050200
2,25579459945800
2,25580318677000
1,25581668977900
3,25581885499400
3,25586710948400
4,25587520029200
2,25588446716600
3,25589026522700
2,25590099882800
4,25590558014800
4,25591685961500
3,25591773005000
4,25594481327000
3,25594680115200
1,25596149176900
4,25596150168100
3,25597312802000
3,25600800977800
4,25601286841300
4,25601286849200
4,25601797998600
2,25602558588400
1,25603669078200
1,25604829962500
2,25605588455300
1,25605615375600
1,25607147156200
3,25607840373700
1,25607901868500
1,25608820913100
3,25610534766900
2,25611219137700
2,25611430381000
1,25611843380000
3,25612464476500
4,25613580836500
4,25614859510000
4,25614907204900
4,25615447165300
1,25617205423800
4,25618069218700
4,25620255487000
1,25620558210900
2,25621611332400
4,25621932728300
1,25623836220500
1,25628238131400
3,25629007685000
3,25629206450000
2,25632193430300
1,25632647436900
2,25632854297100
1,25634122187200
3,25640262198000
2,25640318702600
2,25640878689100
2,25641317924300
1,25644636674700
4,25644917345100
2,25645435464100
1,25645882865200
2,25646396686600
1,25647323126700
4,25648703003700
1,25649065368100
3,25649859087600
4,25650009188200
2,25652586860700
2,25655021350300
4,25655828969900
3,25658894284100
1,25660125587300
4,25660664764300
2,25661199798200
3,25667976852700
3,25668428998500
1,25669250728800
3,25669788902900
1,25670458539700
3,25670799252800
4,25674313325400
2,25677433268500
2,25679633283400
2,25683187426100
4,25683631924800
4,25684693532300
4,25685043796200
2,25685106654600
4,25685663133900
3,25688765188800
4,25689481903300
1,25689957649900
2,25692092622000
2,25693782875100
1,25694783214500
1,25698132345800
1,25700243322000
2,25701896883200
3,25702645872100
1,25704918742500
3,25708415275400
4,25709668898100
3,25712203634000
1,25713262143200
4,25715161891600
3,25716772700200
1,25718068343700
3,25718523795700
2,25719288479700
4,25720322588300
2,25720450149300
2,25721491398600
4,25722205729700
4,25722724371700
1,25724866618400
2,25726726529900
4,25727810941800
2,25731817808000
2,25732085715300
2,25732654147300
1,25732654552500
3,25734308138300
1,25734392215400
1,25737287000300
1,25738407455500
2,25740086904900
1,25740213454400
4,25741103330600
1,25741899923100
3,25742803656800
1,25743239437000
2,25748454337700
2,25749252829400
2,25750856261900
1,25752683486800
1,25752860011700
2,25752860295300
2,25753410365800
2,25753410386700
4,25755070434500
1,25755389213300
3,25759363300500
1,25760663172500
2,25764250846000
2,25766472468500
1,25767176342900
2,25768168572000
3,25769874915700
4,25770433111100
2,25773246149400
1,25774956781300
2,25775033483200
4,25775121721800
2,25777438613300
3,25777690363200
4,25778024148400
4,25778294944900
3,25779504842400
4,25784022122100
1,25785675751400
3,25788472129600
4,25788560778300
4,25788637728000
3,25790952734600
1,25792032964600
3,25793265891300
2,25794299179400
2,25794627338500
3,25797460115900
4,25800470307200
2,25803843215800
1,25805430770300
4,25806879961700
3,25806970495700
1,25808123188900
2,25808853236100
2,25809256087700
1,25810483955700
4,25810951963000
2,25814351924200
3,25815597891400
1,25817167294100
1,25818180131500
3,25818523305900
2,25823105252500
2,25823379128600
2,25824726821500
4,25826271408900
4,25827649463700
2,25828687823600
2,25830018913700
4,25830509921400
1,25831720075000
3,25831720386600
4,25831720691200
2,25831940712200
3,25835013616200
2,25835947756600
2,25838673306700
4,25840327956600
3,25840716793800
1,25843646062100
1,25843884148000
3,25844675574000
3,25849476374200
4,25850237294800
2,25850245066900
4,25851348918200
1,25854775049500
1,25860346379400
2,25861731203800
2,25863062112000
1,25865002517100
1,25865119077800
2,25865122461200
2,25865122507300
2,25865781475000
3,25866023638600
4,25866194587300
3,25869305592800
1,25870305526700
4,25873240515000
2,25876857792100
2,25877723289700
1,25877723434500
1,25879287792700
2,25879414136600
1,25883817352000
1,25883986193800
3,25885162208300
1,25886828102800
2,25887930519400
1,25889994468900
1,25894396683400
3,25896234803000
3,25897362635900
3,25900266167900
3,25900675775000
1,25901194128900
3,25901519826400
1,25903029841800
2,25903532927000
2,25904004613700
4,25905430504900
3,25909282622900
2,25909945053700
1,25910407531000
3,25911332543200
3,25913718820100
3,25915892219500
4,25916552896400
4,25917197138700
3,25919983941300
2,25924450310600
4,25924688228800
3,25926126765100
3,25927852214700
2,25928007768100
4,25931274990400
2,25931955922400
3,25933755762700
3,25935351252500
1,25937579930000
4,25940915803800
4,25941468204700
1,25941481583900
4,25943217921200
4,25943595098900
1,25943939700900
2,25944372183700
3,25945858455600
2,25947367224800
2,25947367242800
3,25948394590200
1,25948775689300
4,25949478240900
3,25950622315800
1,25951424675400
1,25955042757400
4,25956424236000
3,25957786931000
4,25957823760200
4,25958098961100
1,25958482152700
1,25961724869700
4,25965686562600
2,25966760426300
1,25970625435900
3,25970734516100
2,25972249256700
4,25973993495100
2,25974030599700
3,25975298375200
1,25977644633300
4,25979122507600
3,25981166567800
2,25984480825200
1,25986922926800
4,25987293295200
1,25987469041500
1,25988668314300
3,25991994368800
2,25992370198100
1,25992455040000
1,25993911985700
2,25996818339100
2,25997696086200
3,25997749173200
1,26002537984000
2,26004522527700
2,26005495357200
3,26005779243900
4,26007415331100
1,26007882068500
1,26012452826200
4,26016919861600
4,26021405893700
1,26023263525400
1,26023303616000
3,26024230860100
3,26026027484000
2,26026027596700
1,26026556523900
3,26026678682200
4,26027054230100
3,26028828439500
4,26029271057700
2,26029317601500
3,26029621762200
3,26032385964600
2,26035631780100
2,26035707426600
4,26036530334400
2,26037730245700
2,26039073843200
3,26041425775600
1,26041683844300
1,26042311542000
2,26044122773800
2,26048355410300
3,26048686606100
2,26049746037300
2,26050781795600
2,26051197567400
2,26053098484200
2,26053988027300
4,26055049645700
2,26057503959800
4,26057858376900
1,26058319015200
3,26061025326500
1,26061194142700
3,26069268403300
2,26069836121500
2,26070037107200
4,26070821547000
2,26071089463500
2,26071126190200
4,26073505738200
1,26073681654900
4,26076235666400
3,26076924347700
3,26081052583900
4,26083827048500
4,26085619669100
3,26086639797700
1,26087562206600
2,26087952165600
3,26088097338100
4,26088931281300
1,26088983235300
4,26092613185600
4,26093889843300
3,26095991308000
4,26097400828800
2,26098734824900
4,26099748898400
4,26101611685200
1,26103136197400
4,26103893581300
2,26110308693300
3,26110849082000
3,26111307019400
2,26112735588300
3,26118829220600
1,26120531771500
1,26125929345500
4,26127809253200
2,26130473290200
2,26130570153900
1,26131371194300
3,26131776381700
1,26134127708800
2,26135968324200
1,26136338832000
4,26137095702000
1,26137520620000
2,26139954736500
2,26140488531800
2,26145122705600
1,26152836560100
1,26154438786300
3,26156536246300
1,26156912361200
1,26157076418800
3,26157910263900
2,26158654929300
1,26165022876400
3,26167490427400
2,26168499671900
3,26169892132100
1,26170004370200
2,26174000274100
4,26176041822300
3,26176815950100
1,26176950961000
3,26178288800600
3,26179259394600
3,26182279421700
2,26183921764800
4,26184295978100
4,26184525104600
1,26186405834100
3,26188482509700
4,26188827505700
2,26189726886400
4,26190179212100
3,26192877367600
3,26194438827000
3,26199261424100
3,26199261433800
2,26199339205200
2,26200229511700
1,26200327455300
4,26200381366300
3,26200819180000
2,26201658233800
3,26201701180400
2,26201892723200
4,26203913655100
4,26205764206300
2,26206966011400
2,26207425886100
3,26208015920700
2,26209121813800
1,26211495426700
4,26214634267900
2,26215929795200
2,26216617651900
2,26217393361400
4,26220549577400
2,26221873585700
1,26224220364300
2,26224498990500
1,26224543422500
3,26229214128200
3,26229316221100
2,26229867690800
1,26230564656400
2,26234326722400
1,26236290606200
2,26236447563000
4,26238004717500
1,26239878764900
3,26240023447800
3,26241258818300
2,26242088902400
3,26245703542900
4,26246891795400
4,26249999725000
2,26250771103400
3,26251122413000
3,26251977222000
1,26253838968500
4,26253998885800
4,26254174360900
1,26256357435400
3,26258248778500
1,26258624777200
1,26260524295800
3,26261299031400
2,26264984133300
4,26266112945200
2,26266967713900
4,26269164461900
1,26269290895800
2,26273716336500
2,26274755495300
1,26279743162200
3,26280044508300
1,26282446491800
4,26282677230000
4,26284469021400
3,26284553250800
1,26284557470900
3,26285320186100
3,26286713448900
4,26290793465800
4,26292697661800
3,26294117193400
2,26298784668300
2,26300760456700
3,26302224632700
3,26304675156900
1,26304713209800
1,26305024817500
2,26308666434200
2,26308850539200
1,26310434516500
4,26313062015800
4,26313129324900
1,26313308775300
2,26313327075300
4,26315872396100
1,26317712898000
2,26318145004700
4,26318438363200
2,26322721201000
4,26323813568700
4,26325606035200
1,26328524785600
2,26331071204400
1,26331250573100
3,26333821111900
1,26333853395500
2,26335570042800
4,26335756178900
4,26335771734200
3,26339117254900
1,26339318425000
3,26339976312300
1,26340805253500
3,26343855778800
1,26345255450700
3,26346037117400
3,26346037178600
4,26346617921000
2,26347396474200
3,26351370686800
1,26351819540100
2,26352311854200
1,26352862892000
3,26352924350400
3,26355250272100
2,26358574430500
3,26360324891600
1,26360489972700
2,26361935416800
1,26366781891000
1,26367966387200
4,26368279027000
3,26369961921300
1,26370491154700
2,26372548079600
4,26373130818700
1,26373561828400
2,26375041821900
1,26376710701900
2,26377507235300
4,26378252610700
3,26379247680400
3,26379362977600
4,26381790835800
3,26381791137300
2,26383990267400
3,26384015069200
2,26384685008600
3,26384859880800
1,26386299770000
1,26387174144100
3,26388671574100
4,26394535417300
3,26395114468300
2,26395492417900
2,26395650537700
1,26396053938500
1,26396608553800
1,26397419717600
1,26397741921000
2,26400731489400
4,26402587256800
3,26406686654100
3,26406767178600
2,26407423464800
4,26411883193600
4,26412996013600
3,26414820770400
1,26416859819400
2,26417462797900
1,26419368833100
1,26422155994100
4,26423371358000
1,26425205293900
3,26425467449500
1,26426029068300
4,26427460361700
3,26429185498300
4,26429282327600
3,26431331626300
4,26432108933100
3,26432605368900
1,26437777496900
2,26438383876800
2,26439503299200
1,26441671470500
2,26442801911700
1,26444097876400
3,26445463623900
1,26451210050900
4,26456113385600
4,26456699540100
3,26457645420600
2,26464379819200
3,26464761146200
1,26465369913800
1,26468363091800
1,26468634520000
4,26470072056900
2,26475978143500
3,26477403268500
4,26477971889500
2,26479945248300
2,26483409089700
2,26488268600000
3,26489046006100
3,26490196117500
4,26490498651300
4,26491214605100
3,26491525974200
3,26494546320500
3,26500472987000
4,26505107797500
2,26506063497000
2,26508365920300
1,26511194693200
1,26512026876600
2,26514103208800
2,26514677878400
3,26515519043000
1,26516837192600
3,26520409762000
3,26524442378600
1,26525444699200
4,26526593427000
2,26527122964400
2,26527379517400
1,26531011929400
4,26531996199900
1,26533709899400
2,26534615159800
3,26536103470900
4,26536997914000
2,26538384445000
4,26539845167500
4,26540393764000
3,26541985953900
3,26545157191800
2,26548650848400
3,26549680785800
2,26549836125800
4,26553470827000
1,26553642405900
3,26560239735700
2,26560617507400
3,26561876306700
4,26563883583700
2,26565137177200
4,26565428849300
1,26565517753400
3,26567875347800
3,26567993460200
2,26569562630600
1,26571647986300
4,26572345738900
3,26574524868300
1,26576224915000
2,26579067282400
1,26588302196500
3,26589084079600
3,26592701110000
4,26593470027300
3,26597544750400
1,26598192346800
3,26603298560600
3,26605814320300
2,26606697484400
2,26607628881000
3,26610609019200
1,26612940096700
3,26612994056100
3,26613099398600
4,26613909506700
2,26614947148800
2,26616442199000
4,26617683095000
3,26618412233500
4,26618522052400
3,26619841106400
1,26620442484300
3,26620961466500
1,26622383134100
4,26624594441900
1,26627833686500
3,26629069539500
4,26629451337400
2,26629919606700
2,26631966521300
3,26633493832100
3,26634869654600
2,26636589298600
4,26639406098200
2,26642204725000
4,26644732593500
4,26646121921700
3,26649950001500
3,26650291009000
2,26652125497200
4,26652481260000
1,26652908920200
3,26655370089100
3,26656635601500
2,26656743429000
3,26657229900800
2,26657624266800
4,26657896088800
4,26657896199500
2,26658218903300
1,26661059111200
3,26661757048000
3,26662015585500
3,26663073392000
3,26666511027300
3,26666522849500
3,26669337098400
1,26669842054300
3,26670492111700
3,26671179570500
3,26673501682100
1,26673632174400
1,26677462496100
2,26679578988500
1,26682100389400
3,26682929086800
3,26683018601500
4,26685380815800
4,26686007793900
4,26687469006500
3,26689728172500
1,26690115015400
2,26692124260900
1,26692854475400
1,26692978854500
4,26697234178700
2,26700341644200
3,26700520619100
3,26700942987500
4,26700954459200
1,26702771960100
4,26703292791100
3,26704202208000
3,26704836542800
3,26706650117900
4,26706791943100
4,26706841843000
3,26707753088400
3,26710149157900
4,26710686886100
2,26711008276900
4,26713091379100
2,26713398347900
1,26716052165100
2,26719139669100
3,26719335314300
4,26719909963600
1,26720265472900
2,26721791503000
4,26722714488700
2,26723447045100
1,26724168354700
3,26725100109600
2,26726066779400
2,26727236234200
1,26728004721500
4,26729365902300
2,26730030743600
1,26730553307600
4,26730905053800
2,26732334265300
4,26733296207200
3,26733870009300
2,26734764115800
1,26738326378700
4,26738481377500
4,26738537008600
3,26741329877500
4,26742201062600
2,26743671572400
3,26743671589400
4,26743748810400
2,26744678421700
2,26744941351000
1,26747585470900
2,26748191927400
2,26748573658700
1,26749647751900
1,26750063513800
2,26750293977100
3,26751807473900
1,26753411543400
3,26754318026400
2,26754786864800
3,26756661108700
3,26756695521300
3,26756842726200
3,26757325429700
2,26757433045900
3,26757436721600
2,26757665589500
1,26758769259000
1,26760297372700
4,26761029777900
4,26761397697400
1,26763141198400
3,26767049107700
4,26769665586400
4,26775357719700
2,26780264714000
3,26780685945000
4,26780776327300
1,26781822524900
2,26782339221200
1,26785432288900
4,26785669032600
1,26786722859500
4,26787419244200
4,26788349048100
3,26789179499300
3,26791531477500
4,26791798948500
2,26792645013300
3,26795462007100
4,26796996185500
4,26799335112600
1,26800316063500
1,26803791476700
1,26804630548100
4,26806323072900
2,26806335774300
1,26809294722000
1,26810008896900
3,26812880710600
1,26814793465000
3,26814859705700
1,26821819229500
2,26822673245600
3,26823115356600
4,26826440874000
1,26826726610300
4,26831365669900
1,26832207971700
1,26833962559700
4,26833977358600
3,26833977449500
4,26833977476200
2,26834451008800
2,26836856402100
4,26838683711200
3,26838912033500
1,26840942240800
4,26843626806000
2,26844490344400
3,26844774340900
4,26845532138800
1,26846253347600
4,26847483290100
2,26847704439700
2,26848802988600
3,26851292830000
3,26851303264500
4,26851326547400
1,26853969052900
4,26860505810000
1,26861135212000
4,26861385788200
1,26866049863000
3,26866766658000
4,26866969754000
1,26868992205500
3,26870251372700
1,26872670957800
2,26872915982500
2,26873119159700
1,26874253140700
3,26874707148900
3,26876552643800
3,26876777423000
3,26877015630400
2,26877613907700
4,26879041528300
4,26879042428300
3,26879517914800
1,26883214670600
4,26883839365900
1,26884518613000
2,26886709839500
4,26886812571600
3,26887400683200
2,26887866565400
4,26889981047600
4,26893132668700
2,26894584124600
3,26894774717400
3,26894904652900
3,26897110070300
3,26899612491100
3,26900747951400
1,26901592452800
4,26902491794600
3,26903602980500
2,26904297363800
2,26905678433200
4,26907696252800
1,26909128679500
2,26909232629700
2,26909601370300
2,26911832185100
3,26911900788300
1,26912218286300
3,26912483358500
4,26912504821200
4,26912974783500
2,26913243138200
4,26915259830000
4,26918149893400
2,26919369135100
2,26921271183800
3,26921550992400
2,26921880797100
1,26922156842500
1,26924066711800
2,26925725676600
3,26926076412300
1,26927588987000
4,26927962498500
2,26928663916700
4,26931461030700
1,26932990172500
4,26933268963800
2,26935131736700
1,26935537069400
2,26936957550800
1,26940153974400
2,26940575276900
3,26941300961500
2,26941896773800
1,26942517299200
1,26943267293000
3,26944134295800
1,26946360724900
2,26946601748900
1,26954899229500
1,26955761916200
3,26957377305300
3,26957426629400
4,26958972548600
2,26960178042000
1,26962517939800
3,26963878176400
4,26964597851400
2,26970125990000
4,26972689242300
4,26972749643800
1,26973481824200
3,26974266557000
1,26974855565000
2,26975178011400
3,26977973202300
1,26978259254100
4,26980134824800
4,26981072496600
4,26982974650600
2,26984068394600
1,26985140527300
3,26986992445800
1,26988742590600
4,26990961373700
2,26995267130600
3,26995817636800
4,26997416636100
3,26998597884500
3,27003145288600
3,27007662322500
2,27008168377300
4,27008378301800
4,27009287565900
1,27009523956600
2,27009923367000
1,27010886716900
4,27012452601400
1,27012761226800
4,27013350530100
1,27017602823300
3,27017785676400
4,27018320505600
1,27019269278000
1,27021333999800
4,27026914272400
2,27027342797900
3,27030028951600
3,27031407980200
4,27032512870000
3,27034427001200
1,27036469240000
4,27036574698400
1,27038142865200
1,27039320683200
3,27039723778600
4,27047151899600
1,27047246515100
2,27048183557100
1,27049843354600
3,27050130019900
4,27050148181900
4,27050443824000
2,27050624855800
3,27053577386900
3,27057305491900
4,27058695343700
4,27059356945500
3,27059766350800
1,27062165172700
3,27062388252600
3,27062781525500
2,27063391222000
3,27066869764000
3,27067401224400
4,27067506473300
4,27071374059500
1,27073369443800
1,27075139729200
2,27075391768400
2,27076322826400
2,27079249033200
1,27079466427200
3,27080290433500
3,27081848806100
2,27083143675400
4,27086197555500
2,27086752894300
2,27087744701500
4,27088802279900
2,27090562362900
4,27091492374100
4,27092466984200
1,27093865012900
3,27096538441900
4,27096790103400
4,27098733030500
2,27099099763700
1,27102164382200
2,27107098303200
3,27107218361100
2,27108547819600
3,27112882362300
1,27114487495400
2,27116949023400
2,27118676137400
4,27118762780300
4,27119098730300
3,27120457454600
4,27121555911600
4,27123296374300
1,27124583316400
1,27126921248200
4,27127827635700
1,27128242372200
3,27129458993500
4,27129595190900
3,27129862108200
3,27129921971600
1,27130638168300
3,27131812726800
1,27133405243100
2,27134992417500
1,27135931161400
1,27137155792700
4,27137614838700
4,27137647022500
4,27140149728900
1,27140538328800
3,27143336599100
4,27143635299400
2,27144448038800
2,27144796587900
2,27146052740300
4,27150548414100
2,27153259760100
2,27153939190700
2,27153989840700
1,27154766362000
3,27156012467500
3,27156407150900
1,27156819422600
3,27156905906300
4,27157416419300
1,27158735093600
1,27161364488600
3,27162472610000
3,27164876248400
4,27165848101600
4,27168610427800
3,27169123620600
1,27170553623400
3,27172929015800
3,27175105303900
3,27176052344300
4,27177410679800
3,27178045343300
2,27179492669700
3,27180621331600
2,27181402259900
2,27182089279500
3,27186298254900
3,27187421417900
3,27188950713800
2,27189315132900
2,27189882421200
2,27192181497500
1,27193128300800
4,27193243322200
3,27193338650900
2,27193749321400
1,27194367654800
4,27195086869700
2,27195153646800
2,27195607796600
2,27196180539000
1,27196636306300
4,27198538847300
3,27201117384700
2,27201176468300
2,27201352691400
4,27201820747900
1,27203025583700
1,27205084178600
1,27205600225800
4,27209317142700
2,27210644020800
2,27213374971900
4,27213564369400
3,27214265122100
4,27217546993100
1,27219583085400
2,27219950318700
2,27221651046400
4,27224107017800
4,27224121100100
3,27224291818900
2,27225624897500
1,27228826460400
4,27229070666100
3,27230404094600
1,27232226005700
2,27232305209300
3,27232824199700
3,27237092291400
4,27238254781700
4,27239241783100
3,27239411639200
4,27241627488700
2,27244052500300
1,27244228417400
4,27245989838300
1,27247449747900
3,27247741502000
1,27247953908500
3,27248046416600
1,27251770355300
2,27252006940000
4,27253805652800
4,27253965912700
4,27258210242500
3,27261267405000
1,27263446834100
4,27263935748200
1,27264096694300
2,27264496311600
2,27266264126200
2,27271851174900
1,27272308581100
2,27274504250600
3,27275081098500
4,27278610581100
3,27283342069200
3,27283386753900
3,27284017953600
4,27286034161500
1,27287218362300
2,27287742980600
2,27290319639400
4,27293898472300
1,27296665696800
4,27298097633000
4,27298878662100
3,27299590915400
2,27300623245000
2,27300749314700
2,27301573061500
4,27301728854900
2,27303198505500
4,27304529380200
1,27304921227800
2,27306581870800
2,27307875959200
3,27307901254600
4,27310662674500
2,27310825687800
4,27314232200000
1,27314265450500
4,27315218769500
4,27315935922700
2,27323311657100
1,27324332349800
3,27325604294000
1,27326256357200
4,27327500188800
4,27328753588400
3,27330230563400
4,27330855020900
1,27331135626600
3,27332623102400
1,27332697242700
1,27334338895200
4,27335326958800
4,27335976440400
1,27336100458500
1,27338497953600
2,27338632085000
1,27340314659300
3,27340963446800
1,27341111190800
4,27344380904600
2,27348063985200
1,27349286109200
2,27349652035400
4,27350667747700
2,27352489789100
4,27353163182700
4,27355824035500
1,27356417087300
1,27356430846300
2,27358158679000
1,27358432819800
1,27360998440900
2,27361340134900
2,27362947826600
1,27366826018400
4,27367324747800
4,27367552044900
4,27368402956700
1,27369806608200
2,27370705681400
3,27373659297300
3,27374432235100
2,27374432235400
1,27376557519900
1,27376901891000
2,27381482980700
1,27382300550500
4,27382638833700
4,27384454642000
2,27384460153200
4,27389272881700
1,27389337845500
1,27390185769400
2,27392718127400
4,27394874109000
4,27395609546100
3,27396277946900
3,27397730416000
2,27400208657400
2,27401721360600
3,27401963977800
2,27401978883200
3,27404060736400
1,27406852533200
3,27407882058500
2,27409027592200
1,27410028685300
4,27411066554800
4,27412226632500
3,27412476866100
3,27414023117900
1,27414443545100
1,27417732337300
4,27418814109300
1,27420199537300
3,27420315588800
1,27421279811400
1,27421655677800
1,27425815999200
2,27426155923100
1,27426724917000
3,27426763638100
4,27426763990500
3,27429798077600
2,27431242146500
3,27431293718200
3,27431907800100
2,27432209703800
3,27432465950200
4,27432706243100
2,27437833824500
1,27437889758000
3,27439489108200
2,27439788706900
2,27440000786200
3,27443195292000
1,27443681433800
1,27445293301100
4,27445963024600
3,27447381005800
3,27451939762800
1,27452735077500
3,27452916771300
4,27454573524200
4,27458311284400
4,27458710229800
4,27458836772400
1,27459230804900
2,27459928292600
1,27459963165100
3,27461137515300
2,27462013552800
4,27462013869100
2,27462183979900
4,27462579190400
1,27466705783000
1,27467862101100
1,27468505870800
1,27468580359100
3,27469559608700
1,27470462376600
3,27471644210500
2,27472059496000
1,27473716856700
2,27476324384400
1,27478343421800
2,27479195970600
1,27479214476300
1,27479527418900
4,27479643477100
3,27483431922600
4,27486376643200
1,27486479559800
1,27486644511000
1,27488393673600
1,27491724103900
4,27493159825600
3,27494784063600
4,27497540681700
4,27498503091100
3,27499299215200
1,27503333819200
1,27503558504400
1,27504914715600
2,27508647710700
4,27509866232700
1,27512080183000
1,27512379870100
2,27512966413300
3,27513130039600
3,27517862963900
2,27519222764600
4,27520016065800
4,27520292011300
2,27523239966300
4,27525712650500
2,27526644130300
1,27526941168800
3,27530347929000
3,27530486139300
1,27531649592500
4,27533284164300
3,27535203297500
3,27536127527000
4,27538113897200
1,27539356907200
2,27539987232500
3,27542577192000
3,27543321891100
2,27543625934800
4,27545490657300
2,27547839982300
4,27548275003800
1,27549318084700
4,27550260468400
2,27552722099000
4,27554675612300
3,27555487522400
1,27562471257600
3,27564768023300
3,27573195543700
2,27573960071400
3,27573983136000
2,27575033528200
3,27575080276600
4,27575749750100
1,27577776344000
1,27586519523600
2,27586705276900
3,27587489867100
1,27587603966500
1,27588185438700
3,27588793778000
4,27588845140800
1,27589079065900
3,27591848925100
2,27595162587400
4,27597469148600
4,27598890044000
1,27599229140700
3,27599341116900
2,27599568666600
4,27599630522300
1,27602891394900
3,27603480362900
1,27603509456700
1,27604541556900
1,27605924603600
3,27606298571800
3,27606356593000
3,27607311924100
3,27609542246500
4,27611200750700
4,27612573119700
4,27613445879200
4,27613445958200
1,27614930170400
1,27617207159000
2,27617307284700
3,27618181695400
1,27618931399700
1,27619430880100
2,27620225469600
4,27623216728200
2,27624024350900
3,27625569801600
1,27629079206500
4,27630643521500
2,27631235023800
2,27631372291500
2,27632600079600
2,27632658067100
3,27634284623600
3,27634439633700
2,27634439913400
4,27635731329200
2,27636043691600
2,27637401047100
1,27637637382700
2,27637968940900
3,27641340060400
4,27643359856400
4,27646017834500
3,27646660667400
1,27647513410300
3,27647817824100
2,27648198606300
2,27649716228500
2,27653351706500
3,27656608190100
3,27656610736100
4,27657721599700
1,27658021232600
1,27658311239100
3,27659371602700
1,27662709824000
2,27663014260000
2,27663455526200
2,27663788381000
4,27663866844600
2,27664839025000
4,27666259291800
1,27673033437700
1,27673462594300
3,27673854832200
2,27674233845000
4,27674405855800
1,27674871429200
3,27679400076500
2,27681758173600
4,27682538656200
3,27683391653600
3,27685009381900
3,27685413690500
1,27686284333100
4,27686449713700
1,27687022871400
1,27687154907800
2,27689684092200
3,27690070013300
2,27690462224600
2,27691991687200
1,27695900290500
3,27696139609300
1,27696539531500
2,27697093351800
3,27698187028200
1,27699349201300
4,27701399803700
1,27710656973600
1,27711253386400
4,27712011758100
1,27712526887200
1,27714520119300
4,27715187571700
4,27722016076000
4,27726102189200
1,27728155334800
3,27729571681300
4,27732124718400
1,27733169656900
3,27733361767300
1,27734678211700
3,27738724362300
1,27739216496000
3,27741675312600
2,27741736687100
3,27748392664900
2,27750726159600
3,27750726239400
1,27750726426500
1,27752461032000
2,27754223271100
4,27755181204200
2,27755349613400
4,27755517119000
3,27759022002900
2,27760835947400
4,27761481055300
1,27762066278500
1,27762205050600
2,27764068358600
2,27764738615900
1,27768013622200
1,27769841126300
2,27770459301000
2,27771112949600
4,27771944904300
3,27772036905700
4,27772406342600
2,27773455772500
2,27774406853500
1,27777898258100
3,27778476836300
4,27778709916400
3,27779025500100
4,27781802259500
1,27784195305800
2,27786409232200
4,27786430488500
2,27787747146900
3,27788987295800
2,27789818138900
4,27789852446400
3,27794031897800
1,27794839710500
1,27795117135700
3,27796096870600
4,27798859133000
3,27799659154300
2,27800775184100
4,27806312163600
4,27806452346000
2,27806471926400
1,27813924324200
3,27814261164900
2,27816201999200
1,27816597254800
3,27817312555500
4,27818575382400
3,27821450394400
2,27821450502800
1,27822148240000
2,27822213186100
2,27822279430600
3,27825962033700
2,27825984417100
4,27827901032000
1,27828449992200
4,27828893228700
2,27829110192100
1,27829407613500
3,27831148674600
1,27831221535800
1,27832129581900
1,27834707987800
2,27836638104600
4,27837623418600
2,27838051290700
3,27840942612300
4,27841485032200
2,27841485279300
3,27841485445300
2,27841997970500
1,27844354669800
2,27845465359300
2,27846760686400
1,27847317034900
3,27849214125600
4,27849253613800
1,27849443711900
1,27851116887800
4,27851434967700
3,27855881048800
1,27856828012200
4,27856859149600
3,27858899747700
2,27860115452700
4,27861060962100
3,27862084303900
1,27864992636700
3,27865523723300
4,27866377288400
1,27867354570800
4,27867470117900
1,27868040851800
3,27868110190500
3,27868118758000
3,27868119466900
2,27868559932400
1,27868879995400
4,27869472249300
3,27870819389600
4,27872814006700
1,27872915818100
1,27873187780200
1,27873597747700
2,27874417678400
4,27874910421700
1,27875994551900
1,27878049037300
3,27878876821300
3,27879412311700
1,27880854363000
1,27884227451000
1,27884607207700
1,27884923648000
2,27884945460800
3,27887436109900
4,27888750058700
2,27890088405600
4,27890860484000
1,27891237684200
4,27893307415200
3,27893999127700
4,27895832977700
2,27895983633900
3,27897431571600
4,27899647621000
3,27899793880900
4,27900042603600
4,27901398150600
4,27902584707100
1,27905033278600
3,27906403708600
3,27906767822400
1,27908091022700
1,27908788869200
1,27909217372400
4,27910113346000
1,27912103244000
2,27912109982500
2,27913330606600
1,27913790752800
1,27913791142600
2,27915873424900
3,27916762188500
2,27917833730600
1,27919071111500
2,27919109102800
4,27919871908600
4,27922433790700
1,27922716153600
3,27923326963600
3,27923819770400
1,27925987455100
4,27926195311200
1,27926299225400
4,27926299251800
4,27926299414300
2,27927635968000
4,27931422139400
3,27931422366900
1,27933646017100
2,27933808472500
1,27934451661900
4,27934708453600
4,27935211446800
1,27936933628000
4,27939993846600
3,27940075987400
2,27940282882200
2,27942555895400
4,27945205984400
1,27945737285900
3,27947010833500
2,27947338804600
3,27947736367200
4,27950464523600
4,27951708810000
2,27955041707700
4,27956688938000
2,27957445184400
4,27958806826700
2,27960554485900
2,27961560216000
3,27963282620100
4,27964397997700
2,27964627240700
3,27964646721000
2,27965852741700
1,27966164755200
3,27968195664300
2,27968542515400
2,27970681623600
4,27971881467500
3,27978202130900
4,27978391991700
1,27979773765400
2,27982551802500
2,27982605412300
4,27988527750200
1,27991587128700
1,27991790881300
3,27992513149200
3,27993458477500
2,27998032056200
3,27998219866900
2,27998348827400
4,27998723487500
1,28003424524800
4,28003868551400
1,28005129548900
4,28005929590700
2,28013644544700
3,28016999799400
1,28020045570400
4,28020825528800
1,28020825663400
1,28021620667300
2,28022330513500
3,28024375943100
1,28026063535800
4,28027741195000
4,28028465740000
3,28029134529300
1,28031994755700
3,28032539864400
1,28038184874500
3,28039570236700
4,28041168008000
4,28041283685900
1,28042379738900
1,28042764342700
4,28047172530700
4,28048411424200
3,28050028054000
2,28051535541900
4,28052532087500
2,28055533855300
4,28060229847100
1,28061727502600
2,28061825305400
3,28062585314200
2,28063591678300
4,28064631206800
1,28065467838200
2,28065930761100
1,28068452647100
3,28070054497100
2,28073076074100
4,28075408666200
3,28078270810100
2,28078288164400
2,28078838919400
1,28079136055300
2,28079939137600
3,28081361048100
3,28084457767700
2,28084552749500
4,28087026130100
4,28088928460300
1,28089759842800
1,28090967436600
1,28091201500000
1,28091296597400
4,28092958763500
1,28093518602000
4,28094076969400
2,28095660653200
3,28096498153400
3,28097137795100
4,28097240209400
3,28098222442700
1,28098676379200
4,28099591580100
1,28100615997900
2,28100943649000
3,28101235707100
2,28102331537000
2,28104375841000
4,28104379299400
3,28104826229000
1,28108585064400
3,28110058002200
4,28113861991900
1,28114254693400
4,28115589677100
1,28116902412100
1,28118776843900
3,28122267559700
2,28126033794000
4,28127359607900
2,28128264820200
2,28129395296400
2,28130354831000
2,28131262904000
3,28131614899200
3,28132171019800
3,28135243601300
4,28139117477900
1,28139322314300
4,28139516569900
2,28139725025100
4,28139923194700
2,28143189511700
1,28144174996800
1,28146599451500
4,28147404393200
1,28152967797100
1,28152968114400
3,28154138859900
4,28157084699100
4,28160984290000
2,28162299923300
3,28162353351700
2,28163342240600
2,28163383045600
4,28167087879800
2,28168104612600
2,28169871154500
2,28170858465900
3,28170981479000
1,28172134762200
1,28174546872500
3,28174823519700
3,28176445650700
3,28176996952600
2,28177062020000
1,28180677045400
3,28183973035800
3,28184412984600
2,28185621792300
4,28189431811800
2,28191087836000
4,28192079508500
4,28192414425900
1,28192652375400
3,28192749297700
2,28197029411900
3,28198719095800
2,28200360229300
1,28201154554700
3,28203757466600
3,28205477162200
3,28207861218800
4,28209025442700
2,28212806849700
3,28214120651300
2,28214527129200
1,28215376710100
1,28219691691000
2,28223373540000
3,28224320411500
1,28226262112400
2,28228106237800
2,28228953622000
2,28229631726900
1,28231734751500
4,28232556402400
4,28233339746800
3,28236614010100
3,28237153486400
3,28237637388200
3,28238159846400
4,28238277758800
4,28238650800700
4,28238650883600
2,28238692883300
2,28242102849500
3,28243996759400
4,28245813636400
2,28247349059600
2,28250287311000
1,28251677050200
2,28253027559500
4,28254789011900
3,28254843402500
2,28258405749700
3,28258573071000
1,28258584039300
3,28259416087400
2,28263427646400
3,28267780100400
2,28267977193300
3,28268191499000
2,28269715851800
1,28270039897600
2,28270484433400
3,28272620436000
2,28273624539000
4,28274917021000
2,28277248562800
1,28277704305000
3,28278733428200
3,28279796862700
4,28280603435900
3,28280684258700
2,28280837989800
3,28281295067400
2,28284225105800
1,28285198373700
4,28285943850300
4,28287876343500
2,28288445867100
1,28288542965100
2,28289850292900
3,28289890076800
2,28292714011600
1,28296316944000
1,28297158256200
2,28298107139800
1,28299227218600
2,28299556781900
1,28299816131400
3,28301653491000
1,28303365082000
1,28304618019500
2,28309567536100
4,28309851493200
1,28310271924200
4,28313513604800
1,28313730366200
1,28318877135500
2,28320968599800
2,28322561090500
1,28323245888400
4,28323274762100
1,28324335251000
3,28324985009500
3,28325117458100
3,28329070249300
1,28329071920000
2,28330120967500
1,28330617913600
4,28331951724700
2,28333099268300
2,28333423192000
1,28334766426500
3,28336880879100
2,28337324446800
1,28340935258300
1,28341475540800
1,28342036285300
2,28343252743000
2,28344312709400
4,28344413362200
2,28344480433500
4,28347149418600
3,28347449524200
1,28353270532700
2,28353354099500
4,28353663808400
2,28354726396800
3,28355137074100
3,28358278119200
4,28359936655400
3,28361554958500
3,28362672819800
3,28363069826900
2,28364412277800
1,28364893926600
3,28366012212400
1,28366453542800
2,28367589771900
2,28369037099700
3,28375519094300
1,28377161916200
2,28377364334300
3,28377713291400
4,28379800071100
3,28380436924700
1,28380585374300
4,28380651124900
4,28383936301200
1,28386584004800
2,28388878664100
2,28390428235700
3,28390757617300
1,28391851454000
3,28392404184200
2,28392805536000
2,28394521064900
3,28395037533300
3,28395253209300
3,28395516835500
3,28395848574900
4,28396444553500
2,28397747327500
1,28398591065000
3,28398906312900
4,28399627023900
4,28401019105700
1,28401130476300
3,28401405132400
4,28403325143200
4,28406968399000
1,28407652395400
1,28408400793800
4,28408471344400
1,28408677955800
4,28413186254300
1,28414205142900
3,28414213040600
2,28414943163900
2,28416191628500
3,28416191900000
3,28419428832900
2,28420969200400
1,28421280954900
2,28421519328200
1,28422430487700
3,28423760948200
3,28424917635500
2,28425919536800
1,28427397022600
2,28429185204300
2,28429306041300
2,28430887412200
3,28432093860600
3,28432115615900
4,28434405574000
4,28434566048000
3,28434679741500
2,28435063540900
2,28436490767600
4,28439026494300
4,28439791238000
3,28440019425500
3,28441842557000
1,28441998052600
3,28442389561300
1,28443234772700
4,28443692462600
4,28443955289100
2,28444820371300
3,28445058613600
1,28445601331000
4,28446601295000
2,28446601313400
1,28446601782500
2,28446932295500
4,28448230023300
1,28451143942300
2,28451960836300
2,28453690699800
1,28453793674800
1,28456752930600
2,28459589024800
3,28460603562400
2,28462000586900
3,28462556528400
1,28463820604600
1,28464368641400
4,28466814077100
4,28471424918700
4,28472674097900
2,28472679115600
3,28473943899700
1,28474709285200
3,28475051463000
2,28475451696200
4,28476354736700
1,28476892415900
1,28478171919300
4,28478704427100
4,28480541094300
1,28481864613900
2,28481979986100
1,28482920707700
1,28483893682700
1,28485661263200
2,28486451364200
4,28491120732900
4,28491196056400
1,28492411758600
2,28493925567700
3,28497749240600
4,28502456817800
4,28502487275500
3,28502574209300
2,28503307021900
1,28505630631200
1,28505938305700
4,28515391739700
1,28516431055100
1,28517523158100
3,28522617999300
4,28522629208600
4,28523278512100
3,28525309151100
3,28528592619100
2,28529638835000
3,28531665871000
1,28534595957500
2,28540426301600
2,28544991307900
4,28547698623900
3,28547867603100
2,28548746181700
1,28549933534600
2,28551786787700
3,28556241974800
2,28557252838000
1,28558923993800
2,28559587117300
2,28560222483200
1,28560243654300
1,28560269430000
3,28561141864000
3,28564514246900
2,28565735867000
1,28565929092200
3,28567699847200
2,28570591212000
4,28576213042000
1,28580917404200
3,28582990378500
3,28583388313600
2,28584298146400
2,28585807842000
2,28586868136500
1,28588132185800
2,28589088173400
4,28593341988300
3,28594489122700
2,28596011172700
4,28596308449200
1,28596641888200
2,28596671642400
4,28597422560200
1,28599923492200
3,28601316644700
3,28605747554300
4,28608484004000
3,28612726879000
1,28616790554800
2,28616949824000
1,28617450156100
1,28622564348100
2,28622599638600
3,28624979916300
2,28625593315600
2,28625593507000
1,28628199022100
3,28629152539000
1,28629675703200
4,28633050990700
1,28635431883500
4,28635523841200
1,28635570958100
3,28635709748400
1,28636469487600
1,28639120048200
2,28639802369500
1,28639908724100
2,28642646881300
2,28643124104200
2,28643152010400
2,28643152058700
3,28643152534400
4,28645382606700
1,28645420752300
1,28646630856900
1,28648470859400
3,28648543008100
3,28648543288700
1,28648765152000
1,28649058218800
4,28649885493200
4,28650625069600
3,28653413859600
1,28654322248500
4,28655443537600
3,28657299590300
1,28657349599500
1,28658936981600
3,28660102539500
2,28661587908000
4,28663853008700
2,28664508660500
1,28670507216700
4,28670925941200
1,28672859274400
4,28674885922000
3,28675754213500
1,28677100490600
4,28677768235000
4,28678174587200
3,28678327562600
4,28681599790600
1,28683078137800
4,28683729986100
1,28683866379300
1,28684409639100
1,28685976547700
1,28686040726000
1,28687030662700
3,28687239548200
2,28689084556900
3,28689932084300
2,28691270434700
4,28692298218200
2,28694058032500
3,28694242613300
4,28696667877600
4,28697604708500
1,28697604992400
4,28697853176600
2,28698595378600
2,28702248617500
3,28703515786800
2,28704275320100
1,28707983410600
4,28708063854300
4,28708809560000
3,28709028972300
1,28709112893100
2,28710111034900
4,28711507847500
1,28711842395700
2,28713103084900
2,28715613305700
4,28717869690900
2,28718735194400
2,28718747988600
1,28720064028600
4,28720992375200
1,28722993225000
4,28723671713800
1,28723943086900
1,28724984059300
4,28727578484600
4,28728455147100
3,28729249376000
3,28730372879700
3,28730952906100
3,28732318648000
1,28733457172600
1,28735464480700
2,28737025036200
3,28737170236600
3,28737962631300
1,28738444208100
3,28739598542500
1,28739797505000
3,28740449540400
3,28742227810800
1,28745558611900
1,28745682582000
3,28746256991400
4,28747916973600
2,28753422713900
1,28753784312300
3,28754909126600
2,28756585407800
4,28756719669000
1,28756938935900
1,28758494160300
1,28758863927000
2,28761402945600
2,28763749049200
3,28765473511800
2,28766713915700
3,28770502638600
4,28770879060300
1,28771742295300
4,28773007870500
2,28774455411400
3,28776802548300
4,28778990126100
3,28779135325800
3,28779383034300
3,28779637071800
1,28779870088200
1,28782678279300
1,28783349596800
2,28791557801100
2,28791623527400
4,28791730156500
1,28791872968500
2,28793223646200
3,28793382735000
2,28793936258800
1,28793936592000
4,28794167734200
3,28794396980800
4,28795515509300
4,28797528551100
1,28801069500100
2,28801843314900
4,28801848164500
4,28804189720400
3,28807179724500
2,28812025904300
2,28812165066100
4,28816186685000
2,28818581592800
4,28822633125500
1,28824724578600
2,28826113145900
4,28827131555600
1,28829383893200
3,28830485001800
1,28833500314100
3,28834132917200
2,28834133028200
3,28834238925900
3,28834328533900
1,28835838124000
1,28836690583100
2,28837253461800
3,28837378438900
2,28837926620400
3,28839234297600
1,28839683563100
3,28842954463200
2,28846198542100
3,28846236144700
1,28849015948200
2,28851398865800
4,28851940047100
3,28852351665200
4,28852828254900
2,28852828338300
1,28853672099300
4,28853710725400
3,28855254979900
3,28855335578800
4,28855378317800
2,28858825508500
2,28860158240800
1,28863417244000
3,28864515449600
2,28865523043900
4,28866892841300
4,28867767660400
2,28870316567100
3,28870976753900
4,28872379085000
3,28872813198400
2,28878141543800
3,28879380732800
3,28882434020300
4,28885944132000
4,28889533261500
3,28889888264200
3,28891075607000
2,28893508263000
2,28894058986900
2,28894738847900
1,28895341440300
2,28896560373900
1,28897056910700
2,28900171034700
4,28900360427600
2,28902581090800
3,28904793624100
1,28905336440900
4,28907359678300
4,28907546854100
1,28910249598100
4,28910985175200
1,28912330635200
4,28914317795900
1,28917201671200
1,28918563701500
3,28922446996000
3,28923441118900
3,28923650822700
4,28924397906200
2,28924603963400
2,28928943566700
4,28931665477800
1,28932650326900
4,28933336190300
2,28933578199400
4,28933648354600
2,28935096444300
4,28936408584700
4,28937716916000
3,28939646245800
4,28940971111300
4,28942275101600
2,28943513817800
3,28944890648300
1,28945234580100
2,28945236690000
1,28947099317500
2,28948562008200
3,28949125627100
4,28949211212500
3,28949543970800
1,28950329165000
3,28953583366600
1,28955555468500
2,28957606039200
4,28958036093100
4,28960025452400
2,28961511951100
1,28963110953200
3,28963539491500
2,28964509059200
3,28965262219400
3,28967657434000
4,28968620629800
2,28969277389800
4,28969386794500
3,28970163329900
1,28970856370500
3,28972985457100
1,28973269624400
4,28973881075100
1,28974143860800
2,28974394274200
2,28974910222600
1,28977587182100
1,28979135439700
4,28980242598100
1,28981318788200
1,28981872272900
1,28982125349500
1,28983053245000
4,28984664438200
3,28986633872800
4,28987474194500
2,28990997867000
3,28991189241600
2,28991256661200
1,28992511808700
2,28994243267100
4,28994380501400
1,28997206046200
3,28997965135000
3,29000873380000
3,29002111557600
3,29002595596400
1,29003635138100
3,29003833880000
1,29005191033400
4,29005602915200
1,29007206947800
2,29007457730400
3,29007762796300
4,29009101964500
4,29011641086000
3,29012293386100
2,29012996712700
4,29016733275800
3,29020215719400
3,29022065341000
2,29023134054100
3,29024322533200
1,29025974764700
2,29026486327200
2,29026943344400
1,29027322958600
2,29028134807300
2,29034328537700
2,29034986899400
1,29035977836900
2,29036091822400
2,29036170422200
4,29036296709100
2,29036943997900
2,29037052503700
3,29037212963100
3,29037912018900
3,29038107627300
3,29039059664900
2,29042710247600
3,29048840598200
2,29049529749600
1,29051948092300
4,29052667751700
1,29053234413000
3,29055135309000
2,29056663837200
3,29057473555800
1,29057959285200
3,29059372057700
3,29059405013900
4,29060927590200
3,29062035132000
2,29064712429200
4,29066742735700
3,29067329447200
1,29068084636000
1,29068499476600
1,29068799573600
1,29069384505600
2,29073876652200
4,29075324739600
2,29076754533600
3,29076824576700
4,29076999732000
1,29078519521700
3,29078673987500
1,29080027445900
2,29080542288300
2,29080676263900
4,29081168842700
1,29082333839200
1,29083815221900
2,29084712021300
4,29085198399300
3,29090183139600
1,29091047514600
1,29091047528100
1,29091254766300
2,29096201595800
2,29096765342300
2,29096971203700
1,29098296519000
2,29098768847700
4,29101117504900
3,29104019391500
1,29104019472600
3,29104045211700
2,29105104661900
2,29105328608100
3,29106311080100
2,29106812975600
2,29110686745800
2,29110971420500
3,29112039122900
1,29112129999900
4,29114894257300
1,29118172838200
3,29119436720300
2,29120477630500
3,29121249182800
3,29125850801200
1,29128961926600
2,29131556174000
2,29131741516600
1,29135043436600
4,29135764956600
3,29137044408600
3,29138347498000
1,29138998589400
1,29140813161800
3,29142388340500
1,29142883943400
4,29148046022300
3,29150189696800
3,29150801536500
4,29151887020800
3,29157062705500
1,29157182620800
2,29158020031900
2,29161165679500
2,29161811741300
4,29162253526400
3,29164400850200
3,29165074430200
3,29165485465100
1,29167141788200
1,29168610782800
2,29169708492100
4,29169732485600
1,29172760521700
3,29173159687600
1,29174420520300
4,29175558102400
1,29175862092500
4,29175876000900
2,29176099617000
2,29177599922200
4,29179054380300
3,29179280239600
3,29179285651900
3,29180676122500
1,29183536838200
2,29183562731600
2,29183920069900
4,29184545773700
3,29184700489500
2,29184826447800
1,29186021405100
1,29187631724000
1,29188030426200
1,29192481338700
1,29195991180200
1,29197615097300
2,29198053927500
4,29198977438200
1,29200508466300
1,29201998116700
2,29202808539600
3,29204040643100
2,29204092159100
4,29206216009700
1,29206237130700
4,29208077601300
3,29208856404300
2,29209807962800
2,29210562081900
2,29210803653300
3,29210915008900
2,29212311648300
3,29212902013600
3,29213786498200
3,29215488415200
4,29220706147800
3,29220840572000
2,29221414126300
3,29222094404700
4,29222269181800
2,29222963748700
4,29223553011000
3,29223553168500
2,29224643526800
4,29227626590600
4,29227726624100
4,29228117125900
2,29232549622300
3,29232859753100
1,29233228313500
1,29233354135800
3,29234879204600
4,29235980182100
1,29237087328400
3,29237790513200
1,29237898474600
2,29238962969900
4,29239429004900
1,29239429756500
3,29239466872800
3,29239754711900
3,29239840768200
3,29240626061800
2,29240797624400
1,29241495219700
3,29247720541700
3,29248956916000
3,29249226668800
1,29250609410400
4,29254962184500
2,29256728149500
3,29257842469100
3,29258861623300
3,29259278461300
1,29263426550800
2,29265746200300
4,29266081629300
3,29271129448400
4,29272364692800
1,29273836340200
2,29274919186700
4,29280000671600
1,29281056471000
1,29281941822500
4,29282431401000
2,29284271948600
3,29285540922900
2,29287777818500
4,29293961534600
3,29296270642900
4,29299396030400
1,29301035145100
4,29302383245300
2,29302852117600
2,29303625800800
4,29306747704700
1,29308107100200
4,29310267449800
3,29312353859900
4,29313459894500
2,29314486691500
1,29319040663300
4,29319560176100
2,29320093394800
3,29320434415300
1,29321520152600
1,29326486522400
1,29327875241400
2,29329910136700
4,29330018833600
3,29333642138900
2,29337879816300
4,29338285796200
4,29341457902000
1,29342516984700
3,29343567429300
2,29345072564900
3,29345257241900
4,29345558069300
1,29348047411900
4,29350814764500
4,29351741967700
1,29351982251200
1,29352265657000
4,29354787688400
4,29355189295000
2,29355617288100
4,29356290322000
2,29357626070800
3,29358230195800
1,29359263580500
1,29360118555600
4,29367155135300
2,29369279150500
1,29370009912000
1,29370505491600
4,29370730085300
2,29371242882400
2,29371930058800
2,29372005523300
4,29372967596600
4,29374882438900
4,29376717328500
1,29379081813600
3,29379262811700
3,29379417867900
4,29379666960800
4,29386055747000
4,29388211884100
1,29388309803700
1,29388679827500
3,29389640174900
3,29390330112600
3,29391591461100
2,29393992905500
1,29393992962500
4,29393999671100
4,29394261059700
3,29395280811800
3,29395326000900
1,29396108554600
3,29399135904100
1,29404826198300
3,29405512109100
3,29407150725600
3,29409381927000
2,29410158649400
4,29410676883700
1,29411118712800
3,29411710286200
3,29411779336600
2,29411986904800
3,29411986958500
2,29413376083500
4,29413434687200
3,29413595635200
1,29415201325200
2,29415757154200
1,29415835401300
1,29416596025800
1,29417087063300
3,29419292124000
3,29420236487900
4,29420427364600
2,29420804643400
4,29421176839800
3,29422030900400
4,29427336159000
2,29428415702400
2,29428889625400
1,29429891505900
3,29430673825200
2,29430860965700
1,29432339841400
2,29432388413200
4,29432622825100
3,29432986765900
4,29433228855300
3,29433524534700
2,29439429035500
2,29441475432900
3,29441758379100
3,29442515030600
3,29442651380900
1,29443650020800
3,29444721744200
2,29445790499900
1,29448980143500
4,29450040983900
2,29453736070700
2,29454033613900
3,29456211055900
3,29456264092500
3,29456280574200
1,29457154215200
4,29458124862900
2,29459148359100
2,29462327615200
1,29462339708800
1,29463366421100
3,29467946688600
1,29468510154300
4,29471807976600
3,29474773185200
1,29475270549400
1,29475602873900
4,29476495480100
3,29484630619500
2,29485923674200
4,29492480065300
4,29493142611800
3,29494209808200
2,29497203210800
2,29501244432700
2,29502287897000
4,29502936964800
1,29504647931700
1,29506101056500
4,29506605038300
4,29507391109700
3,29507471846000
3,29508193223500
2,29508222756900
1,29508412731000
4,29508527332000
3,29509214436200
2,29510808682300
2,29511588778500
4,29515149564700
3,29517090079200
1,29517746292000
2,29518736647500
3,29521868393100
1,29522659416100
2,29524067102500
2,29527796800200
1,29528445361600
4,29529817943900
3,29530375655200
1,29530497424500
2,29533466133000
3,29533933587900
2,29534302534600
1,29535539187100
2,29535749910300
1,29536249775800
4,29536767756800
1,29536975100100
1,29537115837100
1,29539079212000
1,29544400763400
3,29544781644400
4,29546215243300
2,29547613749300
2,29549005799100
1,29549469492100
1,29549964601600
4,29550777222200
2,29552104348200
1,29552704833000
4,29557214633500
4,29557481461700
3,29557580831200
4,29558496448300
3,29559275180200
1,29559611613300
3,29560860819200
4,29561552627800
4,29564847106000
4,29565066444100
4,29565798142700
3,29567217893800
1,29567571406900
1,29571152683200
4,29572873817200
2,29574115424200
4,29575771591000
1,29576833629300
4,29578102731000
4,29578196574200
1,29578231594000
2,29578344038200
2,29582187655100
2,29582969087400
2,29583015772800
3,29583238433800
1,29583566871400
1,29586631008700
3,29589324744300
1,29590374149800
1,29595003921600
1,29595256155700
2,29596405576500
4,29596899533900
2,29596899941500
4,29597307810700
3,29602428252100
3,29604411230700
3,29604577061600
3,29606450551600
4,29608538319600
1,29608538672300
4,29612678282000
2,29613819053600
2,29615905225200
4,29617397835200
2,29618527368300
2,29620089396700
4,29623594461000
2,29623595168500
4,29623685103600
3,29624421573600
2,29624940273600
3,29625466997300
3,29630597211500
4,29633309361900
1,29635824440700
2,29636806300100
4,29637914777300
4,29638228498200
1,29638456569400
3,29639796462700
2,29643768594000
1,29644258063600
1,29644655542700
4,29647638836800
1,29649431209200
2,29650018651900
4,29653041717600
4,29653707423200
3,29655327619400
1,29656247327700
1,29656673381500
3,29660804255300
3,29661436506800
2,29663047088300
4,29663925006700
3,29666647323300
2,29666872993500
3,29670645185400
2,29671542906300
4,29671853019100
3,29672055457700
3,29672627951000
2,29672630772400
2,29672840856900
3,29673253860300
1,29674902554200
4,29675331113400
4,29675331329900
3,29675783579500
2,29677121225200
3,29678138057300
1,29683957126400
3,29684404549300
4,29686242417700
2,29687167972300
1,29687889675200
1,29689937454700
2,29689958073700
1,29690028479300
2,29690778101400
2,29691712607300
3,29694168446700
1,29694827445500
2,29699580561900
2,29704929133800
3,29706751387100
2,29706751592200
4,29707654014300
3,29708580823900
4,29711825715900
2,29712108948000
2,29714416538200
3,29715256281300
4,29721217290700
1,29722261926600
2,29723225865300
1,29723577276600
1,29724871961900
1,29726173477700
4,29728278299200
4,29728492319300
3,29729465769600
2,29731556766300
3,29735437625800
4,29737284544000
1,29739201366600
4,29739879508900
2,29739879556300
1,29741065778000
1,29741066198800
2,29742798015700
4,29742798143500
3,29743704618300
2,29745541963800
4,29747365669500
1,29748234917800
2,29750511772400
4,29750526862300
4,29751860558200
1,29755784408900
3,29757739427400
1,29757903360500
3,29761934844200
1,29762019865400
1,29764211872100
4,29764841510800
2,29767027084100
4,29770194801600
1,29774790264600
3,29775052907700
2,29775980095500
4,29777073313100
4,29783763514300
4,29784445412900
4,29789273876800
4,29790651545900
3,29791025211600
4,29793178892800
2,29793419163500
4,29794006954600
4,29794398219100
1,29794529576400
4,29799837975400
1,29800186234200
4,29800506860100
3,29800663612200
4,29801089462500
1,29802750149500
1,29803341323300
2,29803842289100
4,29803920566200
1,29804197348200
3,29804803720400
3,29806075236100
1,29806573964400
1,29807159406300
3,29807768968500
1,29808587952000
4,29809275664200
3,29810446968600
3,29810553604100
3,29811723952900
4,29811957884800
1,29813298304100
1,29813566259300
1,29813910293600
2,29813910744400
1,29814778575600
2,29816614647800
1,29827306582900
2,29828690849700
1,29829344911900
1,29829573494800
1,29829710252800
3,29829716593900
1,29830213995400
2,29834099945200
4,29836526640800
4,29836940531600
3,29837250681800
3,29837838066500
2,29840149194400
3,29844571351700
2,29849063019600
2,29849932474300
1,29850445198600
1,29853439539400
4,29854343124400
2,29854919196200
4,29855836446800
3,29857745013700
3,29858517076500
3,29858526204500
1,29860012748900
1,29860897225400
2,29860925666400
3,29864433612000
1,29864633017800
4,29866581726700
1,29866675956400
1,29866743356000
2,29867331770900
3,29867599075900
1,29869466326600
2,29870451077100
3,29870596357900
2,29870630184500
3,29870980973800
3,29872622526600
1,29873515799400
1,29873964039100
1,29874623109900
3,29878089880000
1,29880581503500
1,29881162840600
1,29881745184000
4,29886414358500
1,29886478427900
4,29894242811200
2,29895174204600
3,29895400678100
4,29895505401100
1,29895505962300
2,29897778807700
2,29898008238600
2,29899401254200
3,29899932204800
2,29904059271200
2,29906449756400
3,29911328943100
3,29912226848600
4,29912833166500
2,29914829074500
2,29915617015000
2,29918098788800
1,29918249349400
3,29919579288300
4,29920915175700
1,29920941538700
1,29921904723200
3,29922743433700
1,29923024331500
3,29923376763000
4,29924438496700
2,29924942921100
2,29925779351700
4,29926166933800
4,29928126211000
4,29930103613600
1,29932076237800
1,29932141979100
3,29932757723000
3,29934149404600
4,29934626120300
1,29936620347400
3,29941083696000
4,29942668856600
3,29942669112900
2,29944675771100
3,29945595772900
2,29946800732700
1,29950025099400
1,29950593367200
2,29952601318100
4,29954704281300
4,29956786364300
4,29957700432300
2,29958159394200
4,29959767263100
3,29959956530300
1,29960513834300
1,29962049623100
4,29963142331700
3,29963615101400
2,29964410999400
3,29964606996900
1,29966727983700
2,29967086716000
1,29968168585900
2,29968273919900
4,29968469749600
2,29968869248100
2,29970847624400
4,29973200964500
4,29974015490900
3,29974930899000
2,29976051471500
3,29976214523300
1,29976823486900
3,29976898303900
4,29977174268500
3,29979420350600
1,29980393223400
2,29982148244700
3,29983603644200
3,29983791716100
1,29983907764000
2,29984768286500
1,29984788060200
4,29989261203600
1,29990325152600
2,29994332147900
4,29995247505200
4,29997909355100
3,29998986029600
3,29999228138500
1,29999950701000
4,30001485066500
3,30001791634100
3,30003759463100
2,30004598528300
1,30012074014400
3,30013000136300
1,30013168795300
1,30014497792400
3,30017765061100
1,30021036356900
2,30027230239000
2,30031591302700
4,30032158024400
4,30033437093500
4,30033637150800
2,30033692584200
4,30033778227400
1,30034163041500
4,30034875047900
1,30035227286900
2,30035633184000
2,30036471437200
4,30038036668400
1,30038954548800
4,30040094977200
4,30040131883900
1,30041072971700
2,30044031356200
4,30047273157500
3,30047361152300
2,30047943228100
1,30048460514500
3,30049020271800
1,30049126211200
4,30049249429700
3,30050793754800
4,30051422973600
3,30053005556300
1,30054781022600
3,30055409241600
4,30056112358400
1,30057619174200
4,30058611369200
2,30060056990300
1,30063011449300
3,30064706662600
2,30064706825000
3,30065031604100
4,30066309012400
2,30068851771500
3,30069684424700
1,30070659678300
3,30070948532800
2,30071591947700
3,30071852153800
1,30073050930700
3,30075318841300
4,30076827458100
1,30076921781300
4,30078589748400
1,30081251966200
3,30083105489800
4,30084716274900
4,30085420953500
2,30085623916200
4,30085867083500
1,30086486049000
3,30086950928500
4,30088403228600
4,30088717874400
1,30090510956600
1,30090605634700
4,30091662287200
3,30091735254300
3,30092988589500
1,30093565575600
3,30093655054700
3,30093868723600
2,30095927663000
4,30097831764000
1,30099748968800
4,30100102953400
3,30100155210800
3,30100346357700
4,30100599459200
3,30100784121100
1,30101748242200
3,30102580477600
3,30107024974300
3,30108213392200
4,30108838096600
4,30112521476800
4,30114416359900
1,30114519297300
1,30114874380200
1,30115728920000
4,30116431111000
2,30117796847700
4,30118234286400
3,30118601735300
3,30119645035400
1,30120048754400
3,30120267490500
2,30120267560400
4,30121320719900
2,30121499344200
2,30121675173200
1,30122815438700
4,30125427943600
3,30125771543200
3,30126589277600
2,30127625291900
3,30129418734600
4,30130035610100
3,30130226452800
3,30130226463100
4,30130273202100
3,30131325799200
2,30133773292100
2,30136823616800
3,30138208969900
4,30145612044400
2,30145647747000
4,30150673477800
3,30151372603200
3,30151372626900
2,30154349207400
4,30155456833000
2,30156001242500
4,30156823658000
3,30160933776000
1,30161696952500
4,30162669031600
2,30163081234900
2,30163920948900
1,30164104189900
4,30167995451900
1,30170266535100
4,30172202846900
1,30172848971700
2,30173966176700
2,30177828537500
1,30178249517700
3,30180644913500
1,30181624950600
4,30181822325900
4,30182822021300
4,30183590269400
1,30186044266100
3,30186398013100
1,30186701137100
2,30187185316600
4,30191126807800
4,30191327712500
3,30191946763400
3,30192466072100
1,30192774594900
2,30193255572000
1,30194401647300
3,30194667095600
4,30195567462000
3,30195776861700
2,30195914896100
2,30199361829100
4,30199983446900
3,30199983460200
4,30204533880700
4,30205274089000
4,30206684486100
3,30206912752100
2,30207521861100
1,30207629674400
1,30208212227700
4,30208291385800
3,30208449308900
2,30209333930200
2,30209396211500
1,30209742950800
3,30211976239400
4,30216873759000
4,30217958585300
1,30221690923200
2,30222142760400
1,30222142948400
3,30223566807200
2,30225669860900
4,30227263693400
2,30229192315100
3,30230298763900
2,30230542848200
3,30233288082800
3,30233386500400
3,30233386617200
3,30234309049500
2,30236402110600
1,30239943597000
1,30239943600700
4,30240392167000
4,30240753640800
4,30241312343300
3,30241703321800
3,30243255332800
1,30246127983900
4,30248320005000
2,30251509780000
4,30251536864000
3,30252584023600
1,30252769449100
1,30253651515900
2,30255076005100
3,30256935892200
1,30257003211200
1,30258478463000
1,30262489154000
3,30263062458100
1,30265401285800
3,30266584995200
4,30267115079400
4,30270923985200
3,30271217361900
4,30272085414800
2,30275360549400
4,30276340521800
4,30278373026900
3,30281218756100
3,30281647024400
3,30283277423700
4,30284369644900
3,30285657833900
2,30285981249500
1,30287017396500
1,30291534485000
1,30292131604500
1,30292338508400
3,30292400108200
2,30293455793600
2,30295859964200
2,30296344170600
4,30296644550900
2,30296772834900
4,30296906653500
4,30297204566200
1,30299236920500
3,30299664309000
4,30300377983100
4,30300424592400
4,30300606445300
2,30302423312800
1,30302751775000
1,30304713597100
4,30307604212500
3,30308911388000
1,30313948429300
3,30314008042000
2,30316159545900
4,30317925834100
3,30319359888000
4,30321576082300
4,30323084340500
3,30324031083700
2,30324324184300
3,30324513933400
1,30324728786800
4,30324956861800
1,30325659597600
3,30326079194500
2,30326079264500
4,30326375468300
3,30326809926600
1,30327896770800
3,30330911924100
1,30333145071000
1,30334411589600
4,30334877213100
2,30336031257400
4,30337173419600
4,30338568237400
1,30340139714600
2,30340495067500
2,30342395395300
1,30342414076700
2,30343223829300
2,30344162134800
3,30344744860800
3,30344744985600
4,30345436520300
1,30345890223400
4,30346048894800
2,30348187402300
3,30350051991100
3,30350898253200
1,30351185891200
2,30352284267100
3,30353623080900
1,30353782736500
1,30354358347000
3,30355819213100
1,30356713867300
1,30358103573500
1,30358578664200
2,30358827188600
3,30359362819900
4,30359969901200
2,30360087860900
2,30360309762100
2,30360310158000
3,30360905103700
1,30362028649800
4,30365993290400
3,30367255467300
2,30367616754800
2,30367690845100
1,30368412005200
4,30371952179400
4,30372740811700
2,30372767648000
1,30372815650400
4,30374508685400
3,30375756146600
2,30377292204900
2,30378124461300
4,30379677064000
1,30380492495000
2,30383943863300
3,30386300947900
1,30387066220000
3,30389549338700
1,30390107560400
1,30391072989600
1,30391741895800
1,30392184396700
3,30392657316900
1,30393080147600
3,30396033109700
4,30399259442900
3,30402370908000
2,30402708826100
2,30403077744800
1,30403452996100
3,30404536446600
1,30405291555000
1,30406708007800
1,30407947601000
3,30410736726100
2,30410829619100
3,30414032020000
1,30415393797700
2,30417077331900
1,30421077606400
2,30421186468300
3,30421320519600
2,30422953653800
2,30422961161600
3,30430584756700
2,30431299210100
3,30431755165100
2,30438021985800
1,30443947071800
2,30444860854500
1,30446770532700
2,30447521451700
2,30448639121400
3,30450215167700
2,30450745941400
4,30452034458300
2,30453891459100
3,30455330597300
3,30455504182200
2,30456738834500
2,30460808240900
2,30461818662800
1,30463918673100
3,30465656601300
1,30465983516200
1,30467258512500
3,30468686436100
2,30470089193100
4,30470721668400
1,30474581218300
4,30477676913200
3,30481172404100
1,30482529613800
1,30485161707000
2,30485384691700
3,30485707815000
2,30486218195100
1,30491398604100
1,30491767190800
2,30494122031000
2,30495202640800
2,30497227664800
3,30500029250100
3,30500874197300
4,30501308903500
2,30502239857400
2,30502381076100
1,30502644458400
3,30504120672000
1,30505454286200
3,30508870718100
1,30512103571000
2,30514567024300
2,30515302600300
4,30519053076100
1,30521943711400
2,30524000567800
2,30524934440200
3,30526807793800
2,30530921712900
4,30531373658200
2,30531528717800
4,30532245530600
1,30536587901700
4,30537103440900
2,30538018237200
4,30544138525000
3,30547812151700
2,30553006511700
1,30555595487500
4,30556213706200
1,30558982553000
1,30559393735200
4,30563270179500
3,30563775592000
3,30563775750100
2,30565715898900
4,30566526030200
2,30567522092800
4,30567557646800
2,30567765226800
4,30568121391800
2,30568506046500
3,30570405932200
2,30571031704800
4,30571329613200
2,30571613491700
1,30571780947600
4,30573175890700
3,30574158891300
1,30574425602600
2,30579475183200
4,30579914626700
4,30579914677300
2,30580252301500
1,30580368955300
4,30580966699200
3,30583962989200
4,30584059052500
1,30584460005500
4,30584524493300
4,30584524931900
1,30588817814900
2,30589039202200
3,30589111009200
2,30590631933600
2,30593464225000
2,30594558263000
4,30595517764000
3,30595641946700
2,30596130430900
3,30597619363700
1,30599729189200
3,30601555349900
3,30603150351400
4,30603257019200
3,30604300393800
1,30604451434900
1,30605189294500
4,30608709958900
3,30608766713000
2,30608963462700
3,30609242023400
3,30609281666500
4,30611716217900
1,30612130145100
1,30612353819200
3,30614118372300
3,30614647372100
3,30616945205200
4,30617202511900
1,30617239680300
3,30617875231000
2,30618027443900
4,30619550788100
1,30619644124400
4,30620163188900
2,30620741864500
2,30624064140700
3,30626703457600
1,30626846769700
2,30627495682600
2,30627495810700
3,30628218773300
4,30628949957300
3,30631135923900
3,30632335717100
1,30632492734100
1,30632544145300
2,30633525454300
3,30634011422000
2,30635765174500
4,30639870239200
2,30639993571500
4,30641002459600
1,30641635078300
1,30642236037500
2,30647426819500
2,30651944169600
1,30653394062200
2,30654133008400
1,30655493464200
4,30658070791700
3,30660895873100
2,30662358235600
2,30663431415600
2,30664466267900
3,30666159310500
3,30669104047400
3,30670295560400
2,30670846011200
2,30672184643300
3,30672888442800
2,30674624380100
1,30679156210300
4,30679197321900
3,30679349431100
4,30679539602000
4,30679904632100
2,30680149355000
2,30680792574200
1,30681937913900
4,30684180114500
4,30686359391500
4,30687307880700
2,30687379278700
2,30687570958900
2,30687620120200
2,30688266930800
2,30688620460600
1,30689335650900
4,30690459560600
1,30697398227700
4,30698029478600
4,30698130348400
4,30701121377400
3,30701121480300
2,30701539471200
3,30702612455800
3,30704614487300
1,30704618858500
3,30706103290100
3,30706589184800
3,30707352902200
3,30709266784700
3,30709266785900
3,30710166852400
4,30711326698000
4,30711501132200
3,30712893707600
4,30712942203600
3,30715209626700
2,30717909106100
1,30719963137000
2,30721551616500
4,30721762093100
2,30722832776600
4,30725492755200
1,30726724115900
3,30727453744500
2,30728118514600
4,30730402746900
2,30730857307300
4,30731749475700
1,30733039635900
4,30734328204100
3,30735579049200
3,30737520346300
1,30741510251800
1,30741579808700
2,30742574544200
2,30743339315000
2,30744661493000
3,30746768813800
3,30747757701200
1,30748736804900
2,30751939428800
3,30752260816000
1,30752274077200
4,30755811459900
4,30758267465000
4,30759534397200
2,30759953129200
3,30760423605000
3,30764512957300
1,30764938492100
1,30766344934100
4,30770211428800
3,30776919409600
3,30777121079500
4,30778374498600
1,30781417700000
4,30783009200100
4,30785971046200
2,30789565992200
3,30789595712200
1,30789648510400
2,30791654865800
2,30793511898400
1,30793954372700
1,30793956952000
1,30794082003200
3,30794477771200
3,30794554331700
4,30795182222800
4,30799319050300
1,30799892509300
1,30810433751400
3,30811697804200
3,30811703727600
1,30814062550700
1,30814276689800
2,30814907768800
4,30816090973200
1,30817084961600
1,30818711183300
2,30820119993800
1,30820333812000
3,30820334234800
2,30820371827600
2,30820820260800
3,30821081034800
4,30823748925900
1,30824443223500
3,30824656489600
2,30825558149200
4,30826722391500
4,30826960423000
3,30827836750300
4,30829532645700
1,30830084660700
4,30830485828400
4,30830734340000
1,30830742552600
3,30831497393200
2,30832053066000
3,30832781880800
3,30833497052200
2,30833517527700
1,30834688873900
1,30834786489100
4,30836154790700
1,30836633912300
4,30838779523500
2,30839348494600
3,30839701613500
3,30843241189700
1,30843295852700
2,30846153507700
2,30846201632400
2,30846201793400
1,30848077284500
4,30849608697400
1,30850948241000
4,30851230778000
3,30853953567600
3,30856552747300
1,30856915199700
3,30857861941000
3,30861294927100
4,30862155821700
1,30862812690400
1,30864811522000
3,30868788164600
1,30869991400000
1,30870385491200
4,30870858159900
1,30871135058000
1,30871650345500
3,30873403756400
4,30873615915400
1,30876056312500
1,30877191323700
1,30881908997200
1,30882553050300
4,30886801554700
2,30887698152100
1,30888005669600
1,30888306709600
3,30891798456000
2,30892254644900
1,30896734960000
1,30899066696500
1,30899290603000
3,30900050652400
2,30900459668500
1,30900708656800
3,30900765713600
1,30901036204500
4,30902592589100
1,30903822454700
4,30904174886300
4,30904725975300
1,30904770994500
4,30904846484600
1,30905836491400
4,30906430377600
1,30908994474900
2,30909185913800
1,30910860467000
1,30911855470300
1,30912760754700
1,30917508038900
3,30918107681200
3,30918156974200
2,30918189881800
2,30920841330000
4,30924408624900
1,30927555663600
1,30927608804500
1,30927959062000
4,30929890556100
1,30930798762400
1,30931782352500
4,30932208209600
3,30932675211000
4,30933514332400
2,30936288518500
3,30937034740600
2,30938382374500
2,30942894576800
2,30943052316200
1,30943434042300
4,30946863203700
2,30947320800900
2,30949981150600
4,30953205587500
1,30954874523600
2,30955317189200
4,30957483441100
3,30958329548300
1,30958576673000
3,30959718914500
1,30961381446900
4,30963517814300
1,30964332128100
1,30964504701500
4,30964747092600
1,30965179334300
1,30970581062600
3,30971377832100
2,30971882894400
3,30972235844900
1,30974675157900
3,30975609964800
4,30977137335000
2,30980158513700
2,30980328508300
2,30983132451600
2,30985246976700
3,30985310191000
3,30987728328300
2,30989727742900
2,30991920484100
4,30991983333400
1,30999474158200
3,31000430291200
4,31000637875400
1,31001297875900
1,31001568023900
1,31001568098500
1,31001608566300
4,31002115798100
3,31002777543000
1,31005963647500
2,31009413056800
4,31009439978000
4,31010201829700
1,31010631294200
4,31013908004900
3,31015955123800
2,31018532803900
1,31019835219500
3,31020479338300
3,31021618405000
2,31023089919900
4,31023347441100
3,31025827347800
4,31026691144400
2,31028561010800
4,31029297323100
2,31030184679100
2,31031045140300
1,31032481823300
2,31035136510600
1,31035358092100
3,31035358389900
4,31036432695500
3,31038331888900
2,31040580030000
2,31041272572600
2,31041747175500
1,31042238886300
1,31042736200900
1,31042902176000
2,31043563053300
1,31044010490100
2,31044383457400
4,31046241145500
4,31047399725200
4,31048004750600
3,31048401308900
3,31048401442600
3,31050477801000
4,31051515735100
1,31051970986600
3,31052834898000
1,31053793754800
4,31056732093400
2,31058580275100
2,31059573522300
1,31063039017600
4,31064567741400
3,31065644610700
3,31069478320800
4,31070308663100
2,31071246005800
4,31071691343700
2,31077780200900
2,31078125283800
4,31079144934600
4,31079248102900
1,31079366147200
2,31079474462500
2,31080371823200
1,31085260161600
1,31085329134000
2,31085506935200
4,31087156016800
2,31087347424000
4,31092404526200
3,31093832761600
2,31096042268600
1,31096824297800
3,31098729130300
1,31102303144100
2,31103087443100
1,31107592084300
3,31108632174700
4,31111681082300
3,31114231946500
2,31114631465000
1,31115593776800
2,31116582271300
1,31118159786000
4,31120238760600
3,31120258996100
1,31120259039100
4,31121883398300
4,31122243914300
3,31123920932200
4,31127388377200
4,31130260905800
3,31133658811900
3,31133802041200
1,31134052292200
3,31134591361800
3,31135629801400
4,31136218494900
3,31138300629600
2,31138858589000
3,31141346389400
2,31142495819300
1,31143917481100
2,31144481214000
4,31146573112100
1,31153583254900
1,31154248678300
1,31156114282500
2,31156245789700
4,31157701981800
2,31158038508800
4,31158324816000
2,31159994295600
3,31166863004100
2,31167183399100
2,31167534308700
4,31167794108000
2,31168659133500
2,31168685191800
3,31168816775400
2,31171279513300
2,31171288970900
3,31171329086900
4,31171561708300
1,31171621683900
3,31172296820500
2,31172532046500
4,31174014945500
2,31175280351000
1,31178808480800
4,31178943841200
3,31181079219200
4,31182097589700
1,31185483944800
2,31186895204300
1,31187557521100
4,31188773578500
3,31189038653800
2,31189041762900
1,31189383862400
1,31190758470700
3,31191667072700
2,31195224335400
4,31198089304200
3,31198885711900
3,31199753541600
4,31200787890700
4,31202055509900
4,31204236491500
3,31205135379700
3,31208138143100
2,31210405806900
4,31210946769100
1,31211520282200
1,31211699586100
3,31212928953000
4,31213208489800
4,31214976589000
1,31215513784300
4,31215513881000
1,31217079401200
1,31218585951200
3,31219605928000
3,31220426051700
4,31220508919800
4,31220898850000
2,31222673742900
3,31227097115500
3,31227497604700
3,31228168936900
4,31229638904600
3,31231797170500
4,31232243428700
1,31233486451900
1,31233539606200
2,31233671152500
1,31234236087400
3,31236523824500
4,31239348759500
2,31239517374600
2,31240928049800
1,31242226176800
3,31242652552600
2,31244798396800
3,31245294446600
1,31245333558000
4,31248079619000
1,31251428739800
3,31252408722100
3,31252512902700
2,31253611221100
1,31256507575500
4,31256918447300
1,31257120558200
1,31257478294700
2,31257776901900
4,31258569730700
2,31258569813100
1,31259448942800
1,31261317154100
4,31261854300800
1,31262040634200
1,31264387804100
2,31269930001400
4,31272153546200
2,31272251008000
2,31272690272800
2,31275616906300
3,31278232209300
2,31278613178800
4,31279084649200
1,31282129454900
3,31282303671700
4,31282884784700
1,31283004415700
3,31284090499200
4,31284663810100
1,31284784570900
4,31284954228400
3,31288034467500
4,31289705585200
4,31289780184600
2,31292203870800
2,31294635188000
3,31294763573000
1,31296495109100
2,31298212906800
3,31299244693500
1,31299506702500
3,31299743177500
1,31302498442300
1,31302671510300
2,31303462180900
1,31305281858900
4,31306005085800
1,31307571624200
3,31308507539200
2,31308881083000
4,31311598970400
4,31311599005100
4,31311737075700
3,31311919787700
3,31313145890600
2,31313838602300
1,31315153761600
2,31316077021300
3,31316322187900
4,31316761427600
1,31316958288500
1,31317919656300
1,31321896178900
4,31322055841300
4,31323004271700
1,31325361683200
3,31325498990500
3,31330377878700
1,31332088820300
3,31332541163100
3,31333447167100
2,31337572775200
4,31342377162300
3,31342809562200
3,31344255146200
2,31344517780600
4,31344521714000
2,31344623887700
1,31348860161800
1,31349064948300
2,31350048548600
4,31355141307600
1,31360394643500
4,31361071717700
1,31361421272400
4,31362340696900
2,31363873689600
3,31366104499800
3,31366172708600
2,31366204927400
2,31366820855500
3,31367138667000
3,31367362959800
2,31368638026200
3,31370768640300
2,31370814056000
4,31371135454000
1,31373129838300
4,31373759906600
4,31373977075500
1,31375628586600
3,31376534094400
3,31380333100400
3,31380727389300
4,31380786009800
1,31383776323900
4,31384279135200
2,31388697379800
1,31389838223700
1,31392356355400
3,31394198416000
1,31394235106600
4,31397182459700
2,31399362688900
3,31399430798500
2,31401310233000
4,31401680061500
2,31407619090700
2,31407692574200
4,31408115394500
4,31408531151800
2,31410759655400
1,31412483457800
4,31413854723300
4,31416915592500
2,31417149213200
3,31421174536800
1,31424601190400
2,31426431886800
3,31427929201500
3,31430532092700
1,31431232763400
2,31434551285300
2,31434689235600
1,31434796154300
2,31436556682900
2,31436714824700
3,31437916193100
3,31438085296500
1,31439701912800
4,31442828149000
4,31444551902800
1,31446309468900
2,31446899113500
1,31447151103200
4,31447965160600
1,31448193035700
3,31451044100600
4,31451411936900
4,31453819647100
4,31454421132900
4,31456298578400
2,31458921427800
1,31460427337000
4,31462784877800
2,31463124316100
2,31463465307500
2,31463592779900
2,31464307599000
3,31469167502600
4,31470133086700
2,31472091630000
2,31472672164000
1,31475281842600
4,31477128712100
2,31477490700600
2,31477968944000
3,31479082770200
3,31479199688500
2,31480160115100
1,31480480845100
3,31483712787700
2,31485086441100
1,31485292976200
4,31485502471700
1,31485817724400
1,31485943541700
3,31488388802400
1,31490229813700
2,31492838561700
2,31496148264100
4,31501009205600
1,31501518452100
2,31502223140400
4,31502447346000
4,31503977003500
4,31504069192500
4,31506878831400
3,31510079586300
1,31511612867300
4,31513764163200
1,31514252667900
4,31514945629000
4,31515196268300
3,31517372023100
1,31517381893000
2,31517528099600
1,31517925507700
2,31519640033100
1,31519680713300
4,31523145169700
1,31523348245900
2,31526082896500
1,31526291331900
4,31526773598300
1,31528014872500
2,31529563817300
2,31529825146500
4,31532219974400
4,31532856993500
4,31534416485300
1,31536905618600
2,31536929185100
2,31538471870100
2,31539497363800
2,31539823939300
3,31544306308900
3,31545099005300
4,31549026596900
4,31553983840000
4,31554752923800
3,31556379561500
1,31556852837300
1,31556954158800
1,31558937781400
2,31559449240400
4,31561291608600
2,31561753036800
4,31562101259900
4,31562354159500
2,31563500387100
3,31565549084300
1,31571034399900
1,31571246617600
2,31573645194800
1,31575923015800
1,31577096220500
2,31577437242900
4,31582965165500
1,31583252296200
2,31583350336800
4,31583364693100
2,31584601977700
2,31584829338900
3,31588197753700
2,31589487048200
3,31590103807900
4,31590543062500
2,31593914734200
1,31594696330600
4,31599241779700
2,31599597369300
1,31599748713900
3,31600394729600
1,31600922016500
3,31602443084000
2,31606123404900
1,31607578972100
4,31607778629800
1,31611718282800
3,31612436805100
3,31614991711700
4,31616258812000
1,31616900442800
1,31617388705600
4,31618754688800
4,31623114921000
4,31623666838600
2,31624686239500
4,31625345859800
3,31627499530400
2,31627788552100
4,31628251818400
1,31633924689700
2,31634421264100
3,31636004219000
1,31636425454600
2,31640453707900
4,31640896342900
2,31642077412500
4,31642931170000
2,31643310576000
4,31644143270300
4,31644961482500
4,31645214167800
2,31646901860500
2,31649709602700
3,31650540672400
4,31650546053700
3,31650705973400
1,31650897334000
3,31654703986400
3,31654704278500
2,31655181355800
3,31655927574000
3,31657766973900
1,31658022637900
3,31658682165300
2,31660270861700
4,31661380011800
2,31661795301300
2,31662025202000
1,31662808174400
3,31663685805000
3,31664607494800
3,31665468464800
2,31665471762200
2,31667886855300
1,31668483251200
4,31671070630500
3,31675160951300
3,31677997809300
4,31678931897600
3,31679335684800
3,31681254118900
3,31681626230900
2,31682915960500
1,31684430720300
2,31688792600000
1,31688855153400
1,31693006363500
2,31695109729000
3,31695459775300
1,31696746351600
3,31697370722400
2,31697937255100
1,31699925950700
1,31700208244500
1,31700595397400
4,31703730164100
4,31705203656200
4,31708153510300
4,31708225724000
1,31708769199500
2,31710048558400
1,31712024180200
2,31715833043100
2,31716398498100
2,31717878572900
3,31719575251600
4,31721231618200
4,31722105143000
4,31723308033500
4,31723308239900
3,31723872184300
2,31724032525600
4,31725135979800
1,31727848695800
4,31731506260200
1,31732653091400
3,31735381597100
1,31737948382300
4,31740223267700
1,31741040525400
2,31742702633900
1,31742912754900
2,31743872973300
3,31745032052300
2,31745234759600
2,31747654773300
3,31747901670400
2,31749469885800
1,31757657589800
1,31758256817000
1,31758401260500
2,31760997501500
1,31761884962800
2,31761921571700
3,31762117632500
1,31763235665000
2,31763792973900
1,31765147379200
1,31765821979500
2,31767202045200
3,31767963092900
2,31768858142100
2,31770924495700
3,31772570028300
2,31775113095600
3,31780775793100
1,31781239530000
4,31782166858700
2,31783003725000
3,31783782921300
3,31784016944400
4,31784065983100
3,31786539897000
1,31787379749300
3,31787419989100
4,31787596032400
2,31787596899900
3,31787613918200
3,31788686833500
3,31789164416300
1,31789432978700
3,31789517003500
3,31790338591400
3,31791052627900
1,31791880135200
2,31792045426800
1,31795268626900
1,31796152323200
1,31801979235500
2,31802549092100
3,31803359774000
4,31803863730000
4,31804348458200
4,31804779736900
3,31804888634800
2,31804993666400
1,31809289618100
4,31813385516600
1,31815074277100
2,31815123357500
2,31815554886800
4,31819251060300
1,31820720498400
1,31821121475900
1,31821273172300
2,31825318294000
2,31826962559100
3,31827162019200
4,31832380787100
3,31834320624300
4,31835778858300
2,31838594172500
4,31839606060000
3,31839795958000
3,31840844982500
3,31843053949300
3,31843220308400
2,31843261189500
1,31843603272300
4,31844228955500
1,31844741552000
2,31845889753800
2,31846029139100
4,31847750031100
4,31849350248800
4,31851600517700
4,31851757072400
1,31853436222600
4,31854202732700
1,31856172479400
4,31856294729000
4,31857252098000
2,31859421406300
1,31862968944600
2,31864536318500
2,31866653962400
1,31867420504300
3,31868178218900
2,31870939666000
2,31871138439100
4,31872193969100
3,31873620264000
2,31873815994800
2,31880258920200
3,31880584050500
1,31880593050000
4,31882752232100
2,31882908251400
2,31884604087900
4,31884697819600
2,31884729254300
1,31887677633100
3,31891781776200
1,31892238064100
1,31897026647600
3,31900896681600
1,31902251447800
2,31903503221300
4,31904410041900
1,31904461058100
2,31905134607700
4,31905155325300
1,31907814193100
4,31912199550800
3,31913286704800
3,31913946399100
1,31917246232000
1,31917761610100
3,31919162909300
3,31920418704700
2,31920978736600
4,31922453294800
2,31924278365200
2,31925130802800
4,31927323873400
2,31927374563400
3,31927515705000
1,31928098198700
2,31928293761200
4,31929517556900
3,31931543908900
3,31931543971900
4,31934159311300
2,31938844095600
3,31939122504500
3,31939122591800
3,31940239969900
1,31943570239100
2,31946749051700
1,31947173522400
3,31948451528300
4,31949235955400
4,31949623452900
2,31950000871200
2,31951075871200
3,31954324142200
2,31955121881100
1,31957507204800
4,31958130355200
2,31959091026500
4,31961990217900
1,31963463557400
2,31969743789500
1,31971016022200
4,31971830694500
3,31972164673200
4,31972833663900
2,31974349835700
3,31974631346800
2,31977721253800
3,31977783944700
2,31978131858300
3,31978644298200
3,31979989715800
3,31981053862900
4,31981241824200
1,31981241979000
1,31985996766500
3,31986567489500
1,31989833848100
4,31991478039900
2,31993819945500
2,31994715195800
4,31997431744200
3,31999239516100
3,32001189845900
3,32001782462200
4,32002260703800
3,32003800271400
3,32004407887200
2,32006002570800
4,32010658125200
4,32012559961600
3,32017035266100
1,32017173914200
2,32020405804500
1,32020961752000
4,32022731664100
1,32022770837400
2,32024285411500
4,32026784308200
3,32028589934300
2,32031311422700
4,32032049089500
3,32032962874300
2,32033729927200
2,32034344752900
4,32037138256900
3,32038436029300
1,32038555134000
1,32038762282500
1,32039041833700
2,32040913149900
4,32041631932600
1,32044425850000
2,32044426399200
4,32045765969900
4,32045821096000
2,32046891099000
2,32047133599400
4,32048172802700
1,32048476621700
3,32049090025700
3,32049772729800
2,32051945870800
2,32052839667300
3,32053806179600
2,32056636133800
2,32058024427600
1,32060065128700
1,32060363675400
3,32062417721900
4,32063679389200
1,32063991206800
1,32065821132200
2,32067486923400
4,32067497269800
4,32067830948600
2,32068842912300
1,32071491972400
3,32072079042200
1,32072152085100
1,32074106746600
3,32074222857500
4,32074438465200
1,32074567987800
4,32075547837700
3,32076983187500
1,32078566549800
1,32078566676200
3,32080451354400
1,32081885936900
2,32083070548500
1,32087070470600
2,32089957985200
3,32090793138100
3,32091559509200
3,32091732287800
2,32091770755000
3,32092280162800
3,32093173864200
2,32094013956000
1,32094497310500
4,32097981407300
3,32099404699900
2,32099625101200
2,32100997696700
2,32101668220700
1,32107318320400
1,32107789780700
2,32109762864300
4,32110172128000
2,32111573651700
1,32113485781200
4,32114225806900
1,32114344276400
4,32116110947200
2,32117034879900
3,32117034884900
1,32117926914900
1,32119384683300
4,32119845083000
2,32120304531100
2,32120711379600
1,32121306441900
3,32121369500000
2,32121835103400
3,32121835210400
3,32122579200500
3,32123376230100
1,32123647079500
1,32124543113000
4,32124825319000
3,32125226790400
4,32126739622900
4,32127311019800
1,32127769870200
3,32129736876500
3,32130446354100
2,32130744508400
4,32131645688300
3,32131741142600
3,32132454622700
1,32134973281000
1,32135291392200
1,32135981158100
2,32136999965100
3,32137371185100
4,32137755095600
4,32139360853000
1,32142281717500
2,32143135744200
3,32143484760200
1,32143591137700
1,32146864038600
4,32150117184300
1,32150636569900
4,32152876005800
2,32156487299400
2,32160694106900
1,32164781107400
2,32165806137300
2,32166087182200
3,32168142737100
1,32171070702000
4,32171770005700
4,32174595882400
1,32174614446700
4,32175353367700
3,32175369914600
1,32176160809300
2,32176342451900
2,32179706199100
4,32182692329900
4,32183797769200
1,32185512649000
2,32186152215000
1,32187433748300
1,32187979817500
2,32188155629400
4,32188497248500
3,32189679984900
2,32190123181700
4,32195413405600
2,32195850139700
4,32196134523100
4,32199908155400
2,32202342772400
2,32203990619500
2,32206035820500
4,32207041657000
1,32207201887900
4,32207536909800
1,32207646338700
2,32211718123600
1,32212220004200
3,32212485106800
2,32213147663400
1,32213505514500
3,32213577523300
4,32216033227100
3,32219124406600
2,32219913914500
3,32220051869300
3,32220411316000
1,32220781390700
3,32222473001200
2,32222960520500
2,32223814209400
3,32224357599900
1,32225914657700
1,32230706038200
4,32231367061900
4,32231472696000
4,32233109002700
2,32235313897100
4,32235439825800
3,32235897195900
3,32237765911200
2,32238168395800
4,32240493076700
2,32241403976400
3,32241717667000
3,32249601847000
3,32250564079100
3,32251088871000
1,32251088948300
3,32254032584600
1,32255073952500
4,32258022128500
1,32259096924500
1,32259275336400
1,32259351007600
1,32259668705900
2,32262279801100
2,32262296699100
4,32265714049600
2,32268110107100
3,32268228154100
1,32270149813700
3,32271511329400
1,32272735402600
3,32272754030200
1,32274538327900
2,32276007635300
1,32280315051900
4,32281757507300
3,32283136647800
3,32283352680100
3,32283817257000
3,32283920981900
2,32284596281700
3,32287988606600
4,32288821501900
2,32289633210700
3,32291336436000
1,32292655041900
4,32294366398500
3,32296932755200
4,32297824539000
1,32298642976700
4,32300551527800
4,32300551617300
4,32301302830400
2,32304690352200
3,32305282307700
1,32309832268300
1,32309948559800
4,32313661225500
1,32316789089100
1,32318539624000
3,32319044348700
3,32319981660600
1,32320211456500
1,32321458768600
1,32324371511200
3,32324696457000
2,32324839035600
2,32325758733400
1,32328175308700
3,32331048284200
3,32331265750900
3,32332353526100
1,32332530780400
3,32332763711600
4,32334433543300
1,32334698692500
3,32335021468800
3,32335022064300
1,32337027566300
3,32337096904800
4,32337565549300
1,32342128687600
4,32344024581700
3,32344568531200
4,32344920490800
1,32346115155200
2,32346442309500
1,32347589100100
4,32348033451200
1,32350490467200
3,32351884323600
1,32352876548800
2,32352951517700
1,32354001484900
3,32355145631000
3,32355832584500
4,32360652342500
2,32361672934600
2,32362204297300
3,32363209442800
3,32365211783900
2,32365753725400
4,32366570628000
4,32370740054000
3,32371742287000
2,32372870058000
2,32372915459000
1,32373187079400
4,32373644154300
3,32374780387300
3,32375257983200
3,32375922896800
3,32376597595600
3,32377311063000
4,32377956838900
4,32377996528600
4,32379109833200
3,32379927618100
2,32381589769600
4,32382149087700
4,32384994308800
1,32385444463000
1,32386675674600
3,32388637145300
3,32393871837800
4,32394028621000
1,32394140582000
3,32397101770300
4,32397139731000
3,32398251721300
3,32399908304100
3,32401307796300
2,32401308121800
2,32406336943000
3,32408157672400
4,32410841950000
2,32410910374700
1,32412867951700
4,32413823965200
3,32414966887100
4,32417075509900
2,32417928928200
2,32419632676400
4,32420034550800
4,32420347677100
2,32420851535600
3,32420986152300
3,32421007606800
4,32421156528400
2,32422581420800
4,32425413294100
2,32428146754500
4,32429609758200
3,32432424025200
2,32433532072100
4,32435983956300
2,32436225572400
2,32436552577100
3,32436961887900
4,32437648004000
4,32438101019400
4,32443080534700
2,32443552782100
3,32446240984500
4,32447756301700
4,32448624906800
3,32448852178200
1,32449186041800
3,32450198447200
3,32453201012000
1,32455689077200
1,32457900424500
1,32458357678400
3,32460206218300
3,32461456994100
2,32462173026700
4,32462869874300
3,32463646138800
1,32465810863400
1,32468963790300
2,32469241050300
2,32470502933100
3,32470503571600
4,32471951962900
3,32478042848800
1,32478128072400
3,32478899714400
1,32480810272200
2,32481895587500
2,32482691311200
1,32485190798100
1,32486185579200
3,32486367755200
2,32489618555800
3,32490209752000
1,32491225634500
2,32492391029400
4,32492559075500
2,32492925485700
2,32494650142900
4,32497512685700
4,32499403698200
2,32500139756100
1,32501965385200
3,32503100666000
4,32504323106700
1,32506325814000
2,32506824362900
2,32508568039800
1,32512881993500
4,32513075412300
2,32513491744300
1,32515340037100
2,32516067937100
4,32517207682400
1,32518241139900
1,32519017786500
2,32520744490000
3,32523735802200
2,32526107314200
4,32526447991600
2,32526448051600
3,32526553354300
3,32526986770500
4,32528887560800
3,32529506512700
4,32529705397300
1,32532544789200
2,32534165133400
2,32534224799600
4,32536356171300
4,32536371185300
1,32538058906100
2,32538058965000
2,32538445630800
2,32540883308100
1,32542276516900
1,32543992763300
3,32545280493400
1,32547167947500
1,32547961883900
1,32550738542900
2,32551473122700
3,32551581337800
4,32553087720100
4,32554056877100
3,32554165806700
2,32556954165800
1,32562625869400
2,32563167081100
4,32564672214800
2,32566024522700
2,32567360778300
1,32570293378100
1,32572949037500
1,32577291665400
2,32577324218300
3,32577664694500
4,32578013929100
2,32579639533400
4,32580296237000
3,32581890674800
1,32582995614500
3,32585180091000
2,32585581225900
3,32587261037100
1,32587916450900
1,32589652282000
2,32590458451200
1,32592783586600
1,32593891998300
1,32594452378400
2,32594653808400
4,32594920763000
2,32595744351500
4,32598598212200
2,32600577178400
1,32604285917900
1,32604516875400
2,32605598552300
3,32610331267400
3,32612849091700
1,32615415599200
4,32620471350900
2,32621935481800
4,32622537035000
2,32624978883700
4,32625648504000
1,32626225640900
2,32628679058300
3,32629733301800
3,32634142968900
1,32634361494800
4,32634433213900
1,32634821852700
3,32636183195800
2,32637073190600
2,32638516906000
3,32639019224600
1,32639053575900
1,32640922395400
1,32642326189500
2,32646608362900
4,32648917910700
3,32652428071900
1,32656197241600
3,32657036250600
2,32657873846000
2,32658685200000
3,32659666084400
4,32661494345100
1,32661597453400
1,32662947500000
4,32663724214500
2,32664709501100
2,32666154573100
3,32666863613300
1,32668225784800
3,32668483841800
2,32668551001200
4,32668637844500
4,32668841003000
4,32668964759700
3,32668964807300
3,32670077771300
1,32670367771200
1,32671130448500
1,32671502551300
4,32671931291600
2,32673504553900
1,32673975091300
2,32675176974900
1,32675642645100
1,32675700508900
1,32677243654100
1,32678664072200
3,32682994233400
1,32683553758600
4,32683731300700
4,32689692539400
2,32692483069000
2,32693104004100
3,32693511023700
4,32697488256100
4,32701279701500
1,32701470064400
2,32702645878300
2,32703262744400
3,32703543809500
1,32704171346800
1,32704342332400
3,32704885393500
2,32705007364300
4,32705510710400
2,32706283721700
1,32706536330400
1,32708202326600
4,32709105767300
3,32709312586300
3,32712947897100
1,32713390486100
2,32715499462000
3,32717922058100
2,32720275368100
4,32723695111600
2,32726601552500
2,32728569723500
4,32728834375700
3,32729193741800
2,32729393707300
3,32730790527200
4,32737573868600
4,32738884909600
3,32739331614300
2,32739954108800
4,32744080368000
1,32745406319000
2,32746885664000
3,32748562038800
4,32748978030000
3,32749185684000
3,32751024407400
4,32754380821200
2,32754598284100
4,32757207977500
1,32757283151100
1,32757283194900
4,32760762948300
2,32762424469800
1,32766607253700
1,32767339879200
1,32768618721800
4,32769293011700
2,32770353064500
3,32771806952200
3,32772176683200
3,32774344256500
3,32774527924100
1,32774875014600
2,32775218211100
1,32776660018800
4,32777243569900
3,32777409984400
4,32778444885300
4,32779648127400
4,32782924208500
3,32783555282200
3,32785396003500
3,32785600285700
4,32787287684100
1,32789163470400
4,32791213367300
1,32792373266900
3,32793908377200
1,32793943921000
2,32794599699400
2,32795999849100
2,32797605801400
2,32800102962200
1,32802604645200
3,32805026273200
1,32808722370300
3,32812521890200
2,32812971715700
2,32813483990700
1,32814182606300
3,32814785092000
1,32816810392800
3,32819480116600
2,32820022944300
1,32820632488200
1,32820928598000
4,32826433914400
3,32828794695900
2,32829479176900
1,32829620963000
4,32830289370400
4,32834631669200
1,32834892811500
2,32834931257400
2,32835614197000
4,32838151001200
1,32838406832600
1,32838507507600
3,32838786737800
1,32839389198600
3,32842007362500
4,32842890245300
1,32843502888900
3,32843531874600
4,32848337239400
4,32852496869800
1,32854704677400
3,32855150398900
4,32857089442700
1,32857681018900
4,32857684844900
1,32859207631900
2,32859799693700
1,32861209493400
3,32861706931800
2,32861970595700
2,32862908522000
2,32863805211900
3,32865518923600
1,32865975343200
2,32868655659800
3,32869380435800
3,32869613872000
4,32869876263500
1,32869956551600
4,32873214616300
2,32873921819400
3,32876276511700
2,32876664525000
3,32876789701000
3,32879458780800
2,32880458759000
3,32880808096100
1,32882258317100
2,32883034208100
1,32883573633700
3,32885613913500
3,32886124592100
3,32888859847000
1,32889786446400
2,32891066741200
4,32891179723400
3,32891422168800
1,32892496788800
3,32895699895300
1,32897760569800
2,32898663153100
1,32898779037000
1,32899719546300
3,32901627011400
4,32902596765200
1,32903678847300
4,32904035702800
1,32907848945700
1,32911687465900
3,32913527633800
1,32916489272300
4,32918292770400
4,32918681826000
1,32920513318700
2,32921343693600
3,32921460455000
2,32923600506700
1,32930362496200
3,32933252249400
3,32933831338100
4,32936362724100
1,32939641849700
2,32943049113600
3,32944485654800
3,32946100907500
3,32950167687100
2,32950797044900
2,32951733807600
3,32951964822200
1,32952223568600
2,32953962175800
1,32955263018700
3,32955379673400
4,32956736715300
1,32957770607100
3,32960586794600
4,32963672384600
1,32963741794100
4,32966100490500
4,32966433722000
3,32969326172000
2,32972055107700
1,32974004184900
1,32974842625000
1,32975034430600
4,32975495560400
1,32976617528100
3,32977954004400
1,32978607266000
2,32979768103400
4,32980861749700
2,32981787126700
3,32981787396700
4,32983081438200
2,32983873814300
3,32987428421800
1,32987916868300
2,32988811166500
4,32990815951800
4,32991915353400
1,32993541929600
1,32993626279900
4,32995458816700
1,32997746664500
1,33000782543100
4,33002514380400
3,33002971771600
4,33003865515700
2,33003865604600
1,33004294644000
3,33004774021800
3,33005893247900
4,33006061648100
2,33007363865300
3,33008544688000
2,33011741460200
2,33012845363000
2,33014204985500
2,33015138289000
1,33015664354900
1,33015845556200
2,33016334943600
1,33017993087600
2,33018880670100
4,33019073098300
4,33019135326800
4,33019877254800
1,33021243297800
1,33021864303000
1,33022561021600
2,33023484736600
1,33024025881000
1,33025181434500
2,33026522998900
4,33026695031100
3,33027419065200
1,33029779997500
3,33029780092000
4,33030072229900
1,33030695974000
2,33032149749900
1,33033097997200
1,33034351294100
1,33035469801200
1,33038468808400
1,33040243427300
2,33040544654900
1,33041873828700
3,33041971106200
4,33043057019400
2,33043519549600
2,33044306806300
3,33045429280000
2,33047072530700
4,33048131840300
3,33049673216600
1,33051470365000
2,33052111456500
4,33057253994100
2,33057374529300
2,33057375162200
4,33057597190500
2,33058278471900
2,33059041436500
1,33061202275100
3,33062436177000
2,33062522079200
3,33063587184800
4,33065892781800
2,33068435807200
2,33068748635000
4,33069204833300
4,33069562899200
4,33070530643700
2,33071502321100
3,33073316841900
1,33077087697100
4,33078100023000
4,33078935119400
1,33080279180900
4,33080959060300
1,33081652404200
2,33081763678600
3,33084051205800
1,33088438331600
2,33089362015800
2,33089513118600
2,33090043172500
3,33090442399900
3,33093360415200
3,33093505574200
1,33094032848700
1,33096412716900
4,33099226149500
2,33100230508300
2,33102041098700
2,33103535896800
1,33106346050000
1,33106831712000
2,33108343314600
2,33108897121100
4,33108993264200
1,33109648312600
1,33112173785000
2,33114077023900
2,33114936361000
4,33115012415700
1,33118044156300
3,33118678134300
3,33119812125300
4,33120551797400
4,33121453184900
3,33123813014500
4,33124925093700
3,33125211912800
2,33125440861700
3,33127260051900
4,33128229825500
3,33129199860100
4,33129875572000
4,33132413238300
3,33133618893400
1,33135247797000
2,33136080945300
4,33137961057800
1,33138920885800
1,33139643811700
3,33140115774200
4,33140722327800
3,33140785836900
2,33141322778900
3,33142121825000
2,33143625861700
2,33147344677100
2,33149295672600
1,33149396946800
1,33149988292800
1,33150514867700
3,33150840455200
1,33151487094100
1,33152004622500
1,33152648678400
2,33153916781700
2,33154001526600
2,33155486951100
3,33157168678400
1,33162316668400
1,33164456914200
4,33165050129000
2,33165710778200
3,33165797572600
3,33167147664100
4,33167570952400
3,33173714757700
4,33173878574000
1,33174611277800
3,33175137856400
3,33175216736100
2,33175520911100
2,33175566845400
4,33176243636000
4,33181933378400
2,33182841534000
1,33183255110600
2,33184204890900
1,33188286280700
4,33189267110700
2,33190061573600
1,33191739414800
3,33192489557000
1,33193570337700
3,33196295053700
4,33199071087800
1,33200702594500
1,33201148793100
3,33203765044000
3,33204151061100
1,33205394397400
3,33206117396400
1,33206367376700
3,33213363959100
3,33214208698900
2,33216427853800
4,33217126307500
4,33218018653700
4,33218374719800
4,33218561869200
3,33221410939900
4,33222769323900
1,33223486357800
4,33224070056300
2,33231298683500
4,33233099072600
3,33239090841400
3,33240405710300
2,33240673527000
1,33241041956100
1,33242795414800
4,33245400645500
4,33245741074900
4,33245774870500
3,33246496634300
3,33251944334500
3,33252427749500
1,33253581571000
4,33255127257800
2,33255699762200
2,33255771242300
2,33256201477900
1,33256447384100
2,33257259329300
4,33258087647800
1,33259809066000
4,33260886994900
1,33262011229100
1,33264404546700
2,33265599327700
2,33265667896600
1,33266431215600
2,33266610107600
4,33267442611500
3,33267942681800
1,33268349024300
4,33273662710500
4,33274150485900
4,33274150618300
3,33276701581300
1,33276870632000
4,33277397939000
1,33280002628200
1,33281626386600
2,33281791866600
2,33282141055700
2,33287164071700
4,33287975403900
1,33292245231600
1,33293310643600
3,33294801806300
3,33295300077100
2,33297595319900
4,33297812610000
3,33299244381200
1,33303900226600
1,33304246357600
1,33308686543700
1,33308768443700
2,33311011852000
4,33311194428400
2,33312359776900
4,33312673687400
2,33313707842100
1,33314052259600
3,33315941040700
1,33316323768900
1,33317290464000
2,33320014304800
4,33320279768900
3,33321165747700
3,33321616588100
2,33321709038700
2,33322097470900
4,33323224284500
1,33325119396500
4,33325357482400
1,33325732311000
3,33331926326600
3,33336111390700
3,33336111879400
2,33336249295500
4,33338915580800
4,33343823553300
1,33347542734800
2,33348300064300
2,33351949279700
4,33353405482400
3,33353951429600
1,33355362097900
1,33355893008700
1,33357238994200
2,33357871858500
3,33360937702300
1,33361625065200
2,33365734107000
2,33372545625700
1,33373094448300
4,33374005812700
1,33379881673500
2,33380081784800
1,33380912667300
4,33384971301300
2,33387440947000
1,33388494586800
3,33388670952800
1,33390101103400
3,33390895940100
3,33391304203000
1,33392559405900
3,33392755599600
1,33393370571500
4,33393966385200
3,33394869353800
1,33396580734300
2,33396580946800
1,33398791215700
2,33401821581700
3,33401843493300
2,33402477863200
2,33402776081900
4,33404096874900
2,33404368872500
3,33404407440400
2,33405906230300
1,33407335565800
1,33407358466000
4,33407426899300
3,33407573039600
3,33409457696300
4,33409571862300
3,33409844496100
4,33409962871800
3,33410038214300
3,33411080227700
2,33411398849300
4,33413325694100
1,33415703833400
4,33415998194600
1,33420515853900
2,33424334758900
2,33425194487500
3,33425680581500
3,33429989764500
2,33430462418500
1,33431074456100
2,33431993592000
1,33432094933900
3,33433176328800
1,33433193289500
1,33434555814100
1,33434706618200
1,33434828438700
3,33438270993800
3,33439474969700
1,33440981791000
2,33440996253900
3,33441379085200
1,33441765007900
4,33445498375200
3,33445911482400
4,33446312076900
2,33447736988100
3,33448839482800
2,33449676518200
4,33450829084800
1,33451623027400
2,33452190637000
2,33452286493100
4,33453553755600
2,33455088472100
3,33455806820900
4,33456819277300
4,33457265390200
3,33457940918000
3,33458470409000
3,33462270724900
4,33462530715500
4,33462631839600
4,33463097914600
4,33466213018700
3,33473340956800
3,33482347321800
2,33485497011900
2,33485647864400
3,33486907695500
3,33488905590800
2,33490676443600
2,33493920514300
4,33495189279300
3,33495541090400
1,33497619421900
4,33498286223000
3,33499690862000
1,33499747254300
4,33499891258300
1,33501277588700
4,33502823900900
2,33505888553800
1,33506398319800
2,33506836879900
1,33507438644200
1,33508954169100
1,33510321744300
1,33511830715200
2,33512353495300
2,33512876969300
1,33514111079200
2,33516112248400
1,33518426934000
4,33519368634000
3,33521360141400
2,33521360155600
2,33521993241300
1,33522203966700
2,33522297602700
3,33526458622500
1,33526880878300
1,33528532073200
1,33531113470500
2,33531367434200
3,33531598969400
4,33534074226700
2,33534803940900
1,33536458860100
1,33537088144000
4,33537812787200
2,33538817199200
1,33540007757200
1,33542047197000
4,33542410301100
2,33542797847600
4,33544190668000
1,33544472770800
2,33545294342800
1,33545424752700
3,33548241705200
1,33550280960600
2,33551711422200
3,33552718046600
3,33552761882900
2,33554370834600
2,33555681967100
1,33558463265300
3,33560671480500
1,33561374997200
1,33563042604100
1,33572330548400
3,33575017453100
3,33576158780600
1,33577193149000
2,33579821212100
3,33580154171200
4,33580306395400
4,33581126652800
3,33581780768300
1,33581898654200
4,33582335477300
3,33583231113000
3,33584677200800
2,33587642539100
4,33587835526400
2,33587836968300
1,33590606333300
4,33591206666800
1,33594293343700
1,33595531164600
1,33595915080200
4,33600585538000
1,33603696778500
3,33603983989700
3,33607157211400
2,33608322538600
2,33609133219100
1,33609311647200
3,33611240662700
4,33618074421000
4,33618161365000
2,33621502661000
2,33621586752400
3,33622619347600
3,33625596736500
4,33627522869200
1,33631097998100
4,33631268085200
1,33633071763100
3,33633544960000
4,33635313791300
2,33635648900300
2,33639153826800
1,33639153864400
1,33639265197000
3,33640916302000
3,33641103403000
3,33642049882700
1,33642378860600
4,33642726415300
4,33642799590700
2,33644765096500
4,33646036770100
4,33648519175300
3,33649825188700
4,33650275248300
4,33651676793700
2,33652167139100
3,33652798951800
2,33654460293200
2,33656907409200
4,33657456672600
4,33659687153900
1,33660694419400
1,33661639570300
2,33662286591200
4,33663781473500
2,33664191050500
3,33664618480100
4,33666771291300
2,33667488601300
3,33667573349600
3,33669276311300
2,33669320171900
1,33671295999800
2,33671621712700
3,33672952241500
3,33674209193400
2,33676755773900
2,33677810995600
1,33677850962300
3,33679525577900
2,33683142873700
1,33685350544000
1,33686814644000
4,33687806373300
1,33688172968600
1,33688863927400
1,33695440820900
4,33696888683600
3,33697249911600
2,33698571709900
4,33698702113700
4,33702003237500
2,33702194765200
1,33703289469900
2,33703700007700
1,33704368154000
1,33704472308700
3,33704922400700
4,33705409174000
2,33707679596400
1,33707679995000
2,33708632918100
4,33710010694600
4,33710809281500
1,33712909339600
3,33714772844700
1,33715544883100
4,33715978936100
2,33716430905300
4,33716931750200
1,33717005864500
2,33718880861500
2,33718880864900
1,33718945411500
4,33719392381700
1,33721593368300
2,33721784742300
3,33729378535000
3,33733217191700
4,33733601227400
4,33733601603300
1,33733876988900
3,33734620963300
4,33736031016300
2,33736583783900
3,33737009151700
3,33737662890200
4,33737878080000
4,33738703407000
1,33739630334700
1,33740898936600
2,33741163500100
2,33742479542700
4,33744369435400
2,33745262758300
3,33745637130600
3,33748157352300
1,33749011669600
3,33752308466800
2,33756190124200
4,33756855969200
4,33760731268500
4,33761720151800
1,33762311479300
2,33762340374800
3,33764609944900
1,33767380995400
3,33768737573900
1,33769564569500
3,33769727507500
4,33770040898700
4,33772391270800
2,33773574864200
4,33773674310800
1,33774489287800
1,33774829597800
3,33775618189200
3,33777410562900
4,33781124625500
2,33781154476000
2,33784811182500
2,33787304441200
1,33787778878600
3,33787914218400
3,33789077130600
3,33789728701100
2,33792026228900
4,33793289316900
1,33793769228400
1,33794387898100
4,33794783569600
4,33795695396900
1,33798367272300
3,33798532730100
3,33799591317300
2,33799825692900
3,33802992656300
4,33804211925600
1,33806793149200
3,33807817721000
3,33810322792800
4,33810724526000
3,33812478145000
3,33813288090200
4,33813868803800
2,33816615006800
2,33818862886300
4,33820240878500
1,33823240706500
4,33823466738400
3,33824603517600
3,33826717114800
4,33826760363300
1,33827278181200
1,33828383071100
1,33828449453500
4,33832002699100
3,33832832499900
4,33833597843700
2,33834291509100
3,33834407277400
3,33834723364500
1,33837194200300
1,33839476138800
1,33839703215100
2,33840433381500
1,33842394681700
2,33843165612500
3,33843283066900
4,33843356292900
4,33843356381300
2,33847614203100
4,33849717496000
2,33851142369100
2,33852051621900
1,33852748388000
4,33852752748400
2,33853208059000
1,33853655241300
4,33858737716900
3,33859197922000
2,33861691345900
2,33861841221200
3,33863416680500
1,33863728021400
2,33864285427300
4,33864447482300
2,33867138925300
4,33867652768100
4,33867742489600
4,33868403001600
3,33868459204000
1,33871386408100
4,33873421143300
1,33876105928100
3,33876109636200
4,33878119359800
1,33879243929500
1,33880254028500
2,33881307605700
2,33883272523900
4,33885050226200
3,33885059288800
2,33885564106500
3,33887609375500
2,33890875734400
2,33896046521700
1,33896333504100
1,33896354601500
4,33898827415700
2,33899962666400
3,33904121624600
1,33904703803300
1,33906785867900
4,33906938575600
4,33907037401500
1,33907655046300
1,33912226524300
3,33913985403000
1,33915792033300
2,33917413793500
2,33918846656900
3,33924041776900
3,33924285688200
1,33924536398000
4,33927304345900
1,33927590195100
3,33931392391200
4,33932380407100
4,33933884719000
3,33934162817300
3,33934352188300
3,33934823586300
2,33936665997400
4,33936900589500
4,33937127954900
3,33938228140900
3,33942492313400
4,33945735921000
3,33946749241400
2,33947097563400
3,33949862971700
1,33950245274200
1,33950922631800
1,33952835352800
2,33960323508300
2,33960657631300
1,33960747740500
3,33961541341800
1,33963984016300
4,33964596200400
4,33967843089400
4,33969288957800
1,33970585378700
4,33971375464000
1,33972111365500
2,33972318475000
4,33973357232200
4,33976255351000
1,33979517552800
3,33979580347400
1,33982138549400
3,33982472909700
1,33983997205000
3,33985141826100
3,33985871184400
3,33986101997100
1,33986618155500
3,33989261787700
4,33993354715000
2,33994488066900
1,33994882231300
1,33998430241200
3,33998744823300
3,33999654442300
1,34000136077500
3,34000636536400
3,34000904190300
3,34004263102600
2,34007145198200
2,34008226542400
2,34008942853300
1,34009326393600
1,34010552192900
2,34010904898200
3,34011623101700
1,34012497739500
2,34013215982900
3,34014438573800
4,34014650062500
4,34016076097000
3,34017455411800
4,34018480863800
1,34021252889600
2,34021443651700
4,34021704786500
4,34022866779500
1,34023027245500
2,34023321226500
3,34026033775200
2,34026507677200
4,34027566816300
1,34027567137900
1,34028832057100
2,34028869706600
2,34028870271000
3,34029057088000
4,34029918159500
3,34030698710100
3,34031115539800
2,34031648433400
2,34032801462100
3,34039996391400
2,34040040281400
3,34041311316900
2,34043305172700
3,34048138995600
3,34051647778400
3,34051811701100
3,34051811735300
1,34053341458900
4,34054187949300
1,34054730384500
3,34057662603900
3,34057896002500
2,34058082361900
2,34061936417600
3,34062842865500
3,34063284332800
1,34065287498500
1,34067981095600
3,34068745409000
2,34069239250600
1,34069828271600
4,34070215043000
1,34070215197400
4,34071878457900
2,34072582468300
2,34072666448000
4,34073286271400
2,34073287281600
4,34076229817600
3,34076748354200
2,34078169140300
1,34078728842100
3,34080346268400
2,34080409641100
3,34082222827300
1,34083345780700
1,34086641358100
4,34087052536200
1,34088449136600
2,34088774037400
1,34090183263200
2,34093147152100
2,34093620491300
3,34094101303100
2,34094822435400
3,34096783361900
2,34097247816000
1,34098014723100
2,34098057243900
3,34099332772300
3,34099469140400
3,34099545390700
2,34105192493500
3,34105629056200
1,34108292779700
1,34111001668000
3,34112846385000
2,34113076648700
2,34113380696500
4,34113472349400
1,34115017052700
3,34115504130700
3,34118055965500
3,34119152888500
4,34120918528500
3,34121009167300
1,34124310610700
2,34127528578900
2,34128083519700
3,34128777884400
4,34130993514000
1,34132244571400
1,34136854713100
4,34136926797700
3,34137373618700
4,34137544949100
1,34138593827700
1,34138995383400
2,34139947758100
4,34140313098500
4,34141556895600
2,34142104583800
2,34145450489300
2,34148575626300
3,34148902084900
1,34148953039500
4,34152273515100
3,34153352326700
4,34154036023600
2,34156129509800
1,34157738681000
2,34161064790700
3,34162297738500
1,34162695576300
3,34163211981300
3,34164771949400
4,34165785918600
3,34166946668600
4,34167080036900
3,34167256727800
1,34167411893400
2,34169772569500
4,34173717260100
1,34173767167900
2,34175203447900
3,34176033075000
1,34176742774000
2,34179007925200
2,34182104096200
3,34182104230400
4,34182435652900
1,34183742190000
4,34184292812100
1,34187324159900
2,34187942203500
1,34188761921100
1,34188774561700
2,34189522838700
1,34190258150100
4,34191757869000
3,34193056721800
4,34196396501500
4,34198268028900
4,34200546026700
1,34200694193800
1,34202256285300
3,34203858163400
2,34204254455200
4,34204539112500
1,34204562611100
1,34204695395700
3,34207909824000
4,34209157506400
1,34209783525900
1,34210733792100
3,34212665541900
2,34216154805800
1,34216931537700
4,34218770565800
4,34220050373700
1,34220439724800
4,34221521102800
2,34222146112900
2,34224536745300
4,34224556026100
4,34225518062700
2,34227156550900
2,34229173086900
2,34230730077100
4,34233531005800
1,34235770617700
4,34236794433500
2,34240723043000
1,34242763444200
4,34246941163200
1,34248507341600
4,34248551981100
4,34249049845300
3,34250994160500
1,34253670318300
1,34254091175900
3,34255046621000
4,34255644424700
1,34256835118200
4,34259107179900
2,34261118022100
2,34263553116400
1,34268470846300
4,34269620428700
4,34270597215400
1,34273350688000
4,34274401932600
2,34276590682400
4,34278477872000
1,34280353255300
2,34280928862600
3,34281515847500
1,34282773125000
1,34283064354100
2,34284638857600
1,34287302195000
1,34288037044400
4,34288871246600
3,34290983840600
2,34291259989000
1,34291473157700
4,34293589428900
4,34293738616500
3,34295378222100
1,34295428653000
4,34295970021300
4,34297450843600
3,34299443823000
2,34299631558500
1,34299964939500
4,34302121036400
1,34303667642800
4,34304476623800
3,34307162683200
4,34309029089900
1,34309810122800
3,34310579421200
3,34312404804200
4,34314806008100
3,34316833134900
1,34316937563800
3,34317069632600
2,34318079017800
1,34318100170500
4,34318884623200
1,34323050092800
4,34324952270900
1,34326000597900
2,34327640994700
1,34327932693500
3,34329014411000
2,34329456135300
4,34330529246000
3,34331495017200
1,34331646327200
2,34335490130700
2,34336638835100
3,34336832167900
4,34337060528200
3,34338786927900
2,34339356527600
4,34340654025900
2,34340767788000
2,34342691237100
2,34344346793300
4,34344786949900
3,34347282659300
1,34348037112000
4,34349235599700
4,34349791700100
2,34350542574300
2,34351720141500
3,34352039274100
3,34355183500500
2,34364612984800
1,34366665156500
1,34368001905800
2,34368751688700
3,34370249427400
2,34370303978000
3,34371384173200
4,34373041437500
4,34373241476100
2,34373317822100
4,34373387586000
3,34374121530300
1,34375469259800
3,34376617276300
4,34377688632000
4,34377701814100
4,34379090176400
1,34379197644800
1,34379797188700
2,34381111477600
2,34383958258700
4,34384640478100
4,34385299429400
4,34390869459100
3,34390869583000
4,34391369931900
4,34391640996400
3,34394396606700
2,34397468487500
3,34399455854400
1,34399914168800
4,34404922855500
1,34408511870200
1,34409733886400
2,34410080331700
2,34414106477800
2,34415418007200
2,34419845870200
2,34423145421700
2,34423568859600
3,34425788564900
4,34426264064700
1,34426962301700
3,34427660322600
3,34428153087800
1,34428639462800
4,34428936891200
4,34429057785700
1,34432108510000
2,34433782549800
4,34435073326300
2,34438349623600
1,34444272550000
2,34445335535000
1,34446040342100
1,34446287440700
4,34447001549300
4,34447875592400
3,34449756496800
1,34451834820300
1,34452019130600
3,34452489610300
1,34454461017400
1,34455811996000
3,34459164403500
4,34461718006700
2,34462253751600
3,34463370613800
4,34464325091200
4,34464478379700
2,34466788249100
1,34467958461300
1,34468366729900
1,34468456135500
4,34468456178100
2,34471490168700
4,34473853497600
4,34474080985900
3,34474456592100
3,34475199364800
3,34476421522200
2,34476516264000
2,34479195729300
2,34479266584300
4,34479524297600
2,34481108233800
3,34481379963300
3,34483576642900
3,34490104917900
2,34490448074200
1,34492792632800
1,34493985378200
4,34494928322300
3,34497451242200
1,34499826840700
1,34500878351400
3,34502774693800
4,34502827676900
2,34507166181800
4,34507904042200
1,34507937518800
2,34508493999000
1,34511017320800
3,34511238322400
1,34512183341700
2,34515971266800
2,34516385028200
2,34517117165000
3,34519412817700
2,34520541503100
3,34522084197300
4,34525966674600
1,34526044835700
3,34526702789300
3,34527009343700
2,34527067371900
2,34531180018100
4,34532539391100
3,34532699413100
1,34533769240500
1,34536498901900
3,34538725068200
3,34540841468600
4,34541956068800
4,34542091483900
4,34542471448700
1,34544389593700
3,34546579930600
1,34548555698900
1,34548633632200
3,34548943299500
4,34550955749300
2,34551416937500
3,34555752266600
2,34555755392000
1,34556065245700
1,34558174881900
1,34559517670500
4,34559542278600
4,34559686058300
3,34560512621800
1,34563381381100
1,34564612512900
2,34564612590400
4,34564951811200
4,34566258095300
3,34566378973300
3,34567495172700
2,34567521135000
4,34568418998800
2,34572830397800
1,34573731864100
4,34574248529700
4,34577159033300
3,34578918302100
3,34579118484400
3,34579459230800
2,34579827421800
1,34583238418800
1,34583477800300
4,34585758387900
4,34586776799500
2,34587167992300
2,34587744682200
3,34588489562200
2,34589022120700
4,34589486761300
1,34590159080100
1,34591405640600
3,34591418380600
1,34594857435200
4,34597714956800
2,34599092462200
4,34610518561000
2,34611384604200
1,34612566344100
4,34613452761400
2,34614613133700
1,34617682828500
4,34619673425300
4,34620134212100
3,34623393214300
3,34625034309600
4,34628327405600
2,34628705329000
2,34629237797900
4,34632711861900
4,34632712375500
4,34635207742400
1,34635671875300
1,34637930466400
2,34638192727100
1,34639995000500
4,34642179240500
1,34643590927300
2,34644948871300
4,34646055623100
2,34646848057600
2,34648603017300
4,34649742022100
3,34650581218900
3,34652217592600
4,34654911250400
3,34655893779500
3,34656758196800
4,34657329072800
1,34657775866000
1,34659261568600
1,34659455137000
4,34659881661700
4,34660130734400
1,34664547479500
1,34664903986400
2,34665344605800
4,34665853353400
1,34669629560000
2,34672289474000
1,34675744604400
1,34676429786800
3,34678010816900
4,34678221549700
1,34681562356700
2,34684802917800
4,34685889866300
4,34686252402800
4,34686373172600
4,34689283511100
2,34691803699100
3,34693083665700
4,34694689665700
2,34695369681500
3,34696401562500
1,34699510194200
3,34700208001400
3,34700983280500
2,34701033622200
2,34702449271500
4,34703118139500
3,34704017871600
2,34705370617200
4,34709846530000
3,34717186030400
4,34719419987200
1,34719853595400
2,34721109826500
2,34721518834500
3,34724317330700
2,34724317443500
3,34725616136000
2,34725989080400
1,34726514197600
3,34729080799300
1,34731396248600
3,34731637158300
1,34732486815400
3,34733294342300
3,34733355923900
1,34733992317700
2,34734235246200
1,34735504161100
1,34735922002000
1,34738125011500
1,34739636339800
1,34739652967700
1,34742062038100
3,34743700782600
4,34743798341100
1,34744895906300
2,34744924831800
4,34745449329700
3,34746334077300
4,34747779404400
3,34749951974400
3,34752895828700
4,34753560388000
3,34753572793600
1,34756728689500
3,34756895908400
4,34763960587100
1,34768314641300
1,34771478292400
1,34771577766700
4,34772021625100
2,34772392268000
2,34773426718800
2,34780847315700
1,34781305108900
2,34784644643100
4,34786396751800
1,34787233667200
2,34793159058200
4,34793313395400
1,34793728615700
3,34793985351300
4,34794614899000
3,34795276665400
1,34795284497600
1,34795589333100
4,34795777749800
3,34796427508000
2,34798286730200
2,34799207861600
1,34799960918800
3,34803531670300
4,34803808028000
1,34804868263500
4,34804963896900
2,34808968527500
3,34810876012700
2,34811827772200
3,34814436262000
4,34815059684800
4,34816788053800
2,34817293946000
3,34819228973000
4,34819628542000
1,34819643587400
4,34819834536500
4,34823396026800
2,34825238521400
1,34827722678200
4,34830848152000
4,34833069034800
1,34836214816200
2,34836533107300
3,34840187379500
1,34842480896500
3,34842612894700
3,34843528178800
2,34844435703700
2,34844644728600
4,34847484257400
1,34849181280900
3,34849676388900
2,34849857098100
4,34850503497200
1,34851519305200
4,34851872991900
1,34852228073400
4,34852552505900
1,34855756894000
1,34857968805700
2,34858314578700
1,34859737382100
2,34860572675900
1,34862655813400
1,34863835558400
3,34863940454500
4,34864589589600
4,34864777867200
3,34866115927600
3,34867147591400
3,34867569353500
2,34867829830300
1,34868401507000
4,34869224446300
1,34871220923600
1,34873658814200
1,34876372314200
1,34879383495200
2,34880735903500
2,34881009913200
3,34881224387700
4,34881869691800
2,34884396104100
4,34885927679300
2,34886384371500
3,34887697960200
3,34890123349800
3,34890457375300
4,34893675749900
2,34894237248000
1,34898993897400
4,34900144991900
2,34904055512900
1,34904575575700
4,34906431313000
2,34908665383900
4,34910343647100
4,34911740395400
4,34911740875600
1,34914270163900
4,34916510860400
4,34919538279300
2,34920732398700
4,34922336984400
3,34922593213600
1,34928882507000
2,34929010396300
3,34929203686100
1,34932051548900
4,34932749295100
1,34933028626400
4,34936566164600
3,34940599436100
1,34944192193700
3,34945696559700
2,34948046056800
2,34948476794000
1,34948477289600
4,34950071500200
1,34952427796600
1,34953952770900
1,34956919832100
3,34957510362300
1,34958561711600
4,34958857346500
2,34958964783400
4,34960030818600
3,34960669180600
4,34961761022900
1,34962739634000
4,34964553586400
2,34966541022800
1,34968096152200
1,34968859457800
2,34969523408400
2,34969743313800
4,34971219119700
4,34971654362300
1,34972346652200
3,34974059921800
4,34975328228200
2,34975375399400
4,34977591061200
3,34978231729900
4,34979015499300
2,34980484409300
3,34981119910600
2,34981119930100
4,34981917031200
2,34982624614500
3,34982720889100
2,34983222420800
3,34984096543300
2,34984923514200
4,34985610050500
2,34988971241800
2,34989862935700
4,34990081639000
1,34992014214000
1,34992131908500
4,34992158989500
1,34993189429200
1,34993869474000
1,34996553516800
3,34997457013100
4,34997620201300
3,35000006731100
3,35001654547800
1,35001750205100
1,35006027819000
1,35008246541700
1,35008735875500
1,35012549428600
2,35013669175000
2,35016702932000
2,35017123309900
1,35019124610700
1,35022184295800
4,35026050490800
1,35028246944300
4,35030307479900
2,35033069208700
3,35033217375200
4,35037159482900
2,35037459528200
2,35038967224000
1,35039378573800
1,35040019195700
3,35040366266800
2,35040489610900
1,35040806738800
4,35041233226500
3,35041575506500
2,35041627737300
1,35044861076400
1,35045936934400
2,35047866528800
1,35049446547400
4,35052512617400
2,35053851395200
1,35053851647000
4,35054256276300
4,35054899791300
4,35057011527200
3,35058965289400
1,35062692510100
4,35063411793200
1,35065368205900
4,35066423636100
1,35068112157700
1,35069878429000
3,35070356971900
1,35070475974500
3,35071080151300
3,35071754100200
4,35071884041100
3,35072867315900
3,35073599950500
3,35074122552600
4,35075056626200
1,35076760177600
3,35077648839700
3,35078536363400
4,35079948633000
1,35080553028900
2,35083048257300
4,35086207999200
3,35089114970500
1,35089347604400
3,35090106016100
2,35091167178100
1,35092257161600
1,35092752750900
4,35094623728700
1,35095230972900
2,35095231310600
2,35095699867500
4,35096428433600
4,35097177579900
1,35098081776700
1,35098512378300
4,35100125568300
2,35105075409200
1,35109757094400
1,35110796342400
4,35111808158800
2,35114062847600
4,35115312380000
4,35116571461800
1,35120983051600
1,35122422615900
3,35124664967700
1,35125118952400
1,35125265772600
4,35126377720100
3,35127731989100
1,35132820303100
1,35132917965200
3,35134328799400
4,35138169959900
1,35139097063700
3,35141323182100
3,35142360974500
2,35144025730900
1,35144189968900
1,35145936695400
1,35146399690100
2,35149439534500
4,35150357944600
3,35152600612500
1,35152655272400
2,35152771543500
4,35154160211900
3,35154422203300
4,35155014678900
1,35155182508700
2,35155182521100
4,35155755556700
4,35156413813500
4,35156774859400
4,35156990172300
2,35159371694200
1,35159987321300
3,35161520653600
2,35162285789900
4,35162980407400
4,35164324973800
1,35166383789800
2,35167592825600
4,35170601661800
2,35170638545700
1,35170834621100
3,35171771674900
3,35172830747500
4,35175781500600
3,35176228751900
3,35178252083500
2,35179045567600
2,35180027172000
3,35180106543100
4,35182851518200
4,35183708674500
1,35184848507900
1,35186468123700
2,35187982238500
1,35189475799000
4,35190185594400
4,35196038129900
4,35197178110200
1,35200868153000
3,35204747851200
1,35205683715900
2,35207090025600
1,35207123334900
2,35207409140400
2,35207923784800
2,35209108840000
3,35209636553900
2,35210398573200
2,35211610047900
1,35211867596400
2,35211905390400
1,35212075708600
4,35212455461100
3,35213033668700
1,35213104997900
2,35213571133700
3,35214050620500
2,35215341931900
1,35216332499300
4,35217078823800
2,35220164952600
2,35221534269800
3,35223710743000
3,35224045854800
3,35224475071900
1,35226316790800
1,35227356667400
1,35229717111500
3,35230754780800
1,35231087176700
4,35231842354300
1,35232242396900
1,35233543483300
3,35234210704900
2,35234832740900
3,35235124355100
3,35236179010900
3,35237608295900
2,35237903121700
3,35238185024400
3,35240106879300
2,35240399821100
3,35241207777000
2,35243180940300
1,35244803859400
2,35246038407500
4,35247122204400
1,35249495016500
1,35251434676200
2,35253348799200
1,35256892916800
1,35258797160200
4,35260741595800
4,35260979881800
2,35261289202600
1,35262444366800
4,35262594735400
1,35263023158400
2,35265840506300
2,35267838480600
2,35270725340500
3,35271354377600
3,35271988469300
4,35273352630700
1,35273821628500
3,35277238582100
2,35282094259900
1,35282931231400
4,35286765426500
1,35287416394700
3,35288752458600
4,35290558647400
2,35291502398400
2,35293821391900
3,35294869579700
3,35295777338400
1,35295819338400
4,35297238851200
3,35298949983300
3,35304447263800
2,35305171292800
1,35305455194900
3,35305731244500
1,35308468698700
4,35314325772500
1,35314613244400
1,35314613416100
4,35314613695100
2,35314793632800
3,35316495941200
3,35318355871800
2,35319879747000
2,35321444716700
3,35321615662500
4,35322087860600
3,35324528971400
4,35324788533600
1,35328027127800
4,35329009332800
3,35329049838900
2,35329078553700
2,35329095263500
1,35331184723900
2,35331839829000
3,35332037818000
2,35332094639800
4,35333839369900
1,35334057874500
2,35334139440600
3,35337206675700
4,35339175347700
2,35340721435400
2,35341533952400
1,35341572862800
1,35342744592900
2,35342926732600
2,35343576995500
3,35344546525700
4,35344925725400
1,35346446313700
3,35346750373900
2,35347075384400
2,35351981134100
4,35353231562300
4,35361180475900
4,35361325231300
2,35363714873200
3,35364197572100
1,35364694726800
2,35366961102000
3,35368579031300
2,35371152855400
3,35372324253400
1,35373289658900
1,35374266561300
1,35377905783800
3,35378843640900
2,35380740866200
3,35381171200700
3,35381179205500
2,35385097721800
4,35385905110300
3,35386083878100
2,35386358920400
2,35386663699200
4,35387281385700
4,35387491670900
3,35388695264800
2,35390568350900
1,35395265381000
3,35397944326400
3,35398264088400
1,35398279761700
1,35398933587200
1,35401506354300
4,35401506454900
1,35402109401600
3,35402403803900
2,35402403996400
4,35406056781400
2,35407709163400
1,35408910403900
4,35410152112100
2,35410694238600
3,35411606875700
1,35412347341800
1,35414128699100
4,35414732958500
3,35415109083700
2,35415200456400
1,35415563431900
4,35415594845600
2,35417680783500
2,35418225325000
4,35418882923900
2,35422218625400
4,35422251705100
4,35422561734400
2,35424663740300
3,35429129077400
3,35430082466100
1,35432938604900
1,35432971180300
1,35435469709700
4,35436415555300
2,35436802084500
2,35436858513500
4,35444049941400
2,35446192532900
4,35448855186000
2,35454631394000
3,35454654855800
2,35455965150300
1,35456252707300
4,35456557261000
1,35459726138100
1,35463137131400
1,35464048392600
2,35464355513000
1,35466498910100
4,35469804950300
3,35471369733500
2,35472422969300
3,35473355869400
1,35475690726000
1,35478335819600
4,35479898021800
4,35481315014400
1,35483445668000
1,35488549848900
2,35490441092100
4,35492321914200
1,35492743831300
4,35494804594800
4,35494974874200
3,35495602358000
2,35498652823500
2,35501599365400
4,35502385222800
2,35503010434800
1,35504350508900
1,35505530467400
3,35506346465900
1,35506622475900
2,35506764119000
4,35507801710300
4,35507801785000
3,35513777330800
4,35514249145100
2,35516699414400
4,35517247588100
2,35518614085200
3,35519742930400
2,35520245196900
3,35520343861500
3,35520417346500
1,35520467370200
4,35520642723200
2,35523295240800
1,35523575229200
4,35524390063500
2,35524623858800
4,35525498297300
2,35526634039300
3,35528015371600
3,35528093711200
2,35528782014800
1,35529301880600
1,35530431446700
4,35531344496600
1,35531541206800
2,35535641198900
4,35535704132000
3,35535815379300
2,35536728301900
4,35539644808700
1,35540026194300
1,35540465172200
2,35541778959100
3,35542178027600
3,35542261669500
3,35545980635600
3,35546459351500
4,35548209468000
3,35548669772800
2,35549265949400
4,35550910075300
3,35551638599600
3,35552068582900
1,35552465504300
2,35553691196500
2,35553828568200
1,35554205674600
1,35558123475100
3,35558593037300
2,35558673534200
4,35559010961000
4,35561221911700
1,35561834726500
4,35562182816700
3,35563752767800
2,35566209722600
4,35569298142500
3,35569545141000
4,35571394559000
2,35573500936400
2,35573682175900
2,35573848462700
2,35574254311800
2,35575442067800
3,35576868888400
1,35578345311900
3,35578782187400
3,35578963454200
3,35581076257200
2,35583267287400
1,35583564367300
1,35584201131400
2,35586332826700
4,35589666476100
3,35590088862600
1,35593588856200
3,35594026036300
3,35597922904800
1,35599587430500
1,35601048391200
1,35601853518800
3,35602299827100
3,35605800560000
4,35606833679200
1,35607238846600
1,35607239591700
1,35609080086200
3,35609773399000
4,35610104619800
1,35610741983800
3,35613015440200
2,35613662164200
2,35614050062800
4,35614912290000
4,35616441694300
2,35622799310700
3,35622956243900
4,35623793984100
1,35624081431300
1,35624569670800
1,35626479497600
4,35629451229800
1,35631397558600
2,35631975217900
3,35632321962700
1,35632469515100
2,35632776585600
3,35634577338000
4,35635197658700
1,35635445495300
3,35635750345700
1,35636328719900
1,35638128843500
4,35638984575200
2,35639325867600
2,35640585185400
3,35642288428300
2,35644089429300
2,35647873376900
1,35648110641900
3,35648800402300
4,35649887077100
3,35650271609600
1,35652819448500
3,35653560598300
3,35655854041500
2,35657471688900
4,35660279456900
1,35664456734600
3,35666145718300
4,35667192947000
3,35669450544700
4,35672800943300
2,35673956126400
4,35674312388300
1,35674973177200
1,35676828520000
2,35677304228500
2,35679117640700
1,35681528339000
1,35682780825000
2,35684015589200
4,35685185874900
1,35685333096800
4,35685650342700
3,35686924872300
4,35687463203600
4,35692674061400
3,35693003371600
4,35695874792600
3,35695992016700
1,35697571720300
4,35697583087700
3,35697839171000
3,35700165378500
4,35700547610300
2,35701297490600
2,35701739041200
1,35705571293600
3,35706606082800
4,35708373356100
3,35708909485700
1,35709394139300
4,35709704719500
1,35711690149500
1,35712215700700
3,35712710029200
2,35714083264700
4,35719078745200
3,35722902913800
1,35724867979900
2,35725329920700
2,35725745797500
3,35729913906100
4,35729919851900
2,35731614784400
1,35732016591400
2,35732554877400
2,35734348084100
3,35735065596000
3,35736255666500
1,35736588812300
2,35736985900300
3,35737516129800
1,35739015265800
2,35739393877900
2,35739414476000
3,35739459436100
2,35739562831100
2,35740224143200
4,35741717259800
1,35742004357300
2,35743601831400
3,35744600019300
4,35745302098600
3,35745459279000
4,35746201226500
4,35746576107400
3,35746684614200
4,35750094720100
2,35750869586400
3,35752481559900
2,35754537081200
3,35757435146300
3,35760250181500
2,35760734347500
2,35763579898200
1,35765432907000
2,35765915274700
1,35766396648000
3,35767962687000
2,35769626338700
2,35769864374000
4,35771760455000
3,35773807680000
1,35775421402600
4,35778461905600
1,35782173928100
4,35783891733400
2,35783892474700
3,35784045255400
1,35786592866500
3,35786883736100
4,35787691625200
1,35790556397300
4,35790750445900
3,35791388374100
3,35793459426800
1,35794842853200
4,35794842900100
4,35796150156000
3,35798381559600
4,35798411672100
2,35799057233400
2,35799845171200
2,35800792689900
1,35805499641500
1,35806146263300
4,35807141551100
1,35807215579200
2,35808216760200
2,35809446453900
4,35810813589600
1,35814660058100
4,35814820215400
1,35815965399600
1,35816581735600
4,35817115913700
4,35818381946900
1,35824584367400
1,35825047571800
1,35825447041500
4,35826463079800
3,35826659404900
4,35827746213200
1,35827763164300
3,35828014644100
1,35828217008900
4,35829654741000
4,35829946117000
3,35831298246400
1,35831522868900
4,35831689060500
2,35834996225600
4,35835077713700
2,35836604850300
1,35839177395300
4,35839683809500
2,35840450688600
1,35840454162900
2,35840604102700
3,35840697623400
2,35847350376300
3,35848614066200
1,35853411926200
2,35856507811500
2,35856651204100
3,35857771727400
1,35858013240500
2,35858157545400
3,35860763792700
3,35861718503400
1,35861779595700
3,35862003362700
2,35865030813700
3,35865978427000
4,35866646482500
3,35866987765800
4,35871771728600
3,35874755251600
4,35874858570000
3,35877436753600
3,35877436779500
2,35878085032500
2,35880848335400
1,35881254331900
2,35882399146500
2,35883510212400
1,35884193652200
4,35885798617800
3,35887099295600
3,35887305629100
3,35887481495400
2,35887481788500
2,35888586003000
3,35888942637800
3,35889386375700
1,35889978687700
1,35892669411200
2,35893449340700
3,35897803013300
3,35901336034600
1,35902432765200
3,35903448755700
2,35903875001600
3,35903968321100
4,35906703235000
2,35907244165800
1,35910271578900
1,35911294467500
1,35912943498600
4,35915770010000
3,35916586601800
4,35917789787300
4,35922638943000
4,35922736767800
3,35923320455900
2,35925536896300
4,35926180712400
1,35930354823500
1,35930937001800
1,35934572406200
1,35935182038600
1,35936604808700
3,35937878710100
4,35939014664800
1,35939445818700
3,35939719176200
4,35940634216200
4,35941102675000
3,35941137628000
2,35941137796800
4,35941566878300
1,35941673239500
4,35944034722900
3,35946572445200
4,35947953224800
3,35949320169700
2,35949513537500
1,35950555645700
3,35950646976500
2,35950906031500
1,35952006150000
1,35952006300400
4,35952423466500
1,35953356535900
2,35956339386800
3,35957609406000
3,35959539080700
3,35963041357700
2,35963450696000
3,35964211308500
1,35964401350400
1,35964421271600
1,35964879463200
3,35967069838900
1,35967521587900
1,35967962731500
1,35968579264900
2,35969117326000
3,35971386900500
4,35972479842200
1,35977048607000
2,35977486924600
3,35978153478800
3,35978549044700
2,35980879411200
1,35981171589100
4,35981461670100
3,35982051443200
2,35982324241100
4,35983268350800
3,35987260081900
2,35988411736700
1,35990614725700
1,35990830704100
1,35992509438800
3,35992811645800
3,35998203315900
4,35998941557300
4,35998955476100
3,35998955846400
2,35999433203400
1,36000600479500
2,36000636427800
3,36001314282000
2,36003063154800
4,36005956781200
4,36007138695100
3,36007354323700
2,36008268080800
4,36016117252200
3,36018601113000
2,36019026527400
2,36019872767500
1,36022335693600
3,36023432783400
1,36023611880300
4,36026925241000
3,36030540412400
4,36031388009900
2,36032092401200
4,36032488121900
2,36032876296000
1,36034891974600
1,36036312786000
1,36037787587400
2,36038217639700
1,36039108715200
4,36039248684900
1,36046219476300
2,36047284491500
3,36047434848900
1,36047666757000
1,36049799728400
4,36050733703000
2,36052809973600
1,36056744692800
1,36057825125000
4,36058619443800
4,36058850959800
3,36059812417900
3,36060604008900
1,36060662162100
3,36064130880800
3,36064919689800
4,36065774497400
4,36066532196600
1,36067034636500
3,36067062396600
3,36067062408100
3,36068053654500
4,36068299328800
3,36068461493900
4,36070045658400
3,36072298887000
1,36072638583300
1,36076905895300
1,36078984237000
3,36079852508100
2,36080211695400
2,36080559863000
2,36080567631700
2,36080764481900
4,36081132130900
3,36087520710600
3,36089891930400
2,36091876451000
2,36094643406600
4,36095063851700
4,36095890132800
1,36096875054300
2,36099034150000
4,36100694203000
4,36103320064600
1,36103991583400
1,36105064287800
3,36106812109200
3,36108717019600
2,36110047437800
2,36113004285300
1,36116386581200
1,36119604429300
3,36120824995500
3,36120825260200
4,36124058410000
2,36125816258600
2,36126267488400
4,36126672943300
3,36128886141700
3,36130636279000
2,36130651315500
4,36132289607800
3,36132338270800
1,36136620020800
2,36139399664900
3,36142587502700
1,36142712352300
1,36145436638300
4,36145943573400
4,36146508321600
1,36149292194200
1,36153061539900
2,36153061604900
2,36154677848100
3,36154966019800
2,36157365610200
1,36161213388500
3,36162399506100
4,36165512304500
4,36165586825100
3,36166746143800
1,36167398729700
4,36169194284000
4,36170511459800
2,36171976334400
4,36174214472700
1,36174775653600
1,36175192012200
2,36176047642100
1,36176128365400
2,36177572473800
1,36178399085400
2,36178608952300
4,36178716529100
1,36179389654100
3,36180202414600
4,36182677133300
3,36184529409100
2,36185336899200
3,36185866554700
2,36189449675000
4,36190017319000
4,36190803803800
3,36190843710400
1,36191197394100
3,36191381284300
2,36191829219300
4,36192765911500
2,36192838647200
2,36194102767600
1,36196541700700
3,36196552155500
1,36197459831200
1,36197841410700
3,36200133762900
3,36201716820900
1,36202410576800
3,36204208119900
1,36205083562200
1,36205219869500
2,36205337365400
3,36205835507300
4,36207231096700
2,36209048637600
2,36209048692700
4,36209608459000
3,36209882536100
3,36212393054400
3,36215260628700
2,36218060807800
3,36218594922500
2,36218699794700
1,36221675900900
2,36221809754400
4,36222352953400
2,36222958271000
2,36223270957700
4,36224280248100
1,36225407542200
2,36225683506600
2,36226425993200
4,36226828844900
1,36228717111200
2,36229057694900
2,36231352796800
4,36234416780100
1,36235834870500
1,36236356786500
3,36238875661900
1,36240614757400
1,36243436094600
1,36244320948400
3,36244442741800
3,36244713508300
4,36244984294700
2,36245218877000
1,36246426704800
2,36250214625500
2,36251421734600
2,36251812681400
2,36251900655900
3,36251909815600
3,36251919477800
1,36254376278800
1,36258775937300
3,36261692833600
3,36261692842400
4,36261830172200
1,36262003510200
1,36263925382000
1,36265307031400
1,36272836078000
2,36273020068900
4,36273033700800
1,36276628040200
4,36277269713000
4,36280211346700
4,36283221376900
1,36283583185600
4,36283728761500
1,36284605869700
4,36284781047700
4,36285426023700
2,36285565539000
2,36286599160900
3,36287370894000
4,36289918419200
2,36290163836600
1,36290232646200
3,36292684613900
2,36293898793500
3,36294032126400
3,36294287156900
4,36294613817600
2,36294726558200
1,36295052938700
3,36295389419200
4,36295630996600
2,36297633815800
3,36301354943400
3,36301440038000
2,36302559020400
3,36303099126200
3,36303935146100
2,36305650949900
1,36306783535600
3,36308413420100
4,36308678668900
1,36308981699100
2,36309748516600
1,36310053361200
3,36310746338900
4,36311031220200
2,36315458591600
1,36315734245000
3,36316181912300
2,36316628334700
2,36318785502500
3,36320029704000
2,36320063725000
2,36323080690200
4,36324265382200
3,36325782983200
4,36327884087700
1,36328365946100
4,36328637362500
1,36331251506000
2,36334093841100
4,36334285630100
1,36334557000000
1,36335802121800
1,36336333318900
2,36336700460600
3,36338654648600
2,36339336326300
2,36341769937000
3,36341902325000
2,36342674766700
3,36344563669600
3,36345062992800
4,36345667725500
4,36349367910700
1,36350666551400
2,36350725167900
1,36351520974200
1,36353017835200
1,36353553004600
2,36354680995500
2,36355117323900
4,36355676473300
1,36355676609300
2,36356690766200
1,36359406917200
2,36360990547700
1,36360990834000
1,36365537102300
3,36365807496900
3,36368207492300
1,36370847326300
4,36372092965500
2,36372727741200
2,36373470914500
3,36374422236200
2,36376039087600
2,36377863056700
4,36380369382700
4,36382418533100
3,36383263923100
3,36385413950200
2,36386479544900
1,36387349487500
3,36387557686700
4,36387758025500
2,36388160058200
4,36388970678100
1,36389600976500
1,36390459260600
1,36393218496400
1,36395692996900
2,36398417613100
1,36398510517000
1,36399299515200
4,36399996734000
4,36401113456000
2,36401433335700
4,36402417405300
4,36405784705700
2,36409654825400
4,36410096020300
2,36410192561700
3,36410198413300
1,36411188637000
3,36413150418800
1,36413422147100
2,36414846576700
4,36414914355200
4,36414921674200
1,36415326939900
3,36416138437400
3,36417539597800
3,36419815394500
3,36421720170500
4,36423475272800
4,36428860106800
3,36429007415900
1,36429105749300
3,36431884842800
4,36432637642300
2,36439212569800
2,36440072930900
1,36441300498500
4,36441304689800
3,36441350996500
3,36442342026500
1,36442602626700
4,36443124478000
1,36443387745800
4,36444067067700
2,36447819411400
1,36448318697100
2,36449375737400
1,36449615200600
3,36449913323300
3,36449918337600
4,36451549059600
3,36453523564000
3,36455525772100
4,36456340353900
3,36457476260900
4,36458001251900
4,36459015147400
2,36460220364200
4,36462602528200
4,36468379887800
1,36468711636300
1,36468746258900
2,36471615906100
3,36471615970100
1,36472745018900
4,36474070531500
3,36476179279600
4,36485712404700
3,36486726163500
1,36487959763400
3,36488002172900
4,36488298974500
3,36489105410700
4,36489467492200
2,36493306782400
1,36495259735000
4,36495417297100
4,36496336232600
3,36498402233300
2,36498714670900
2,36499412812700
4,36501030863300
4,36503036624700
2,36503789720500
4,36503789788100
3,36505193431900
3,36505781791200
4,36506594621700
2,36509384583800
1,36510637566900
2,36513227919700
1,36513316838500
4,36513530694800
3,36515548126900
1,36515911858600
1,36516435818400
3,36516809832600
2,36516867884000
2,36520684913700
3,36522600331100
2,36522753461100
4,36523172405600
1,36523865795200
1,36524900194000
1,36526076892300
4,36528838470300
3,36529159973100
2,36529408437300
1,36529960506500
4,36530456146700
4,36531033913700
2,36532101682100
1,36532102059100
3,36533065956800
4,36533863317200
4,36534444261500
1,36535586589300
4,36536199895500
4,36537134273800
1,36538180159700
1,36538407382100
3,36539100925000
1,36540462093200
2,36541862965300
2,36542989951900
1,36547586633600
4,36548892713800
4,36548938544900
3,36552103582000
2,36552103584500
2,36558254138200
1,36558734747600
3,36559042225100
2,36560248414600
3,36561330564100
1,36561422293700
2,36562026433300
1,36564661963500
1,36567130677600
4,36569070125500
1,36569636507200
3,36570222205900
3,36570967366500
3,36572332980200
1,36575149955000
2,36575278513900
3,36576205251800
2,36576205270800
3,36578147604900
3,36578566002800
3,36580256486400
4,36580356522400
4,36581882901000
1,36583774397300
4,36584094216900
4,36586632421600
1,36588471613500
3,36590588082100
2,36592225959600
3,36592526824600
3,36592620264500
3,36593023866600
3,36593158043500
2,36594661947500
3,36595979176000
3,36597645092600
2,36598275176400
3,36600177117100
2,36602621497800
3,36603048320700
2,36604416159500
3,36605798249000
1,36606049940400
1,36607100255100
3,36607584092400
4,36607936810300
1,36608598323800
4,36608672442000
3,36610127083500
4,36610331301500
2,36610393972200
3,36610394250700
4,36612589337700
4,36613605357200
3,36614544646000
4,36615585926800
3,36615588764700
2,36615696535800
4,36616037371900
3,36617710072200
2,36621425577100
4,36621532095500
2,36627118590100
1,36627341494900
3,36628634810200
2,36628981733900
3,36629801595000
2,36632626285600
2,36633603023700
2,36633920211800
4,36634706630200
4,36639282154600
2,36639698117800
2,36642670664100
3,36643334702900
1,36645127100500
3,36645317242000
1,36645366270200
3,36647837493500
4,36649407910000
1,36650422452200
1,36651926060900
1,36651972024400
1,36654205959500
1,36654362305700
1,36654787239500
4,36655532048500
4,36655890019600
3,36656045996200
2,36656076827100
1,36657350159200
3,36660525358800
3,36663971825600
3,36664331859700
2,36664568903800
3,36665309716100
1,36666549682300
3,36666682080500
4,36669163476700
1,36669403415600
2,36670062896800
3,36670264135700
2,36670498216400
4,36671099961700
3,36675759463200
4,36676714004300
1,36678237986900
2,36679393581300
4,36681876948100
4,36682375622900
4,36682551728500
1,36683049843600
3,36683179993300
3,36686271632200
1,36687020719200
2,36687171895900
4,36689990141100
4,36689990469300
3,36694783820000
2,36696684803600
1,36698719420400
1,36699543833400
3,36700015591300
3,36700944933000
4,36700945044500
1,36701222735800
1,36701279210800
3,36704130060100
1,36704211786200
1,36705239710600
1,36705295063300
1,36705454246000
4,36705748333700
4,36706349450800
2,36710288294100
2,36711182959600
2,36713049766600
4,36713563309800
4,36713985482800
3,36715060930300
3,36715482673300
4,36715957052200
3,36717456821600
4,36718886851100
4,36721670929200
1,36721685368700
2,36727778048100
2,36733532867100
1,36734738511700
1,36735146493500
1,36735389810400
3,36738477313100
4,36739748596200
4,36740056428400
1,36740438171500
2,36740467864100
2,36745521197400
4,36747552345400
4,36748250877900
4,36748251220500
2,36748421128600
1,36749283973800
2,36753619077000
2,36754574977000
1,36754652483100
1,36756834915000
2,36757456212700
3,36758282331200
2,36758505190000
1,36759868858000
2,36760071091200
3,36764867484000
2,36770655958200
4,36770764272200
4,36770779732700
4,36770831848900
1,36773369067700
2,36773771915100
2,36773931273700
1,36779114601900
4,36779894213800
1,36782187061100
1,36783262351600
2,36783646059000
2,36784392866200
3,36785315010900
1,36786037330800
2,36786152172000
4,36786965021600
3,36787419313000
3,36790560119800
2,36790952748200
1,36791590175200
1,36792108408000
1,36792692316700
1,36794870530200
1,36799029815700
4,36799882752400
3,36800522633600
2,36801930621000
2,36802377915200
2,36802863843500
4,36802974497800
1,36804335201500
4,36806597552100
3,36811513791800
2,36811645295500
2,36811780593100
4,36812300305600
1,36813271705400
4,36813797438400
3,36814685153500
4,36814944906500
1,36816786138200
4,36817631147400
1,36820163043100
3,36821137832100
1,36821729120200
3,36824781856500
2,36825647685100
3,36828029768300
1,36828118315700
1,36829054032900
4,36834684053700
1,36835191196700
3,36839049589900
3,36839498788700
1,36844422729300
1,36847103234600
4,36849027946300
4,36849188571000
4,36849221253700
3,36849717159400
3,36850280103300
4,36851433017700
3,36855490925200
2,36855503944900
3,36856462340700
4,36858067963400
1,36858431400700
2,36858991037000
3,36861478305500
4,36862775321600
2,36863526192800
2,36865615496900
3,36867373817100
3,36867683716800
2,36868980125100
3,36868987557100
1,36869077748600
2,36869359743600
4,36873451491500
4,36874181581400
4,36876579660100
3,36879475459700
1,36879804868800
4,36882148538000
4,36883276078500
4,36883833028500
3,36884792228800
1,36895000937900
3,36895677451400
2,36896786535500
1,36897609510100
4,36898162831400
1,36898551117900
1,36901725263400
4,36902272218700
1,36902442056000
1,36903056685700
4,36903361391400
1,36904814152600
3,36904888721500
3,36906514264100
2,36910128169600
4,36910567970900
2,36912344150700
3,36912641068500
3,36912941374400
1,36913045811600
2,36916012957200
3,36916902791700
1,36917514648300
2,36919772058800
3,36920844141200
3,36921876420200
1,36925034922900
3,36926163216600
1,36926482902000
3,36930015374400
3,36931122820200
4,36933376907400
1,36936757038000
3,36937617110900
3,36940830846200
4,36941692072100
1,36942503423400
1,36943382760600
2,36944132764600
4,36947031031500
2,36950036126300
3,36952365221000
4,36954107941100
2,36954640868600
1,36956872193100
1,36960520926400
3,36960525440900
2,36962267355500
4,36963018009900
3,36963831148400
3,36964353000400
3,36964664504900
1,36964818086700
4,36965219309600
3,36966769200300
2,36969913663200
3,36969992268800
1,36970170564500
1,36970170611400
1,36970170628700
1,36970170678100
3,36971097174200
4,36972205080900
2,36973139023200
3,36974277677600
2,36974443337300
3,36976025806200
1,36977034897700
1,36979892649200
3,36981020133600
4,36983010996400
1,36984497580400
2,36984653960000
1,36985347756900
3,36986740732900
1,36986821105600
2,36988106534700
3,36990540528400
1,36991181512900
2,36991707593500
1,36991882990300
1,36992505630400
3,36992977639900
3,36993934214300
3,36993959706600
2,36994602396700
2,36999930358900
2,37000080474300
4,37002303717400
1,37004194698800
2,37005048862900
4,37005262467500
2,37006393723000
1,37007137303000
4,37007563450300
3,37008790003100
2,37010033640400
1,37011033152000
2,37011253868600
3,37013027611600
1,37013706937900
4,37013707324400
3,37017769589300
3,37018791084200
4,37019368256700
3,37020297067100
3,37020314758000
4,37020734441000
4,37023856057400
3,37024368086500
1,37024907226600
2,37026739782400
1,37026868649100
2,37027435723900
2,37031276970900
1,37032519545500
1,37033339122300
3,37033397432500
2,37033518988400
3,37033678554300
4,37036131542700
4,37037402212500
2,37040072576400
1,37040569485500
3,37040842687200
2,37041580050200
4,37044862837500
3,37045430327300
1,37045572672900
1,37046457368400
4,37049196901200
3,37049197071400
4,37049673217300
1,37049849420100
1,37050604782300
2,37051238609000
2,37051580250000
4,37055244242400
4,37057349158400
4,37057571681100
2,37060007409100
2,37060311340800
1,37061249115100
2,37063691587800
3,37064865222100
2,37066840186000
4,37067816899100
2,37067932010200
2,37069065617800
1,37069335681800
1,37070668468200
3,37071093741300
4,37072011691100
2,37072998447700
3,37074484580700
3,37078009404300
1,37078009735100
4,37079718335300
4,37079739210600
4,37079757513600
3,37084165317000
3,37085399344800
1,37085896917200
4,37086322113500
4,37087834343600
2,37091159135800
1,37091231056700
4,37091613835400
3,37092594686800
1,37094919756500
1,37094931526400
1,37095152608200
1,37095475694400
4,37098850073500
2,37100036860700
1,37102202783400
1,37102708804700
4,37103091535800
1,37103424712000
4,37104253110400
2,37107571746600
3,37107835310500
1,37109831439300
2,37111157690400
1,37112054572200
4,37112422907600
2,37115531896100
3,37115531920700
2,37115532123500
4,37118030694500
1,37118512495800
4,37118615228300
2,37118982618600
3,37119871264200
4,37120102650500
1,37120340562300
1,37121129001100
1,37121311193500
2,37122607733600
1,37123011576400
4,37123387690100
3,37126625616800
4,37127314031500
2,37129392669900
1,37129910311900
4,37130108194700
2,37130764714600
1,37135697191900
3,37135763727500
2,37137736958200
3,37138759174100
4,37138794195200
1,37138832385100
2,37142783669300
3,37143253532500
4,37143487981300
2,37143535016200
2,37144700884400
4,37145434355300
3,37145975773900
1,37151273554600
2,37154762593800
1,37155818851800
1,37156221751700
4,37156625540700
1,37156887941200
4,37159873814900
4,37160044074900
1,37161273163400
3,37161812870700
3,37162995958900
3,37164301301100
2,37164832135200
3,37166197431500
1,37167597511000
1,37169638919100
3,37171033703400
3,37171859930300
1,37172027831500
4,37173002362400
1,37173643017000
1,37174200149400
3,37177511549700
2,37178528256200
4,37178580939000
1,37179929621000
3,37184155746600
4,37184994088100
1,37186425700700
1,37187076517600
3,37190962729200
4,37191638802300
3,37192446002900
1,37192666025100
2,37193333940400
1,37194354361700
2,37194687313600
3,37196036786100
1,37196757237100
3,37197555215800
3,37198319659900
2,37199911973000
4,37200001625100
3,37201681698000
3,37201931969300
3,37202274096300
3,37202815486300
4,37206077562700
3,37206394896700
1,37208532456100
3,37209661565800
1,37210129727700
2,37212207825300
2,37212362435300
1,37220971248700
3,37222856846500
4,37225308433800
2,37226197672000
4,37231511221300
3,37236781150700
1,37237310068600
1,37238964642300
3,37239925027200
1,37240716524100
2,37240947185500
2,37242687220800
2,37244026742500
3,37244644511300
4,37245084601600
3,37245695164600
2,37247307513100
1,37250837348800
1,37250898329200
4,37254228034100
3,37259862087800
4,37260608585800
4,37260757395300
4,37261438077700
4,37262409725700
1,37263135210800
3,37263509051000
4,37263509276600
1,37264317448700
2,37267866703800
4,37270155757700
4,37273573682200
1,37274845444400
1,37274949672100
4,37275091267500
1,37275816440600
4,37276144478000
3,37277414682400
2,37277833368900
1,37280855196400
3,37281929283800
1,37282686928900
2,37283352907200
4,37284704156100
2,37284704910600
4,37284900089100
4,37286162702600
2,37288437154500
3,37290283889100
2,37291464960400
4,37291880703900
4,37292117119200
4,37294474506400
1,37294902303900
3,37296600193700
3,37299989057600
2,37300609308300
4,37305308143300
2,37305406126300
2,37307253900700
3,37307572212800
1,37307698805300
3,37309094503100
3,37309859447900
2,37310938950000
4,37310993069400
1,37314279799500
4,37315513430900
4,37317827131600
1,37319294944500
4,37320527359000
1,37321096212600
4,37321878647100
2,37321957139500
4,37322903567900
4,37324676877000
3,37326652850900
1,37329503567900
2,37330090866000
1,37331483203700
3,37332920735200
4,37333234481200
3,37335799784100
2,37335960599900
3,37336032443900
3,37341885352500
4,37341928167700
1,37342639533400
4,37344526143200
3,37346034215400
3,37347185750900
3,37353687160700
2,37357069719100
4,37357961431500
3,37359218358300
2,37359833678600
2,37359911458800
4,37362453604600
3,37367137303300
3,37367978188200
2,37368759485800
4,37368932222200
4,37369045433500
1,37369045644800
4,37370606141800
3,37371804192600
3,37374460519700
2,37376207425300
2,37376912073300
1,37377478359700
3,37377759893900
4,37381530954100
3,37383732790300
3,37384555719800
4,37386520319800
1,37387063563300
2,37389184027100
1,37389695631800
1,37390356109800
1,37390824930800
1,37391379926300
2,37395503716500
4,37396098080900
3,37396098362500
2,37396598289100
4,37398863121300
1,37398874626200
4,37398912911500
2,37399411978900
3,37399660516100
4,37400746812600
2,37400835587800
1,37403811418100
3,37406878716800
3,37408495935800
4,37408734206600
2,37409783278800
1,37410793696900
3,37411689534200
4,37413248783000
3,37413249300300
1,37415868319800
4,37418578541700
1,37422193848400
4,37422639721300
3,37422645064000
1,37423618246400
1,37426327964000
2,37427656660200
3,37427835039900
2,37428198083800
3,37429951973300
1,37433469532000
4,37434333170800
3,37435079405300
2,37436465042500
3,37437600257100
4,37439404238800
2,37439616542900
2,37440259138000
4,37440381226400
1,37444774914600
4,37445068407600
4,37446573597400
2,37446634020200
3,37447114197700
2,37448654509700
1,37448844010100
4,37450940023300
2,37451006284100
4,37451102689400
3,37451911281300
1,37452044417700
2,37452170316200
1,37452419791400
1,37452653800800
1,37453770072600
4,37455791194300
4,37456816297200
4,37458897268600
1,37460249652100
1,37460490340600
1,37460767472900
3,37462009889600
3,37462376839000
3,37463770707600
2,37464265718600
1,37464555293300
2,37465186164400
1,37465975040200
4,37466065941100
2,37466232823600
2,37470614646700
2,37472442052600
3,37472967444200
2,37473765469500
2,37473857117800
3,37474293345300
3,37474873476500
3,37474963433900
1,37477299270000
2,37478631783000
4,37478711806700
3,37483614118600
3,37489215701400
2,37489283032300
3,37492155222100
4,37492246632300
4,37492980033200
3,37493084257100
3,37493084805500
1,37494208938900
1,37499975394200
2,37503946009200
2,37505813754300
3,37506762811300
4,37508186001900
2,37509586420200
2,37513446588500
2,37515487988000
4,37516777282700
3,37519229143700
4,37519467285600
3,37520546692000
4,37523820178500
1,37524009534600
4,37525784724100
1,37526140409000
4,37526270479000
3,37526577720900
4,37527229126600
3,37528298606900
1,37529069760900
2,37529103420400
2,37530185140000
2,37530593171500
3,37533266934400
2,37534088921000
1,37535162459300
4,37536507851100
2,37538439700200
2,37541140787400
3,37542677311400
4,37543102712800
3,37549586683300
1,37552324701700
1,37556791618100
1,37560205548200
2,37561492803500
1,37562856582000
1,37564592998400
1,37564716243900
3,37565430075300
2,37565607637200
1,37568746992000
3,37569485370000
1,37570563254300
3,37571559396700
3,37573275222300
1,37573486649300
4,37573654511000
3,37574552027700
4,37576444691700
1,37576697659300
4,37577486202800
3,37580566797000
4,37584659069000
4,37587222793700
4,37588297198300
4,37588741781100
4,37591771944000
4,37592551246900
3,37592756495100
2,37593411120700
2,37595813440200
3,37595964033900
1,37597896541900
4,37597896671300
4,37599112688600
2,37599278418200
3,37602423950600
2,37602489261800
2,37604284678100
3,37604757071600
2,37606784415200
4,37610463490300
1,37613579804500
1,37614701458300
4,37615705374000
1,37616035448200
4,37617081163100
2,37617268313700
1,37617903786100
4,37618499054900
2,37620140375600
1,37620140376200
1,37620140389700
2,37620140455700
2,37620595327500
4,37620597997800
4,37621756512400
2,37622265944500
1,37626729908000
1,37627151600700
2,37627842608200
1,37627984016300
1,37629522437400
2,37630504130800
2,37632230788800
3,37632645495900
1,37633340386300
4,37634120944600
4,37636862207600
2,37637877620000
3,37638181517100
3,37638265151400
1,37639353010000
4,37642830468000
3,37644307123000
4,37644974591300
1,37646019123900
4,37648492477500
4,37649636758400
3,37655702385100
4,37657131144900
1,37657236995900
2,37658262395700
3,37662597238200
4,37666235985000
2,37667286753300
3,37668316345700
1,37669398099500
4,37671350621100
3,37672132634100
2,37675712597000
1,37679000397500
1,37680294244800
3,37681105798700
3,37682903584800
1,37683402195500
4,37685430425600
1,37685456751400
3,37686913395300
2,37687337070800
3,37687562465400
1,37689002721800
1,37689171957800
4,37690822599000
3,37693018630500
4,37694855897600
3,37697457705900
3,37697458054700
2,37698715672500
2,37701809185600
1,37703450051400
3,37704627611300
2,37705407755500
4,37706819990000
3,37710063617600
4,37711270788100
4,37712074379000
4,37714078743100
2,37714078975000
2,37714780063700
4,37717325432300
2,37719756924800
3,37719810712300
1,37724783830800
4,37725114713900
3,37727832625500
3,37728500442900
4,37729031023600
4,37731874179900
1,37734858112900
3,37735324749300
4,37736765899000
3,37737930096700
3,37738245445300
3,37738261969700
1,37740463585900
1,37741277506100
1,37741906109200
1,37742847035300
2,37743406934400
1,37743424340000
3,37743661619900
1,37743723610700
1,37743926057400
1,37744948357300
2,37744995218500
3,37745201583900
3,37747030278200
3,37747206459400
2,37748949111100
3,37749245368200
2,37750324590900
1,37751484179400
2,37752296946900
2,37752420000700
4,37752447930100
2,37754325691300
4,37755361017700
2,37757321210100
1,37758254701100
1,37758680853200
3,37760647733700
4,37762561845300
2,37762615899500
4,37764421107300
3,37765202062500
2,37766102701000
2,37766687060900
3,37768026968800
1,37769071522600
2,37770198902600
1,37774538591300
4,37774697677900
3,37776478819600
3,37778486540000
4,37781351513100
4,37782997113200
1,37784143110800
2,37784859524900
3,37785198424500
3,37785986421100
3,37787782041100
1,37789999568300
1,37790521481800
3,37793089137200
4,37797074931300
3,37797664527700
3,37799065112700
4,37799750508900
3,37799755380200
2,37801337306000
2,37806850119800
2,37806876613400
1,37810073733000
1,37810300756000
4,37810505313500
2,37812486546100
2,37814324958900
1,37814615682800
1,37814780500400
2,37814834574100
4,37815003890500
2,37815845468300
3,37819572175800
2,37819811617000
1,37820314562000
3,37822314605500
1,37824048259000
3,37826222477100
4,37827249790100
2,37827871920000
2,37828199525000
3,37828480670900
2,37828480853600
3,37830954614100
1,37836472820100
1,37836472961600
1,37837488146000
2,37837883753800
4,37839108681800
3,37839383788400
3,37843521876700
4,37844358984800
3,37845067986300
2,37849029797700
2,37850237228700
2,37850614316700
4,37851990008700
4,37854272148900
1,37855363566000
3,37856138684000
1,37857163795400
1,37857529621100
2,37859600983900
2,37860111830200
2,37862395065000
3,37865129684100
2,37866957936100
4,37867310880200
3,37867336845900
3,37869838042600
1,37871250567100
3,37871624918400
1,37873352708100
1,37876719469000
4,37879410172600
3,37880774494700
1,37881399538700
2,37881988445100
1,37892168727700
2,37894768417800
2,37895536233000
2,37897201970400
4,37897528646000
4,37897785362700
2,37900336209300
4,37902336730600
4,37902373788700
4,37903074105500
1,37903729894700
3,37905838008800
4,37906201213900
4,37906632472200
2,37906671598200
4,37907312681200
2,37907372007600
4,37908270970600
1,37908768171700
4,37912020563300
4,37915346707400
1,37915421908700
1,37915849066800
1,37915864232600
4,37916445674100
1,37917304125000
1,37920598694900
4,37923207590000
2,37923511323400
2,37924208498400
3,37925637604800
1,37927580700800
3,37928526879200
1,37928702892400
4,37932048204600
1,37932784601000
1,37933580656900
4,37933974079000
4,37934539826900
4,37938471782200
1,37938472203100
3,37939335013400
3,37942135562600
3,37948533285800
4,37950125288800
1,37951529979800
2,37955108383500
1,37958512159900
1,37958538375600
4,37959082420100
4,37959974560900
4,37961079174000
3,37961141866100
2,37962596063200
4,37962981616000
3,37964202953300
2,37964505746400
4,37964879220600
2,37965009503600
4,37968201233000
4,37971761423000
4,37972268243100
4,37973774311100
1,37973862229000
3,37975111970200
1,37975835120500
4,37978443088900
1,37979007418400
3,37979422757500
2,37980244939500
1,37981800473000
2,37982323500100
2,37983043625000
3,37983477344200
1,37983828334700
3,37984331482700
3,37984348277000
1,37985677508900
2,37988852086600
3,37990577859000
1,37996203882700
2,37996425946500
4,37997012246700
3,37997952704900
2,37998941470000
1,37999940897900
1,38001276180800
4,38002111060700
4,38003193566300
1,38006852369800
2,38008148705500
1,38010429922800
4,38010462181400
3,38012856823700
3,38015467371600
3,38017894411300
1,38018094581600
1,38020294433000
3,38020918012500
2,38021621935200
4,38022489185900
3,38024196305500
1,38024457618300
2,38026286124100
3,38026286501900
4,38029972325000
1,38035089015000
2,38035365598700
3,38036256845900
2,38036387142800
2,38037351013500
1,38039084605400
3,38039852309200
1,38040107979200
2,38042355067900
3,38043161134700
3,38043611931200
2,38044286666900
1,38046027929900
2,38046667264100
2,38046775794300
3,38047843483000
3,38049377929800
2,38050120175200
4,38050120340100
1,38050642908900
4,38051541988200
2,38051627750600
2,38052655957900
4,38052856075600
1,38057522859700
1,38059150511200
2,38060889813600
1,38061428985900
4,38062929579800
2,38064334511300
1,38064530494200
1,38065728260900
2,38066387506400
2,38068029877200
3,38068191981400
1,38069727491800
3,38070397462500
1,38072387586700
1,38072505677900
2,38072885566100
3,38072931296100
1,38073321341900
4,38073359324500
1,38074091518500
2,38074897076800
3,38075412084800
3,38075770670500
2,38077785707600
3,38077816960300
3,38078638061200
1,38081278649500
3,38083415506500
1,38083709296500
1,38084405781100
3,38086815876700
1,38087668050300
2,38087862768300
1,38088766199200
1,38089628967900
1,38090503256800
3,38091113792400
3,38092732579600
4,38092849777400
2,38093295893700
2,38093353149400
4,38093635807200
4,38094302107500
4,38095336925600
4,38096121279400
3,38096168480700
2,38098098904800
2,38099039269400
4,38099114804600
2,38100017462300
1,38100297827700
2,38100542957300
1,38101164947000
1,38101686287100
3,38102903435000
1,38103259413700
1,38107916864300
3,38108475442300
1,38108792866100
4,38110071498800
1,38110113957500
4,38111463295500
1,38111689545400
1,38112262254200
2,38112566418100
2,38115168473600
4,38120230004200
4,38121182100400
4,38123215209700
3,38123384722900
1,38124622641600
4,38125190343500
2,38125652853200
3,38126774403800
3,38127405955500
3,38131913686300
2,38132133612100
2,38132133805700
1,38132899272900
4,38134787710300
2,38134881439100
1,38134944261100
4,38139922572800
1,38141025579100
3,38142737917200
4,38142804297200
1,38143808533500
4,38145105286400
1,38145484990400
2,38146554160500
1,38150135484800
1,38150461488300
1,38153609892400
2,38157084996700
2,38157449862300
3,38157557279900
2,38161247495600
4,38163093466200
4,38163747909100
1,38163792464400
2,38164269177200
2,38170368375000
4,38170516316100
2,38172363973500
2,38172519445400
4,38174683245300
4,38179376209900
1,38179831225800
1,38179910882400
3,38181040913000
2,38183617267800
2,38183949177700
4,38184697762000
2,38184943767700
1,38186041262100
1,38186082144400
1,38186220295400
4,38186652879200
4,38187055449500
1,38188179051400
4,38189192147100
1,38192956627600
2,38193155126900
4,38196000065900
2,38196142758300
1,38196815093000
4,38198789832500
2,38199605385200
1,38199682519600
3,38200703733800
3,38201997062700
1,38202956199300
4,38202983520300
1,38203285376400
1,38204005217500
2,38204252475700
3,38204741632600
4,38205689029100
1,38206820608300
2,38207734436300
1,38211085924700
1,38215870627200
1,38216917231100
1,38218892966500
2,38220199874700
2,38220485183100
3,38220798588200
3,38222604916400
4,38224334130000
2,38225195138700
4,38225299766700
4,38226066057900
2,38227564605400
1,38227684788700
3,38227878824500
1,38227932470800
3,38228195642500
4,38230753989400
3,38234218287200
3,38236509370600
4,38239288152100
1,38240148643300
2,38241908552700
1,38244713284900
1,38248250272700
4,38248794207200
4,38250241801700
1,38253167154000
1,38257456182600
4,38258404776600
1,38259026628700
1,38259256752700
2,38261667419300
1,38263396151000
3,38263532041000
4,38263556916000
4,38263670863500
4,38266785195800
2,38268868239900
1,38269630446900
3,38270860415300
3,38272493658600
4,38272880221200
2,38274070123400
1,38274510389600
1,38276983842100
2,38277240081900
3,38281638980000
2,38283031779100
1,38283255682400
3,38283695144700
2,38283782284900
2,38284472169000
4,38285135048000
2,38286832998600
2,38288528630800
3,38289641410500
1,38290787550200
4,38294379416200
1,38294801955500
2,38295433214200
4,38297863513400
1,38299544852100
4,38299757186600
4,38300261930600
1,38300830456300
4,38301606473000
2,38302633833500
4,38302945856900
2,38306255133300
3,38307922713700
3,38308302265800
1,38309109315600
3,38309834891900
2,38311288809800
1,38312179754300
1,38313520917900
2,38314157145400
4,38315757627800
1,38316666391100
2,38318063551000
4,38318209033800
3,38320184791800
1,38321595077900
1,38322728719700
2,38324702007000
2,38324907843000
2,38325398235300
4,38326017066400
3,38326467055600
2,38329433510000
1,38335896191200
4,38336287464500
2,38336406023100
1,38336699234400
2,38337184251500
4,38338021062200
2,38338410089200
4,38339552698200
4,38340829589300
4,38345298717400
4,38347726891800
4,38348026008800
1,38348026072700
2,38351930937400
4,38354060493200
2,38354540049100
2,38355733664000
2,38355874478800
3,38358552649800
2,38358553293800
2,38360041554500
2,38363315605900
2,38363753690400
2,38363831373800
1,38365662274400
4,38366283967500
2,38366552318000
1,38366874357700
2,38368558116700
4,38369047963900
4,38371583770500
1,38372697605800
1,38375283696900
2,38376050190100
1,38376996319800
1,38377080229600
3,38377969462900
3,38379399261000
3,38380902177100
1,38382807399700
2,38383226639100
2,38385160989800
2,38386671409900
2,38386732558600
4,38388301843300
3,38388421274100
1,38388785838400
4,38389196870100
3,38391828848800
3,38392519713200
1,38392525020700
4,38393478578300
2,38393521369000
3,38393957746700
1,38394050057200
3,38395216608000
1,38395282613100
2,38395389059700
1,38395802762200
1,38398815808300
4,38399086614300
4,38400675038800
3,38401801792300
2,38402472027300
3,38403071873200
2,38404765715200
4,38404950056900
3,38405364701200
4,38406317833500
3,38406823859200
3,38407586837600
2,38407886820600
4,38408354116400
2,38411235229000
2,38411235240600
1,38412751864600
1,38413017243800
2,38414426989300
2,38416366890100
2,38416773095900
4,38417058286000
1,38418428838100
2,38418610583800
2,38420709811800
3,38421065067600
4,38421193770200
1,38423106475100
3,38426053108300
1,38426824944700
1,38427458793800
4,38427590410900
3,38428643054600
1,38430129699500
1,38431506390300
4,38431847687300
1,38432933756600
4,38433087830800
3,38433935033000
4,38433979958300
3,38436745168500
3,38438737583600
2,38440270290500
3,38440639331200
1,38440665692900
3,38441352459500
1,38442146371100
3,38443590029000
2,38446840357200
1,38449365987100
1,38450100146000
3,38450155976500
3,38450666103500
3,38454540425000
3,38454669006900
1,38455725885600
4,38456696192600
2,38457352321700
1,38458675948900
4,38460381504200
3,38464283284300
4,38465887847500
3,38466252174700
4,38467729771200
2,38469938381300
1,38472538253100
2,38472735795400
4,38474971094800
4,38475726093300
2,38477351319400
4,38479328711200
1,38479410066800
2,38479841202800
4,38480453131800
2,38483078430000
1,38483618217500
1,38483896669100
2,38486585297900
2,38487023972700
4,38489555558400
1,38489972261200
3,38490065209500
3,38490559098300
3,38491864970400
1,38493995123900
2,38497997695200
4,38499109001300
2,38499349819100
1,38499415269100
4,38501789119300
3,38502107787600
3,38502613398300
3,38504873187600
1,38505383310100
4,38506352564900
4,38506569505200
4,38507973209100
1,38508298061900
1,38511110964700
4,38512283083500
1,38513023972500
3,38513584830200
1,38520554266100
1,38521742858000
1,38522169270100
1,38522546706900
2,38522639726300
2,38522814136300
1,38522874092900
2,38522926452800
3,38523677475000
1,38523912533800
3,38524483243400
3,38525955979000
4,38529318979100
2,38530592611700
4,38531773324800
4,38532399099300
4,38532490707400
1,38532660334500
3,38532903809900
1,38534717459000
1,38536084916400
2,38536410815800
2,38538403269400
4,38538889421900
3,38539227823700
4,38539564057800
1,38544795530800
4,38546328951400
2,38547182016400
2,38550870616800
3,38552607133900
4,38553336995600
2,38556805199400
2,38558656126100
3,38560580406100
4,38560704041600
4,38560892931800
4,38566165061100
2,38567094618300
3,38568183065800
1,38568243495000
4,38569258013200
4,38569630107400
1,38571797262200
1,38572115276800
2,38576107591400
3,38576811102700
2,38578404149800
1,38578963032700
3,38580010652600
4,38582519363400
3,38582638950700
2,38583241308800
2,38583370500400
1,38585883984700
2,38586788397000
3,38588399210000
2,38588607983500
3,38589247065200
1,38592335014400
3,38593329086000
1,38593555774500
2,38596624359400
1,38597398821600
1,38599261242600
4,38599490499300
4,38599840752400
3,38600274653300
4,38602655400300
4,38602857218200
4,38603343137400
3,38604918988400
2,38607101636800
3,38611479694200
3,38611479738100
4,38613288184500
3,38613797047600
3,38614536883200
3,38614853679600
4,38614909939500
1,38615195619100
4,38615281187600
1,38619863299000
3,38621000866600
3,38621078614400
4,38623025191700
1,38624056977900
3,38624528720000
4,38625032221900
2,38625792059700
2,38627022515200
3,38627748651400
4,38630480873900
2,38630502285100
3,38633042459900
3,38634052319800
1,38639855232100
4,38640769530300
2,38641340967300
2,38641909433300
3,38642615251800
2,38643308147400
2,38645861249700
3,38648491256400
3,38648598445800
3,38649070286500
1,38651555950200
1,38651893601000
4,38654384701200
3,38654412599000
1,38654770701000
1,38655703440500
1,38656058250200
2,38656429899000
1,38657521634800
3,38658395020300
1,38659197703700
3,38662280317600
2,38665039116700
2,38666584529000
3,38667080675500
2,38667561329900
4,38667781669800
4,38670926196700
3,38675260766500
2,38675301021300
1,38675705508500
3,38676205756200
4,38680942197700
2,38682422950800
1,38683686560500
2,38684054087400
2,38685959646600
2,38685959742400
4,38686940146300
2,38687071457900
4,38696534014100
4,38696818464800
4,38697201044000
4,38699313565800
4,38700817443100
1,38703997124300
4,38705535470800
3,38706048545600
3,38707698977500
4,38708634365200
4,38709783643700
2,38711196992100
4,38711638978900
4,38711879329600
4,38712517715400
4,38713528690600
1,38713644974100
1,38714474214200
4,38718279957900
2,38719963576800
4,38721751942200
3,38722863466300
1,38724376047500
4,38724580719400
1,38726010993200
2,38726434767800
4,38726820561600
1,38727907013600
1,38730689301700
1,38737192293800
4,38738472661400
1,38738804529600
1,38738804551000
2,38740003797100
2,38743867401800
2,38747714579700
2,38753662295600
1,38754069962800
3,38754321133000
1,38760476027300
1,38760730712500
2,38766454719200
2,38767173794000
3,38767174668100
3,38767446920200
4,38767582373300
4,38767681784600
3,38768313755900
2,38768889024900
3,38768895726600
4,38769025255200
4,38769031523300
3,38772732199300
3,38772732746800
2,38774053701200
4,38775329828500
1,38775781471400
2,38776262831500
2,38777124721100
3,38780036099800
4,38781355393000
2,38782895765500
1,38787181669800
4,38787581743600
1,38787928027100
3,38788463571700
3,38791713607600
1,38792314814100
1,38792508673600
1,38793032627100
3,38793566303100
2,38794361390700
4,38795095259900
3,38797260928100
4,38799844626800
3,38804588248900
1,38807229802200
2,38807527927900
1,38807640602300
2,38810492206600
1,38810554560700
4,38810887114300
1,38811087085100
1,38812124723400
1,38812985729200
2,38814013720700
1,38814157804400
1,38817544794200
2,38818625410100
1,38820276402300
4,38821471560200
2,38822390043700
1,38823925439700
1,38823994426300
4,38824947685400
2,38825276599300
1,38827621118900
3,38828714355900
1,38829825827100
1,38830788653700
4,38831665356100
1,38831865332400
4,38835170758200
4,38836973205700
2,38837912291100
1,38840316344000
4,38841326553800
2,38842086654100
2,38846762799500
3,38848811872500
1,38850641040200
2,38852731089200
1,38854608301600
3,38855510172600
1,38860195214300
4,38861971876200
3,38862100132400
4,38863308778600
4,38864534221500
2,38867324906000
1,38868980516000
1,38869661606400
1,38870556145300
2,38871780753000
1,38873383203800
1,38880081983300
2,38883718328900
3,38883949246300
2,38885346194100
1,38885853229400
3,38885916674400
1,38886740173400
2,38889973901900
3,38889974071700
3,38893845694900
1,38894239508300
4,38894789893900
2,38897616031500
3,38897682151400
3,38898248988200
3,38899011558900
1,38899012024700
3,38900509166000
3,38901330601900
1,38901330704400
2,38901378059200
1,38903229814700
1,38904608721000
1,38912320786000
1,38912939420100
2,38915871196300
3,38917751672900
1,38919393524200
1,38922707894300
2,38923923278500
4,38924803430900
2,38925893939300
3,38926779758800
3,38927417003300
4,38929110359900
1,38929519004500
2,38930127309400
2,38932389245600
2,38935949239600
4,38936056678800
2,38939202602000
3,38939917377100
4,38945289072700
4,38947044825300
1,38949205103300
1,38951682776400
1,38952005346700
3,38953105617400
3,38953296752400
2,38954841362700
4,38955020342500
3,38955219789600
1,38955745651000
2,38955897711500
3,38957725814700
3,38958042554500
4,38959074412600
1,38963536905600
3,38963570480900
2,38967765834600
4,38969051492300
3,38969187216300
4,38970876314400
2,38973139260400
1,38977442430400
2,38978172619100
2,38979447282000
1,38981457486700
1,38982620917500
2,38985193890800
1,38985778435400
4,38985778444600
1,38985778458900
1,38986897898900
2,38988110225900
4,38988582722400
1,38988909481900
1,38989707815700
4,38991343361900
2,38992619342300
4,38992844891000
3,38994360516900
3,38994624076600
3,38994874133400
1,38995246112100
4,38995466717300
2,38997070129700
4,38997611064000
2,38999121876700
4,38999523109600
4,39001371103300
1,39001891839800
3,39002172682000
3,39003094648700
2,39003453931100
4,39004443341500
2,39005898420000
1,39008604927700
4,39008835582300
3,39010702175700
2,39011253676700
3,39012922906300
3,39016061233300
2,39016914254600
3,39017675216100
2,39017859093300
4,39018780621300
3,39019643742100
3,39020500639400
4,39021090100200
3,39021998470900
2,39026057436200
3,39026204873000
2,39026635875300
1,39026975490500
1,39027170232700
2,39027846559000
4,39029481374500
3,39031588218400
2,39031982336500
1,39032141432900
2,39033484768600
4,39034062450200
2,39035329010000
1,39036777235100
3,39037924207000
1,39040949464400
4,39042732259100
2,39044096426600
2,39045132330500
3,39050657004800
1,39051508879700
3,39051758621600
3,39056358937700
1,39057372917800
1,39060224530700
2,39062839950200
2,39063262478900
3,39072090434100
2,39073417287600
3,39075260584900
1,39076770923300
2,39079212291300
2,39082121236700
1,39083948370400
2,39085211568500
2,39085374168800
4,39086606321300
2,39087898633200
1,39092636411300
3,39093799255200
3,39094028179100
2,39094736729000
1,39094959320900
3,39095563846500
3,39097667185500
3,39102863795800
3,39104242382400
1,39105571219500
1,39106150546000
3,39110568106000
3,39110615830500
2,39110957659100
2,39111199469000
1,39113264634000
2,39113980974200
2,39114871240800
4,39115510941600
1,39115767212700
1,39115853282000
1,39115874047000
4,39117459513000
3,39117598295900
3,39118324930300
4,39119563826500
1,39119995127100
3,39122165326600
4,39123071098300
1,39124119260400
3,39126395219000
4,39132340545500
2,39132602037800
2,39132765989300
3,39135351596900
4,39135980253000
3,39137569074200
4,39137579114600
1,39139694085700
1,39141331024500
2,39142182441400
2,39142385785600
1,39148587906700
3,39148885204100
2,39149544363300
1,39151617157100
3,39152634106600
2,39153771215600
2,39155158306100
3,39156025378800
4,39161516096200
3,39162037216900
2,39163219995700
4,39163477638900
4,39163716113400
4,39165741348800
3,39170985087500
4,39171009847500
3,39171160555900
3,39172555287500
4,39175285624400
4,39176217661400
2,39177244629600
2,39182865984000
3,39183541292200
3,39185742527400
2,39188483986300
2,39192211288900
2,39194260789400
4,39194272302600
2,39194364255200
2,39195614095800
4,39197294427700
4,39199138437800
2,39199139283600
3,39199141152600
3,39202351502500
2,39202737825600
4,39204048272400
3,39205878401200
1,39206948124900
1,39208114711600
4,39208726180200
4,39210367122600
3,39211720970100
3,39213237981100
3,39213238137900
2,39215238404600
4,39216794663100
4,39222573998300
4,39224235517000
3,39224284478200
4,39225065123200
3,39226199256900
4,39230766466300
4,39231293883900
3,39233240739500
4,39236630849800
3,39236976466000
3,39237112065500
1,39238666840400
1,39240009038900
4,39240257559900
4,39241851948500
2,39241992191900
3,39243765222000
2,39243885529900
1,39244438435600
3,39245246304900
1,39245373547200
4,39248114229200
3,39248249742600
1,39248647102700
2,39248809362200
2,39249262694000
3,39249990344200
3,39249990606900
2,39251616531600
2,39251725402100
2,39255408978500
1,39255871574700
3,39256460431300
1,39256870149400
1,39256931791700
2,39261962220600
3,39263919206500
4,39264156955500
3,39265163252000
2,39266833257800
4,39267473546000
2,39271256213200
4,39274299982200
3,39275855961200
2,39276542828600
3,39279298490800
3,39281173849300
3,39284995723900
3,39285063365600
1,39285766635900
3,39286693471200
1,39289556921700
1,39290771455300
2,39291217470500
2,39292107985000
3,39293728584600
3,39294362199000
2,39294589341800
1,39295002660700
1,39296243453900
4,39297942485000
4,39298966298200
2,39299377728000
1,39299397648000
2,39300913838800
3,39301055775900
2,39302864938700
4,39303507038700
3,39303584749200
1,39304146263200
4,39304513759200
4,39305140392800
4,39305205740300
3,39306942863800
4,39307924954300
1,39309747002900
1,39311041128900
3,39311403852000
1,39312191070900
3,39313206050800
3,39313488514200
2,39314752130400
2,39315714273800
3,39316503802900
1,39316930573100
4,39318822232700
4,39319602897700
4,39319848510700
1,39320788966000
3,39323503982400
2,39324097529500
4,39326322850400
2,39327127493200
3,39327270347100
3,39330953163600
3,39332352610300
2,39332856219900
2,39333287105500
3,39333478751300
3,39333697340800
2,39334622203700
4,39335748611300
1,39337188182000
3,39340258539400
3,39341350610700
3,39341373325100
4,39346701386300
3,39347850603500
4,39349162028200
3,39350321992500
4,39351339430100
4,39353191880900
3,39353198247600
1,39353578270200
4,39355639225600
2,39356089052300
3,39358063915100
3,39359235807300
3,39359765477300
1,39360201740000
3,39360595270200
4,39361621769400
3,39362239802800
1,39362727188700
2,39363197430500
1,39364306445700
3,39364924741700
2,39365285901200
3,39365415269500
2,39365828824300
1,39367677448700
3,39370030427000
1,39370441859300
2,39370884270900
4,39371770442000
2,39372170667400
2,39372506350100
3,39372572280600
4,39373014867100
2,39374412505000
2,39374952251400
1,39377564097100
4,39377906102100
3,39381261895500
4,39381505162600
4,39385035901600
2,39385936694600
4,39387797817600
1,39388330395700
1,39388702633000
4,39388716822600
4,39389670394800
3,39391593601100
4,39394403223900
4,39394615796100
4,39395006036200
4,39395705759200
1,39397379570300
3,39397568143000
1,39397976533800
1,39399924317000
3,39401541200400
1,39401938734400
4,39403734089800
4,39405800645400
4,39407418686900
3,39407418934600
1,39409427842900
3,39410014947500
2,39411876984900
3,39411948749900
2,39412573061600
4,39412645510200
4,39414170185700
3,39414644781900
1,39415435963300
4,39417695851700
4,39417809104400
1,39417809144800
4,39417989502600
3,39418851545800
4,39419634935700
1,39421665282200
3,39422110844400
4,39423287546000
2,39423474631800
3,39428105743300
4,39428264671100
2,39429436373400
2,39430993968100
1,39431931317800
3,39436957939000
4,39437889376800
3,39438928731800
3,39439027676300
1,39440026708100
2,39440381900100
1,39441536626600
3,39443807284400
1,39444459574100
3,39444832625500
2,39445752048600
2,39445784247300
3,39446369524900
1,39451075762300
2,39451351672500
1,39451375346000
1,39452511182800
4,39454613726700
3,39456718760200
2,39457564944200
2,39461694626300
1,39461993769200
3,39464596125700
1,39466385639100
1,39467327305800
4,39467407967100
4,39468001680200
1,39468178995800
3,39470880118600
2,39471703796800
2,39478498644800
4,39482232567300
4,39482232777500
3,39482514672400
2,39483392354400
1,39484566121200
4,39485721520300
1,39486121204800
3,39488961076300
4,39492547192400
3,39492984088100
3,39493029516300
3,39493851489000
2,39495109577300
2,39495139174100
2,39495314491500
4,39503737250900
2,39504236699600
4,39504396735700
4,39504397318800
4,39506878926100
2,39507573798800
1,39509258026900
3,39510579876000
4,39512153627300
3,39512663991000
1,39514194678200
2,39518381405700
1,39518862798800
3,39519116984500
2,39521698035900
4,39524710512500
3,39525401054900
2,39529956508500
3,39531167972600
2,39531433093600
3,39535661896200
1,39537112615100
1,39539091717700
2,39540167027600
4,39544301285900
2,39549976543000
1,39551979479400
1,39554780077400
1,39555125567900
1,39556364987700
1,39558871608800
3,39558891040700
4,39559043511300
1,39559291213300
2,39559559291200
2,39560990979100
4,39562293096600
2,39564848683400
3,39564973120600
2,39568975976100
2,39569031099000
3,39569142603600
1,39569310719300
3,39569834250200
2,39570042674500
4,39571542480700
4,39571917672800
1,39573501974800
2,39573962444300
4,39574059302500
1,39574356279400
4,39578677732400
1,39579299401900
2,39580366989100
4,39580745388300
3,39580915407700
1,39582301757000
4,39582554423400
4,39586794317100
2,39587746963600
1,39588110232700
2,39589185663800
2,39590395169400
2,39590966703500
2,39590966706300
3,39591536319900
4,39593127502400
2,39594308089400
2,39595225591900
2,39595607006500
4,39596100797200
3,39598249597000
2,39599883924300
4,39600453797400
1,39601527524300
2,39603147587800
1,39605626734000
3,39613407326000
1,39615527484900
1,39615587980300
2,39617476262100
3,39618795440900
3,39619108493500
4,39619707541500
4,39621343199900
4,39621529616400
4,39621536099600
2,39621560572500
2,39625207309100
2,39628017783200
4,39631171528500
3,39631344645000
1,39633745189100
2,39635876801400
4,39636345940500
2,39636495693600
4,39638355894500
2,39640096580700
2,39642005218400
2,39642263219300
1,39642788783000
4,39643802281100
3,39644280143400
4,39645281167700
1,39649720021700
3,39654332797900
2,39655201053100
2,39655406923800
3,39655772346800
1,39660219799100
3,39660733980400
2,39660811078600
4,39663814650700
3,39666771119400
3,39666771131500
3,39666771179800
1,39667913018800
4,39668259901000
2,39668745183500
4,39669130210700
1,39669962396700
4,39672654939400
4,39676721778300
2,39678350755400
2,39679285709100
4,39679306126900
1,39680363893400
4,39680563176700
4,39684150734400
3,39685598759800
3,39693216239600
4,39695527370400
3,39696732982100
4,39697083232500
3,39697573602100
3,39698972361400
4,39699515831800
3,39699920694100
2,39703339121200
3,39703637800600
3,39704099676400
2,39706991581600
3,39712732927800
1,39712828079800
4,39714409231700
3,39714592660400
1,39715045020600
4,39717573580500
2,39718686916300
4,39718687008800
1,39718756167400
4,39719752809300
2,39723518936800
1,39724981658800
4,39726800395700
2,39728301504800
1,39728630608200
1,39733234684500
1,39736778962800
3,39737388473300
4,39738472842400
4,39739480967500
2,39739590735100
4,39741569131500
4,39741833499300
1,39744561272700
1,39744849653600
2,39746552465500
4,39747017018000
4,39749260166800
4,39749260168800
4,39749260609100
2,39751697585600
2,39753496590900
3,39753500338000
4,39755537278800
3,39756192351600
2,39758840057900
4,39759499015800
3,39759738267700
2,39761988394700
1,39762306205200
3,39763552805600
2,39763808658800
2,39765489976200
1,39767579672600
3,39767580042400
1,39773519752600
1,39776732347400
3,39777551009100
3,39777687643300
1,39778599374000
1,39783199499900
1,39784928318300
1,39786560252300
1,39788147350400
3,39790067775500
1,39791633439600
4,39792623796400
3,39793046538700
3,39794044858900
2,39794766235900
4,39796687463900
2,39798653196400
1,39798975820100
2,39799649382600
3,39800066081500
2,39804279473600
4,39805824737000
3,39808229183100
4,39808650878600
2,39809444252900
4,39810698860700
1,39811703542800
3,39812099416500
1,39813364113500
2,39813858453300
1,39814586706000
1,39817703950100
4,39818054397200
4,39818436512000
1,39822626145300
1,39822626602800
2,39822629908600
1,39822630278800
1,39822863972600
2,39824292300000
2,39825326795300
4,39825941655900
4,39825971608100
4,39829139743100
4,39829315492900
2,39834367591500
3,39837994596500
2,39842251035200
2,39842262692500
3,39843616768100
3,39843823404700
3,39846147153800
4,39848562597600
2,39848949487200
2,39852204802100
1,39853692894700
2,39856948678200
4,39858792545700
4,39858843420500
2,39861343566500
1,39862160478100
4,39865051820000
1,39872123439900
1,39872173097300
2,39872743665700
1,39873035273500
4,39873106268000
2,39876859157100
2,39878269748100
1,39878317816300
1,39878474938500
1,39880023139100
3,39881118159900
1,39881118160100
2,39884453419200
3,39886798488600
1,39889812409800
2,39891768991500
4,39896321354100
2,39900192426200
2,39900989524000
4,39904997896100
2,39912132964100
1,39912184814500
1,39912460265700
1,39914524828600
4,39914992333800
1,39916159174300
1,39918748517800
3,39919449885400
2,39921217368100
3,39921803769500
4,39922030769400
1,39922526313700
4,39924262112500
2,39927871172900
4,39929168158800
1,39929596305800
4,39930609827300
3,39932652245400
1,39933852019200
2,39935794933200
4,39937947577800
3,39939863377500
3,39940965036000
3,39944475004100
2,39944575510200
3,39946705954800
3,39946965753600
4,39948860381300
1,39950157709300
4,39951430675500
1,39952344077100
1,39952589739800
4,39952851937800
2,39953856169400
3,39953964104700
2,39956780016400
1,39957894672400
1,39958995233800
4,39960184076800
4,39961073045600
3,39961292278700
2,39963679752400
3,39964751246200
4,39966269323400
1,39966767563700
2,39971242831700
3,39971252850600
4,39971443411600
3,39971687871100
4,39973024252100
3,39973766133200
4,39978715884100
3,39979331949500
3,39980916816400
4,39984127240700
1,39986002337200
2,39988641335600
4,39988955572100
1,39989780898300
4,39990512954900
4,39991215064900
1,39991657745300
4,39993107598900
2,39993541261700
2,39994934064800
1,39996667678700
3,39998032219500
3,39998466224100
2,40000482873500
2,40001474451700
4,40001679834600
1,40003086706700
2,40003150611800
1,40003150670700
3,40003433564700
1,40006276962600
1,40006970506900
1,40007052643200
1,40007395179400
4,40011122770200
2,40011122987600
4,40011880602500
2,40012748878100
4,40014392191200
3,40014721137200
4,40016581004300
1,40018045835400
2,40018143216500
1,40018665869500
2,40018666563500
4,40018996974100
3,40022287511600
3,40023716142400
4,40024479782000
3,40026360879200
2,40027421201000
2,40027644288700
4,40031603304900
2,40037348714200
4,40037548664100
2,40038027546100
2,40041420369600
1,40041562703500
1,40042410717400
4,40043003557300
2,40043375433600
4,40044687091900
1,40046151795800
3,40047046756500
4,40047895345000
1,40048267101700
4,40048560057700
4,40050751930900
2,40053214815700
2,40053236389900
4,40054574493600
4,40054878853500
3,40056822502300
3,40057253779000
2,40058922773400
1,40058999698300
1,40059897360400
4,40061306396800
2,40061825608500
2,40062634696200
3,40062870541400
1,40064456281200
3,40064952762900
3,40064953009500
1,40064993999000
1,40065857938600
2,40066442111300
2,40068115372100
1,40068160403600
1,40069263517000
3,40074668552100
1,40076610987600
2,40076978871600
4,40078215110600
2,40080920561500
2,40081488230900
4,40082839154400
4,40086762421400
4,40086789171300
2,40087928428400
3,40088166868700
2,40089698612300
4,40090333449800
3,40090462287200
4,40093615878800
3,40095587406400
3,40098571360900
2,40099024862200
3,40104242935800
4,40104803155600
4,40109446537300
4,40116526494200
2,40119559308800
3,40120202625200
3,40121357859200
2,40122537182300
3,40123906635400
2,40125018688200
4,40126673654600
3,40127108197200
3,40127599999600
4,40128240905700
2,40128648488100
4,40132559906900
4,40132703151500
1,40133863235100
2,40133976663400
2,40134244341700
1,40135486014800
1,40136689652800
4,40137178087400
3,40138422625300
3,40139004794600
1,40139150281400
4,40139602126300
4,40141138812200
2,40142168027600
1,40142637364500
2,40142736585100
3,40145662841400
1,40145964948400
4,40146049025600
3,40147355103000
3,40147780103500
3,40153905443400
4,40154817907100
3,40155849692200
1,40160024228300
1,40162324276700
3,40162777850300
2,40163029444100
1,40163828298000
3,40164257836200
1,40166775084000
4,40167767681500
1,40169323427600
3,40170239307200
3,40170257322600
3,40170972231400
4,40172351157200
3,40172434835000
4,40173081146800
1,40176069776700
1,40176203093500
1,40182043736200
2,40182498492200
4,40183621300900
1,40188013513000
3,40188691386900
3,40189316593300
3,40189574276500
3,40191293624100
4,40191475826100
4,40194751120500
4,40195942631400
3,40196821070800
4,40196880071700
1,40197601243200
4,40201310796800
2,40203162879100
4,40207951313100
2,40209486087600
2,40215448948700
2,40215497516000
4,40215779648600
1,40216778343200
3,40217453902100
4,40219949746900
2,40222934129700
3,40223466667200
2,40223634064300
2,40223675886100
1,40228519147900
3,40231029395600
3,40233237093700
4,40235717284100
2,40235841521600
3,40237100286200
1,40237701291200
1,40238331471500
2,40238807353300
3,40238889576100
4,40240504695900
1,40241809622000
3,40242476201500
2,40242498797200
3,40243545102100
4,40245355669200
4,40245540735200
1,40246534703600
2,40249913154400
3,40250828221600
2,40253511826100
1,40255830796400
4,40256113438300
2,40261413285700
3,40262181394600
2,40263035735600
2,40263035824600
1,40264773001600
1,40265100134600
1,40265437316100
2,40268199530900
3,40269209291600
4,40271225743700
3,40273217523400
3,40277457054200
1,40278337780200
1,40280260916300
4,40283424735100
1,40283963087200
4,40290571289200
4,40291662881000
3,40292017635200
2,40292046107800
3,40292432124200
2,40292450183800
2,40292450378900
2,40292451012900
2,40293795353300
3,40296812762000
1,40300242352500
4,40303119894300
2,40303223972400
3,40303487452600
3,40304131928000
4,40310662000100
2,40311004978200
2,40311554469000
4,40311755116600
1,40313905795000
2,40315751282500
2,40317560265200
2,40318636093300
4,40319027714300
2,40319803336300
3,40321306806200
1,40322432143300
3,40322611118900
3,40323411731700
3,40324964068200
1,40330576981600
3,40333271181000
4,40335578643200
4,40339673792400
1,40340341898800
4,40341007298900
4,40342272787400
4,40344562489000
2,40346350097900
3,40346892635500
1,40349988798700
1,40352034240900
3,40352540569600
3,40352900236900
4,40353697697900
2,40354048372900
3,40354229585300
3,40355228056400
3,40356246209300
2,40357550085200
3,40357596793000
2,40357688246900
3,40357740100100
2,40360241987100
1,40360501628700
2,40360842143200
3,40360929307000
2,40361102954200
3,40363001274200
1,40363862023400
4,40365472671200
3,40367562485700
3,40369956388700
2,40370218328200
3,40372232257600
4,40373106180600
2,40376969835900
1,40377952532700
3,40378791997800
1,40379903074700
4,40380336507800
1,40380829121900
3,40381544887500
1,40381860039000
1,40382461399700
3,40382474680900
4,40385629786500
3,40388249926000
1,40388470696900
2,40388770987100
2,40390239873400
4,40390259615700
2,40390295781600
1,40392121083800
3,40392631553200
4,40395187251200
3,40396143242700
4,40396838178700
2,40397151046200
3,40398277615000
4,40401231185200
1,40401927321300
2,40402383284300
2,40403885308900
3,40405606315500
3,40406365079000
3,40406857475700
2,40407224410000
2,40407535969200
1,40408308190500
1,40409582205700
1,40410683294200
3,40411046485500
1,40412910983100
2,40413098553900
4,40413187995100
2,40414478983000
3,40415868280000
1,40416414342100
2,40417361411000
3,40419533114600
1,40420832647000
2,40421710038000
1,40423050224200
4,40423099817700
4,40426492983000
4,40428960868000
1,40430455654500
3,40433553536500
3,40434019959900
1,40435767707800
1,40435789839300
3,40435955807300
2,40435980487700
2,40438066772700
1,40440540561200
4,40441046761000
3,40441206928700
3,40442072013100
4,40443649554400
3,40444672342700
2,40446010065500
1,40446578647300
4,40446800889600
3,40447837340400
2,40448482612000
2,40450330890200
3,40450710726300
2,40452019400000
1,40453725292800
3,40455896471400
4,40455922722200
1,40456165932800
1,40457074830000
4,40457414262000
3,40459678505100
3,40460015596800
3,40464275927300
3,40465379335300
1,40465379386500
3,40467092724000
1,40470017122000
3,40470546896500
3,40470790998800
2,40471598778200
3,40472523722900
1,40473150833200
3,40473259343100
2,40474157878200
3,40475483797100
1,40478763504300
4,40479313251600
3,40480266823000
2,40481154996700
4,40482288372500
2,40484760180500
1,40484762530900
2,40487562173400
2,40488898424900
2,40489304116100
2,40491292609100
3,40495755441000
3,40496502665500
1,40496935409600
4,40497099493500
4,40497615982600
3,40500381466600
1,40502097591000
1,40503570711900
3,40506083999200
3,40506159764100
4,40508414961500
3,40508586776100
1,40509573654700
2,40509884785100
3,40510314400000
4,40511839240100
2,40512643936200
4,40516607268900
3,40516888333900
3,40518008526500
1,40518667252100
2,40519543516500
1,40526709824200
1,40528120985800
4,40528121257200
4,40532206139300
2,40532505622800
1,40534615580700
1,40535785657200
2,40536315412800
4,40537153184400
1,40537540067400
2,40538706357300
1,40539128325300
2,40541049988200
3,40543477929500
4,40545327329200
1,40546313831900
3,40548730232200
3,40549943538400
2,40551346077600
3,40553260714900
2,40554661768600
1,40559068633500
1,40560884131400
1,40560993270600
4,40561934776200
4,40562804589800
2,40563101056800
2,40563806311800
3,40563912710800
3,40564264006300
2,40564336590600
1,40565690241300
1,40566207945000
2,40567023911300
1,40567369550500
3,40567585070300
3,40568122909500
1,40568254355900
2,40570436113300
2,40570535978400
4,40573782677300
4,40573787108100
3,40575255146500
3,40576145824700
4,40576281980200
2,40577433366900
3,40577586131900
4,40579978106600
3,40580880329200
1,40581216122300
1,40581756937800
3,40585614035200
1,40587282524000
1,40588826107300
2,40588920152700
2,40589012071000
1,40590078389300
1,40590739283900
3,40591266384300
3,40591409165900
1,40591409805900
2,40591602557400
3,40593291799900
1,40593547011400
3,40593910882300
1,40594106056300
3,40594762956000
1,40596143213500
2,40597624902500
4,40597845414200
4,40598697019200
4,40598902517400
4,40603852097000
3,40603931110200
2,40605428216400
3,40607469748300
3,40608933098400
1,40614585140300
4,40617275924100
2,40618706794300
2,40618706807100
2,40618707004100
2,40619065887800
1,40620322309000
2,40620906007500
3,40624701810900
4,40624815437700
2,40629573876600
2,40630885657700
1,40630885693300
3,40633818192800
2,40634400819700
4,40637595945100
4,40638033134200
2,40638504426800
2,40641545720600
3,40642656676600
3,40642722456200
4,40644097642100
1,40647415948000
1,40648224324600
3,40651558015400
4,40652237617900
3,40653628952300
3,40653677469100
4,40655796746600
4,40656901305600
2,40658326343500
2,40658420411200
2,40658442756300
4,40659811971300
4,40659866788000
2,40660313560500
1,40660893232400
1,40664398674200
3,40665336422800
2,40668229676500
2,40668851819700
4,40669678734800
1,40670711309600
4,40671557253800
1,40679993123100
4,40683107480100
2,40683175015800
1,40684195354600
2,40686947084700
4,40688429951700
2,40688447290100
3,40688760325100
2,40689979239100
4,40690121326900
2,40691186406600
3,40691933744600
3,40691970432500
4,40693869178900
4,40693980677000
2,40695537225600
1,40698376561200
1,40698644458400
3,40702933016700
2,40704122432500
4,40704803888000
2,40705071221200
4,40705288400100
3,40706881187400
1,40706895753100
2,40708206684700
3,40708428959100
1,40709943569000
2,40714623847400
3,40715529059200
1,40715647506200
4,40716059449800
4,40718531387900
1,40719755004800
3,40720361595400
1,40721950141100
3,40722404555700
3,40722958438100
3,40723263529700
1,40729240696200
2,40729351037900
3,40729620714200
3,40733128110900
1,40733424112700
3,40734263286100
1,40734568038100
2,40736919902100
3,40737983261200
4,40738653203500
1,40739100238600
1,40739563263200
4,40740913238800
2,40743753253400
2,40751163367600
3,40751327279600
4,40751329352200
2,40751604124100
2,40752815219400
4,40753738922100
4,40754804512500
4,40755101641600
2,40756512352800
4,40758067877300
1,40759138033600
3,40762362405000
1,40762541170900
3,40764559171200
1,40764970782600
1,40765597835600
1,40767761514800
4,40768082524900
2,40769323718700
2,40769597219800
2,40770882822200
4,40772267801900
3,40772801089600
2,40776577730700
1,40776704428500
4,40776754239300
1,40777174665400
1,40779332559200
3,40781058920700
1,40781363889600
2,40783004685000
2,40783053349600
4,40785616320300
2,40785859583000
1,40787251991000
2,40787512444100
3,40788717046100
2,40788923322000
1,40789891487300
1,40790211641800
3,40790951252900
2,40791585733200
4,40791889451300
3,40793688259000
1,40794588942000
1,40796465233000
4,40798695209200
3,40798735397500
2,40800751321600
3,40803563612900
1,40804600119600
1,40805880229400
4,40806747808500
2,40807517171800
2,40807942263300
1,40809722042600
1,40809965133000
3,40810258648900
2,40810855122700
1,40811928674800
3,40813209985000
1,40814177068400
4,40814326643900
2,40818795625200
1,40819118425900
2,40824162414700
3,40825312428200
3,40825869967300
3,40828261075000
3,40828465724000
4,40828656527800
3,40830289829300
1,40830366923900
3,40830973793800
3,40834266219000
3,40834966599100
1,40839504313600
4,40839580308200
2,40840578499000
1,40842982014900
1,40843290335100
1,40843708633200
2,40846513340300
1,40846793765500
3,40849018258800
4,40856038695200
2,40856433336800
2,40856618893700
1,40857221717200
2,40857403121500
4,40860165713400
4,40862719105200
4,40864579124100
1,40864748960100
2,40865658212900
3,40865658415700
1,40866397906200
1,40869876227200
1,40872609558200
4,40874240849800
1,40876288213500
1,40876323789200
4,40877027679100
3,40877812544100
3,40878700559200
4,40880806607500
4,40881386651100
2,40887781515400
2,40887781642300
1,40889482019100
4,40889594238800
1,40892623910900
3,40893097629200
2,40894830783400
1,40895112826900
1,40896963138000
4,40901616582800
4,40904622621400
3,40905212025200
1,40906337018000
1,40907857753500
3,40909213597200
3,40909448833600
2,40910273749100
1,40910676957000
3,40910852754800
4,40911129166200
3,40915109276600
3,40915175553900
4,40915349041100
1,40915775566800
3,40922714875700
3,40923588601900
2,40923797647400
2,40926115207800
4,40928272370100
1,40928276748500
3,40931469406500
4,40934046465300
4,40934194695900
3,40938206319500
4,40938957481900
1,40941722206700
3,40943492121900
2,40943609129400
4,40944700402700
3,40944835973500
1,40945338197200
4,40947413685500
2,40947556212400
2,40947574251900
3,40948226502900
3,40950124159800
3,40950365579600
4,40950679501000
2,40950832799500
1,40951562963700
1,40953231049200
2,40953988702700
2,40955298394600
4,40956316710300
3,40956942954500
1,40959433150400
4,40960389339200
1,40961044518300
2,40961119833700
2,40965605979500
1,40966160301100
2,40966640249200
1,40967735710100
4,40967899995800
1,40969138685700
4,40969243872800
3,40970044240200
4,40972825575900
4,40973071586000
1,40974725730900
4,40975301912200
1,40975382142900
3,40976374176600
2,40976549991600
2,40976920933100
2,40978740277100
2,40985331865100
3,40985944652800
4,40986734343700
2,40989231808100
1,40992398922100
1,40992597575600
3,40993743482400
1,40994359915000
3,40994725165200
3,40994866881100
2,40995165176400
3,40997501982500
2,40998278519700
3,40998883872900
4,40998991261000
1,40999447272200
3,40999884443400
4,41002319183900
2,41002504697300
2,41002762845600
2,41003008363900
1,41006394834100
4,41006820454000
2,41011864016800
3,41013279354300
4,41013469129300
4,41015013617600
3,41015288123700
3,41017286484300
3,41017754564700
1,41017812623300
2,41019689928100
1,41021762413300
1,41023959089200
2,41025491911700
1,41025623050500
2,41025869316400
4,41026488923100
2,41028369211100
1,41028477196900
4,41029701442500
1,41030531286300
4,41030811114500
3,41031999281400
1,41035495907700
4,41036720302500
3,41036728708100
2,41038098558400
4,41038434727100
1,41039829207700
3,41040166745100
4,41042554600300
3,41043800220400
4,41044250602900
2,41044727775400
4,41046698991600
4,41047132971300
3,41047527060100
1,41049627987200
1,41051660703400
4,41052783264400
3,41054340308900
2,41054405423600
2,41054708473400
4,41055827310900
4,41056753902400
3,41059705834800
4,41060520645500
1,41063063739500
2,41063307664900
2,41064390239000
1,41065731786300
4,41066858545300
3,41067415375800
2,41067596040200
2,41068145434200
2,41071643289600
1,41071805221800
1,41071964604900
1,41072373112400
3,41073787187000
1,41076319256500
4,41076816311800
3,41082659533800
2,41083832899300
3,41086660147200
3,41087264281900
1,41089184258000
1,41090374260300
1,41091344403500
2,41092505651800
2,41092990462800
4,41094426415100
4,41095838019400
4,41095838028800
3,41099260200300
3,41099583910000
1,41102611172700
4,41103149496800
4,41103546728400
1,41105461043100
3,41107103463300
1,41107365029900
1,41107682739200
2,41109221259800
2,41110839262000
4,41111210972500
4,41111390170800
3,41112699038300
4,41113094718900
3,41113953305500
4,41114232315300
3,41115123617300
3,41118104949800
2,41119663927500
3,41122980781900
2,41123866315100
3,41124726883800
4,41129899802600
2,41131169435300
1,41132155643200
4,41132413507200
4,41138699656800
2,41140711210500
1,41141346754400
3,41145172473600
4,41145425076500
3,41147683767700
4,41148434276900
4,41154423782600
1,41155545310400
2,41156474429900
3,41157502972200
2,41158328537600
4,41161217910700
1,41163073125100
1,41163599672600
2,41165530133900
4,41166066320000
1,41166953099900
3,41167501916900
1,41167641599100
2,41169475426100
3,41170854748500
3,41170930185600
3,41171452627400
3,41171453094300
1,41172129042200
3,41172910320400
2,41174126149500
1,41174208550600
4,41182181847700
1,41183226675500
4,41183768022200
3,41183889205300
2,41186310482300
1,41186909157100
1,41186909196600
3,41191157799400
4,41191423713100
1,41191423919200
2,41192544742700
1,41192616468100
2,41193543744200
4,41196187279500
1,41196454783500
3,41198725906400
2,41200084578600
4,41201454040700
2,41202113637900
2,41203991297400
2,41204788103400
1,41205283741900
3,41209475159900
4,41210645082900
2,41212994799000
2,41213824607400
3,41215338443000
1,41215558836700
1,41215698230300
4,41217051451400
4,41220923990900
2,41221087941900
4,41223730198600
2,41224834098100
3,41226700591600
3,41227364320400
1,41227368432000
4,41228248104400
1,41230195538600
2,41230999871400
2,41237159496900
4,41238831744500
3,41240809596600
1,41242003854500
1,41242256009200
2,41243433263700
4,41247721520200
4,41248439070200
2,41248751222300
1,41250844082600
4,41251195569700
1,41251252553400
1,41254435088900
3,41256383287000
4,41258167850400
4,41258633051200
3,41259297144700
1,41261667108100
2,41263500591100
3,41264045028200
1,41264959905200
2,41266262201700
2,41266262234800
1,41267199869000
3,41267247300600
4,41268140963600
4,41268376672300
4,41270655059100
1,41270715388100
1,41271531799600
2,41273094817200
3,41275941149000
3,41276587214700
2,41277112944500
4,41277292582400
4,41278719408200
2,41279136537000
4,41281189807400
3,41281954330000
3,41283524678100
4,41285723391800
1,41286280886900
3,41286503441400
1,41287342205400
1,41288445738800
2,41289672340400
2,41290009315300
4,41291650810400
3,41292249611200
3,41293107921000
3,41293876846600
4,41294712128800
3,41295520700500
4,41295725529800
4,41296847008700
1,41296852958700
1,41302692259300
1,41303246924600
3,41304667253900
1,41305474291500
3,41306530894000
3,41311478918400
3,41312803239300
3,41315202264500
2,41316009285500
1,41316402619500
3,41317063312600
4,41319943303000
2,41320235189600
3,41320640935000
2,41321132078300
2,41321820983700
4,41322204395400
2,41322426664900
1,41324110721500
4,41325811488400
3,41328354741000
2,41329548964900
1,41331710423400
2,41331889042200
2,41334905743600
4,41335202377400
1,41340472382300
1,41341194925900
1,41342538744000
1,41347879874300
2,41348078151000
4,41348358295900
2,41348617483900
2,41348680108400
4,41350106028800
2,41350504045000
3,41351904503700
1,41352049751000
2,41352367988800
4,41354719038700
3,41355470664300
4,41356414470500
2,41356427961800
3,41357317112600
2,41358273225800
2,41361229973600
1,41361701490400
4,41364874717000
1,41365580228600
3,41366525188700
4,41366977179200
1,41367401915300
3,41367790160800
3,41371416942800
3,41371419543100
4,41372656070700
3,41374122020300
2,41374144015400
3,41374239674100
3,41374468301100
1,41375420250400
4,41377225848900
4,41377814007000
3,41378542286000
3,41379714342900
3,41382372814600
1,41383090169000
1,41384682881500
2,41384760530800
1,41385507076500
1,41385561475000
2,41387694544600
2,41387815281900
3,41388343401600
4,41390307098000
3,41390997506300
1,41394485559500
3,41395194674800
3,41396867936100
3,41397072125200
4,41398552310800
2,41399252366900
3,41400489857800
2,41403658479700
2,41404918916000
1,41405467491100
2,41408666792800
2,41409707218400
3,41414523104600
1,41414607794200
4,41415195659100
4,41423456990100
3,41426891620100
2,41427635603900
4,41428846884600
3,41430034885900
2,41430416447100
2,41431306392900
1,41431818241800
4,41431999560100
3,41432988059900
4,41434462370400
3,41434567803700
4,41435848378900
4,41435973091500
2,41438648408700
1,41438695926600
1,41440174825600
2,41441167074000
3,41441633025500
1,41441907279600
4,41444861688700
4,41445191828800
2,41448661097100
1,41449589944300
2,41451442818200
2,41451932548400
1,41452174674700
3,41452175749200
3,41454332026000
2,41454639933400
1,41454682154300
4,41455603064300
4,41456888084100
3,41456890034500
3,41457285048800
2,41458340607900
1,41465549844900
2,41465898676300
4,41466775995800
1,41467873752600
4,41474185458000
2,41474426313800
3,41475834157900
1,41477727512600
4,41481541431400
1,41482299146400
4,41483004733100
4,41484313749100
1,41484329871900
4,41485117754000
4,41485117907700
4,41488773665000
3,41489077155700
3,41490456275900
3,41490509031700
4,41491415926800
2,41494699304900
3,41495716503300
1,41503438409600
2,41505063208700
3,41505856524300
1,41506158010600
4,41506243776500
1,41506360425600
3,41507790484700
1,41513301238000
4,41514282166700
1,41515579373900
4,41521231701000
3,41521503971500
4,41524214925100
3,41524577970400
2,41526270633100
1,41528220870200
2,41528864707600
1,41529990299400
3,41531674438800
3,41535035421900
4,41535464159700
2,41535962490400
3,41536597938200
4,41537529261200
3,41539286777100
3,41539610356200
1,41540582255000
1,41542536898100
2,41544727666000
1,41547162678300
3,41548504743800
3,41553950107700
3,41553950885300
3,41557326155600
4,41557708550800
3,41560964081400
3,41561397555400
3,41563827402800
2,41565311769000
1,41568875971500
4,41570553354700
3,41573024339900
4,41573454676500
2,41574365873700
1,41574441713200
2,41575773343700
2,41575773651200
2,41576143627000
1,41576546446000
1,41576691887000
2,41578727167200
3,41579333108200
2,41579647081600
2,41582252451100
3,41584368307300
2,41588717077600
1,41588962188100
1,41591568076800
3,41592752464400
4,41592896694200
4,41594232303400
2,41594729744700
2,41595775980300
3,41597102588200
3,41597556363600
1,41598310552300
3,41601425292300
1,41601425461300
2,41603418781000
2,41604751011800
3,41604941561000
4,41605046425800
1,41605610076100
4,41606971317100
3,41607030041100
1,41610405664600
3,41612337385200
4,41615878826700
3,41615952000900
2,41616147678900
1,41616432951100
2,41616597760500
4,41617076417500
3,41620312472400
4,41620312572400
1,41620477993600
4,41620911695800
1,41621959910100
3,41623883071300
2,41625002632500
3,41627122948200
2,41628939317800
1,41629009869800
2,41630637149200
1,41634169280400
1,41636107611100
2,41638654844200
1,41639734591200
3,41641039057600
4,41641253319600
1,41645010237500
4,41645095504800
1,41652754095100
1,41655412125200
4,41655541773400
1,41655904642200
4,41659796869800
4,41661643087500
1,41662341706000
3,41663317605200
3,41663851690100
3,41666853234700
2,41667714248400
2,41669210957400
1,41673603076200
1,41673603095700
2,41673764100300
2,41678366660200
1,41680938138900
3,41680938667200
1,41683366626000
1,41684341183700
1,41685770973400
2,41687847689000
4,41690777422700
1,41691489837300
2,41694936326900
3,41696094393300
1,41696865510000
4,41697682384100
1,41699545535000
4,41701110309800
4,41701242939800
3,41702145230400
2,41703838246800
3,41704738941300
4,41705335833500
2,41705956320100
4,41706476659600
2,41710613626100
4,41712842356300
4,41714506497900
1,41714522407300
4,41714535754400
2,41715113246600
4,41719634951900
1,41722216869100
1,41722239064700
1,41722488119000
1,41723197403500
2,41723688576000
4,41724171728200
4,41725489983900
4,41725708419100
4,41727148563600
1,41727282126700
1,41730662726000
1,41732972033400
1,41735254241500
1,41735887344200
2,41737184511600
1,41737503136500
1,41737503458300
1,41738761459300
2,41738945864500
3,41739654969900
4,41740692526500
4,41741370385600
4,41744927663200
2,41746234562700
2,41746638968200
1,41746900390400
4,41747010365600
1,41748222629400
1,41748391810100
1,41750023243500
2,41752321981800
1,41754229730400
1,41755128026800
4,41757501481200
1,41763126634400
2,41764485727000
1,41764814258600
2,41766139421500
1,41767333478800
4,41767908011800
2,41769573317500
4,41770151982600
2,41772475137400
4,41774343954500
2,41775410701300
2,41775981111000
4,41776421292600
1,41777041289300
1,41777347986100
2,41777424898000
2,41778529682900
4,41781172109100
1,41782982762000
1,41783018632100
2,41784901196300
2,41786510613000
4,41786592599200
4,41789558545500
1,41793138267500
2,41793961757900
4,41794622472600
2,41798573083100
3,41801697954600
1,41802274202500
1,41803144545400
2,41803518715500
3,41806674404900
3,41807103124200
3,41808464631100
3,41812630307900
3,41815296501700
1,41815794798400
4,41817152366400
4,41821690773300
2,41822641542700
3,41825068062600
4,41825617823300
4,41825647136100
3,41826624820300
1,41828263418900
3,41828605173800
3,41830222171900
3,41832368438000
4,41834755519100
3,41836008986900
1,41837969865000
4,41839347454400
3,41840201193000
1,41841021035800
1,41841169873700
2,41841486896400
2,41842687627700
2,41843257675800
1,41844370950600
2,41846298753200
1,41846393964500
2,41846752942300
2,41848585709900
4,41851172148600
1,41853331625600
2,41853555947400
1,41854474654100
1,41854908093000
3,41855075055900
4,41858087692500
2,41858146729000
1,41858369317400
3,41859653190400
3,41860518598700
1,41860647250700
1,41860667193200
3,41864342201400
3,41866015710200
2,41866553147400
4,41867411595300
4,41868854149600
2,41868920691700
2,41872861918500
1,41875327555000
4,41875496206700
1,41875496247100
4,41878006686400
1,41878007073800
4,41878912683300
4,41878949325100
2,41879345652000
1,41879516546600
3,41881298352500
3,41882071796100
2,41882839114000
2,41884485007400
2,41885270451400
2,41886527065600
2,41890674885800
2,41890675133400
1,41890987540100
2,41891869486200
1,41892478962900
4,41892479242500
1,41893013977700
4,41894604237500
1,41896090306300
4,41899187809400
1,41899851041800
4,41901295458000
4,41901295571200
4,41903563499100
4,41904404194900
1,41905516650900
1,41907580128100
4,41908735242900
4,41911491957300
4,41911883742700
3,41912165661200
1,41912614754800
3,41913461677900
4,41914054710500
4,41915213551700
2,41916067838200
3,41916349911900
2,41916523204400
1,41918072034600
2,41918552705000
3,41919207582100
3,41924000261900
3,41924930265500
4,41925070569800
2,41926691868400
4,41927380081300
2,41928400810800
3,41931297837500
1,41932659810300
1,41932746405400
2,41932746522600
1,41932746743800
4,41933628565000
1,41933970545200
1,41934330561400
3,41934539595800
2,41935630372400
1,41937161951400
3,41939298307000
3,41941382701900
3,41942128702800
3,41942777405400
1,41943836301500
4,41947450942900
1,41947585730700
1,41947658262500
2,41949748113100
4,41950053129900
2,41950053189500
1,41953364991200
4,41954137992900
1,41954205894400
2,41956849614700
1,41957432900000
3,41961383173800
3,41961865104800
2,41962686926900
1,41963593212000
2,41963886257600
2,41964054508400
3,41965466764600
4,41965937020700
3,41967731449900
3,41969153988400
2,41973311832000
4,41974996534600
2,41975635344700
1,41976909157200
4,41980827043400
1,41982171297700
1,41982621178800
4,41982878450000
4,41982881555000
3,41983249164200
4,41984549285400
3,41984688230500
1,41986477596900
3,41988230523300
1,41990462317800
2,41992528469700
3,41993384655000
4,41994062175600
2,41994548912000
1,41995115965200
4,41995912895500
2,41996652070100
4,41997631950400
2,41998782974400
2,41999133379400
2,41999133763200
2,41999851635200
3,42001821667800
2,42003279169500
3,42003858049100
4,42005458179500
2,42006831852000
1,42011209961300
1,42011209977000
1,42011371624700
3,42012500494100
3,42013301462800
3,42016273760800
4,42018163187800
2,42018209971500
3,42019441818600
3,42020527085200
1,42020912728100
1,42023470675600
4,42025318705400
4,42025328148200
4,42025400908900
1,42025733977100
2,42029040841900
3,42029093600300
3,42029126106100
1,42030764987000
1,42031419062200
4,42032795107700
2,42034593665800
3,42040341291600
3,42040509559700
4,42040911019600
1,42042049960200
1,42044932799600
4,42045595588800
2,42047064007400
2,42047867711700
1,42049031571400
4,42049958384100
3,42050782157200
2,42053551943500
4,42053552112500
3,42055175434900
4,42056472184500
1,42057248334200
1,42057830216200
1,42059664651300
3,42060780719000
2,42060974074700
2,42062804031300
1,42063696497000
3,42064378676700
3,42066329485500
3,42066426197100
1,42066652879000
1,42070796515200
2,42073242978900
2,42075270545100
3,42075819963200
4,42076513484000
2,42077705610000
2,42077731482000
1,42078931347700
2,42083949507400
2,42084828023100
1,42085433588400
4,42087146285000
1,42088228833600
4,42089069030600
3,42089264003100
3,42089957523700
3,42091614125400
2,42094952795800
4,42095262139500
1,42096741828200
2,42102341785100
2,42103457220500
4,42103925011000
4,42104078411700
3,42105723417300
3,42106057259200
4,42106116861600
3,42106157814400
1,42106274334500
1,42110575607900
3,42111586034600
3,42112171725400
1,42115639557900
4,42116877099200
4,42117260771800
4,42118928948200
1,42118929052800
2,42119744202600
4,42123244371300
1,42123452031100
4,42123803708300
1,42123971774700
3,42123971892100
2,42124726301100
3,42128951493500
4,42130957483400
2,42132439763300
1,42133403910100
2,42134301435000
4,42135462474800
4,42137054824400
1,42137747601400
4,42139563487600
3,42139607539600
1,42139715192700
1,42139727652900
4,42143148218500
2,42146777072800
1,42147425977200
2,42148226750000
3,42149546478000
3,42150630433700
4,42153606636600
2,42155321192500
1,42155600266500
1,42155891511100
3,42155992591900
1,42157018571500
4,42158208937300
4,42158986861700
2,42160758249400
2,42165908499000
1,42165920923200
1,42167650789000
1,42168291174000
1,42168805374800
2,42169999530500
4,42170478895600
1,42170504814400
2,42175027851500
4,42175698524500
1,42175890403400
4,42176851824500
2,42176915554000
3,42177164426400
2,42177862085700
1,42178660755300
1,42184005926000
1,42185730445500
1,42186777518000
4,42187873019200
3,42187976166600
2,42188516383200
1,42191498571900
1,42191774277000
2,42195514662900
4,42197026767100
3,42198701328600
2,42200370721300
1,42201155998100
4,42201716547300
2,42204325675500
2,42204478950000
1,42205809735100
4,42206622373600
2,42206630802700
3,42207211527700
2,42207709540900
4,42208209471100
3,42209777426000
1,42210099287200
4,42214049954000
4,42217911834400
3,42217911843400
2,42219810535400
2,42224575371700
2,42225866015400
4,42226891754400
3,42227437178000
1,42228510086900
1,42230018128400
1,42230138153600
1,42231207070500
3,42231297743000
3,42232304244900
4,42234927077400
3,42236550463800
1,42236860952300
1,42236904711200
3,42237444288500
4,42237903975500
2,42237971828500
4,42237971927900
4,42238268062300
3,42238444460100
4,42241370659100
4,42242581917200
2,42243059400600
2,42244247033600
4,42247221134700
1,42248824777100
1,42249407374200
2,42250849350300
4,42251936040700
1,42254025629900
3,42255469395400
4,42256420908100
3,42256683023600
2,42258804794500
4,42258949492000
1,42258968750000
2,42259632339700
3,42260001016500
1,42261772003800
4,42262047411500
1,42264465089400
1,42264707657300
3,42265733581600
2,42266059295000
1,42267940098600
4,42270739706500
2,42274086436700
3,42274101133300
3,42275655406000
3,42276561301100
1,42276770335100
4,42279868492900
1,42284183977900
1,42284465466200
1,42285118141300
3,42285428461000
1,42286045575400
2,42287597386500
1,42289343266000
4,42290005007800
2,42293694470500
4,42294325647900
4,42295065638500
4,42295537075500
1,42296389747800
2,42297630011800
2,42299060052200
3,42302788900700
3,42304596401800
4,42304596423600
2,42307459588400
4,42311725232500
3,42316125300200
2,42316794840400
1,42316998839500
2,42320160889600
3,42323629628200
3,42323908408700
4,42324650386200
2,42325350236800
1,42327131227400
4,42329853403800
4,42333168124400
3,42334580490900
2,42335707705600
1,42336848349700
4,42337830219000
2,42339362866100
3,42339365178300
2,42340200369100
2,42342188228500
2,42342592662500
3,42343776772700
4,42343839887200
1,42344320167700
4,42349068582600
2,42351407901000
1,42351830573300
3,42356997356500
1,42357617767100
4,42360285273500
4,42361838064800
3,42362693166500
2,42362905577800
2,42363670676600
1,42364664731300
3,42364684427100
3,42365818812400
3,42365818816900
4,42367960794000
4,42368481764100
3,42368778734900
2,42369908510100
4,42373358687100
4,42374520891000
2,42375436615300
1,42375716355300
2,42376502574900
3,42377542752100
1,42380074957900
2,42384929140500
2,42385390977400
2,42385912198400
4,42385912498800
4,42392517989200
4,42393083772600
1,42393212377500
1,42393799130500
1,42394443920500
4,42394998031700
2,42397864073200
2,42398914036400
2,42399078867600
3,42399814345100
1,42399974674800
1,42400491139100
1,42401146776000
1,42403370592300
1,42405080100400
4,42405856376000
3,42407062880400
4,42409733100600
2,42409757379400
2,42411143044800
2,42412484128100
4,42414705967100
3,42416159429100
4,42416334763000
4,42416598165300
3,42416939997300
1,42417100954400
3,42417584283300
4,42419722095700
4,42421545077500
1,42422979793800
1,42425915840300
1,42428601246000
4,42428767392000
4,42429280021600
2,42430024362200
1,42431162533500
3,42431825316300
3,42432407514300
4,42433523660900
3,42439379204600
3,42440023572800
3,42440918832700
3,42440944986900
4,42443141918200
4,42443441785100
2,42443695552500
1,42443840418200
2,42444577662500
3,42446358747800
2,42446932595900
4,42448972083000
2,42449028715900
3,42449028726500
1,42449534202700
3,42450383368700
3,42451738842900
1,42452334757700
4,42453206967300
1,42454442877200
3,42456091960000
2,42457774108700
1,42459107544000
2,42461623465600
3,42463445809200
1,42463445859200
2,42465515337400
1,42467100815100
3,42468862534900
4,42470879402100
4,42473323389100
4,42477008336700
1,42478674785700
2,42478699603000
1,42482617179600
2,42484206849300
2,42486025019000
2,42487707540300
1,42490106297400
3,42490481805800
3,42493171298200
3,42493219402100
3,42494910500500
2,42495546790700
1,42497497929900
1,42497651025000
4,42498488684900
1,42498609782000
2,42501500074800
2,42502590258300
1,42504766682400
1,42505173500100
4,42505696431200
4,42506760648400
4,42508181137300
4,42509946905400
4,42510152083700
3,42510387120200
3,42511059519400
4,42511647431600
4,42511834769300
2,42512218904400
3,42512922167700
2,42513100504200
2,42514708613100
4,42517588396600
2,42518261756000
4,42519066558000
3,42520003108800
4,42522438775200
1,42523245852200
1,42523313079400
1,42523534071200
4,42524410434400
2,42525879577800
1,42526298119700
3,42526447546400
2,42526577790400
2,42526802336900
1,42527044326300
2,42527881907800
2,42527881972300
2,42528761049400
1,42529573181000
1,42529861781700
2,42530151300100
4,42531019695200
1,42531726186000
4,42532826874700
2,42537130605900
3,42537960683400
4,42538570908300
4,42540563856100
4,42542148066400
4,42542148077700
4,42544667928300
4,42545388945100
2,42546653400300
2,42546721672700
4,42547894448400
4,42549251037700
4,42549566611000
1,42549572059500
4,42551510936800
2,42551515127700
4,42559068626200
2,42559568898800
4,42561523375500
4,42562293055900
1,42563542587100
2,42564913023700
3,42568030664200
3,42569375511200
1,42579238775700
1,42582691253800
1,42583535893900
3,42583802920000
3,42585668954300
3,42585689054800
1,42587455534800
4,42587455754600
2,42587456092000
3,42588079206200
4,42588509573200
2,42588510370500
4,42589313887200
4,42590565812500
2,42593102094300
4,42596636597000
3,42596927004600
2,42601816067300
4,42601937822800
2,42602569785300
3,42602737122900
3,42605025297400
3,42606942528100
3,42607695237500
1,42607764934600
2,42608659854600
2,42611692813800
3,42612540976900
3,42617172146000
3,42618906508600
2,42618933786000
3,42619866414700
1,42621379273200
4,42622994050300
2,42624256060000
3,42624811357400
4,42624950706200
3,42625630852300
2,42627819735500
2,42628490377700
4,42629890393900
4,42630187991400
3,42630889189700
2,42632121867400
3,42633923454200
2,42634531397100
2,42635109288400
2,42635421714500
2,42636611144800
4,42639477167500
2,42639666118000
3,42641207263200
4,42641474319700
4,42645198543400
4,42645331817500
2,42646106528700
4,42646515766500
4,42647532493300
1,42648691061000
1,42649307695400
2,42652339457000
2,42652390719300
4,42653142423100
3,42653526258200
3,42656216936000
2,42657205556400
3,42657510470000
3,42658019536000
4,42659025101200
4,42660592961900
3,42660907181500
2,42662770167300
4,42665492108600
1,42666608114900
4,42666926727000
1,42666937468200
3,42671632012900
3,42676697306100
1,42676784626400
2,42680404311800
2,42681141376600
4,42682424215500
2,42682450183100
1,42684255681200
1,42684737799400
4,42687472674100
4,42688476467800
1,42688695880700
4,42698294433400
4,42698348674800
2,42700253384600
4,42700404773100
2,42701567670400
1,42702489375300
4,42703444149200
1,42704926202100
2,42705479873200
1,42706295495900
2,42708300888900
2,42709481083700
1,42710760566200
1,42716086102000
2,42718177996600
4,42718291421600
1,42718497422400
4,42718819607600
4,42719980027800
1,42722337918200
2,42723067517500
3,42724031938700
1,42724351705100
2,42724913560200
3,42726495265200
1,42727278524000
4,42728625359700
1,42729656753300
2,42730294377200
1,42732199580300
1,42732737881900
2,42733794605800
3,42736556120800
3,42736578370900
3,42737829201000
2,42739788623900
1,42741376187500
4,42742449651700
1,42746073205600
2,42747603762400
1,42750691242400
1,42751455514400
1,42752249743100
1,42752270130200
4,42753186562500
4,42753642643000
2,42757609010400
1,42757646676600
2,42758146357600
4,42759663977100
3,42760885289400
3,42760885300500
4,42760896532900
1,42761975412500
1,42762158014700
3,42763752557900
2,42764423926000
2,42764704635200
1,42767597616500
4,42768828311000
3,42772246330100
1,42777818121600
4,42778102289400
4,42778290083300
3,42778665560400
2,42779325035600
4,42781663581300
3,42783357712100
3,42787827690000
1,42788321220900
2,42788686592000
2,42790651928900
1,42790748071200
4,42792846011900
2,42793186353600
2,42793771314600
2,42795521427300
3,42795859906700
2,42797667239700
1,42798131597500
1,42798430521500
2,42798484300800
3,42802954966400
2,42803747169600
3,42805618747700
1,42806261107800
4,42806312671500
4,42806893975000
3,42806974308600
4,42807915673800
4,42808193023900
2,42808743547200
3,42809415342700
2,42809852721400
1,42810643080400
1,42811014938300
2,42812264338500
3,42812510865300
1,42814679805000
3,42814682508300
2,42817040912200
1,42824197382800
3,42826274432900
3,42826799490000
1,42827010441000
2,42828319576900
1,42828667454700
1,42829948260000
1,42833374015000
3,42835248266700
3,42837936553300
3,42838978061000
4,42844001630300
3,42845112465500
2,42845756379500
2,42847725945800
3,42850280958300
1,42851515651800
3,42853243809300
2,42856897594600
4,42856900195200
1,42858875831800
2,42862606075500
1,42865262599900
2,42866885867500
3,42866957663500
2,42867853470100
2,42869435709700
3,42871226875900
3,42871253617700
3,42872288711100
1,42873939848200
2,42873967689100
1,42873968043700
1,42876072482800
2,42876489184700
2,42877581515900
4,42878522157400
2,42881134180200
1,42881594427100
4,42881928924400
4,42882607974400
3,42882667026700
1,42882982124300
2,42886955034500
4,42887580597400
4,42888338525700
1,42888362477000
3,42889368279700
4,42889724213800
4,42890017808500
4,42891199709900
1,42891550973800
4,42891551358000
2,42894652797800
2,42895330508900
3,42896331628200
1,42898164542400
4,42900599145500
2,42905628519200
2,42906390872700
4,42906865325100
1,42908322185600
2,42911395919600
2,42912665204400
3,42914631927700
3,42914791694100
4,42916306643300
1,42916395263000
3,42918891861100
1,42920643049700
2,42923876657300
3,42925319961500
3,42925319972300
4,42926205814100
4,42926521169000
1,42930782448600
3,42931009590800
4,42931341081800
1,42936216975100
4,42937680332300
4,42937813022800
3,42939255260000
4,42940100457800
2,42940100774600
2,42940672940600
3,42942021052400
4,42942318221500
4,42945796870300
1,42946089129000
4,42949558972000
4,42949564043300
2,42951139082500
3,42951949934100
3,42952756920600
1,42952787770900
2,42956666798900
1,42957245359200
1,42958776616100
3,42965458602300
1,42966534018500
4,42967035163900
4,42968086295900
3,42969933773400
4,42971514666200
3,42975634847300
3,42977691953400
1,42978708740200
4,42978722822900
3,42978995793100
1,42980235593600
4,42980365580800
4,42981176517400
4,42981307228600
4,42981462687900
1,42983419822800
4,42986957753700
1,42989112102800
3,42990644935400
1,42992785038800
3,42992789708700
2,42995776031400
1,42996093384300
1,42997462923000
1,42998958219100
4,43001513653500
4,43002049000700
2,43003003552100
4,43003695226200
4,43004499167500
3,43004943436400
4,43005100587400
2,43011675901000
4,43011954969200
1,43012181322500
4,43013561388000
3,43015900031500
2,43016897581000
4,43017669253700
2,43018603785400
3,43021401314800
1,43021419493300
2,43022755077900
3,43023065362500
4,43027809914000
4,43029408002300
1,43029629889600
2,43032050024100
2,43032957911200
1,43033574749000
2,43033576691100
1,43034201965100
4,43035477070200
4,43035839377700
2,43038297273800
2,43038445163800
2,43038810150100
2,43040446802600
2,43047157134700
4,43048178152300
3,43048914296800
4,43049258550700
4,43051178119100
2,43053101299700
4,43053579750800
4,43053831683200
1,43054184377800
2,43057739123100
2,43058980271400
3,43059613434600
3,43064074674500
2,43064409846500
4,43064627412300
1,43065007978000
3,43068799283700
4,43068804508500
3,43068953148200
2,43069483050100
2,43077033035900
3,43077329481600
1,43077817172700
3,43077892219300
3,43079110223400
1,43079908163500
3,43082515434200
2,43083245594600
3,43083387784200
1,43086555190500
2,43087618978000
4,43089441209100
1,43090684262200
3,43091081352200
3,43095018928600
4,43095507280800
2,43096132236200
2,43096985914500
4,43101110733800
2,43104198452300
1,43107421733200
1,43109562964200
2,43109943561100
2,43111010275800
2,43112831554600
4,43114471992100
4,43119271277400
1,43120686618800
1,43120687447600
2,43121798000800
3,43122166655400
3,43123358462200
3,43126424099100
2,43128552341800
1,43130901833700
3,43135267374100
2,43137202856700
3,43138619232800
1,43141644908800
4,43141837343200
1,43147109477100
1,43149753276600
2,43151737106400
4,43152482808600
2,43154930719700
2,43158764728500
3,43159310394800
1,43159912243200
2,43160060885700
4,43160161035700
1,43160949877900
1,43161290133100
1,43162982665000
2,43163934703700
4,43165052531500
1,43167567161000
4,43167567347700
4,43168404144200
1,43168506468500
3,43168795287800
3,43172096728300
4,43172441504100
1,43174478003800
1,43175015421400
2,43175062911900
3,43175836270400
3,43177155947800
2,43178086622900
4,43178627321800
4,43180747832500
1,43180921671300
3,43181311015000
4,43181540938500
2,43183260980500
4,43185220590700
3,43185964119100
3,43186269936700
3,43188487391900
4,43189173202400
2,43189968870900
2,43190107217400
2,43190245134200
3,43192165094100
3,43192262599000
3,43193133624000
1,43199411163800
4,43200586891600
2,43201062049400
3,43202584488100
2,43205900624400
3,43206024011400
2,43206740468000
2,43207249160200
3,43207591691700
4,43207758487400
3,43208770069200
2,43209399610100
2,43209893343700
2,43209959380000
2,43211714079000
2,43214369803100
3,43214503816600
3,43214675336700
4,43215309297300
3,43217994989400
4,43219335167700
1,43219462472500
2,43220854379400
3,43221200056800
1,43221855556800
1,43222978116100
4,43224296250800
1,43226597903800
2,43226910879500
4,43227777783400
2,43232163671800
2,43234284392800
3,43235809191000
2,43236473882900
3,43237263489500
2,43238188470700
2,43239913861100
1,43240022665200
4,43240107292900
1,43240116708700
4,43241126663700
2,43241941310800
1,43243045774300
4,43244739290500
4,43246405955200
2,43248482308500
2,43249676328700
2,43253183540600
2,43254159915800
1,43254562224200
2,43255063626600
4,43255487771900
1,43257210062700
3,43257971801100
1,43258100995500
1,43261665939800
3,43266305094000
2,43270445888000
4,43270694774400
4,43271856163900
1,43272970182100
4,43273634060300
4,43273898975800
1,43273970026900
1,43274196908500
3,43277328777500
2,43277349564000
1,43279331945900
3,43279975463500
2,43280787259000
4,43281474532500
2,43281947732100
2,43283129523900
4,43284174690000
1,43284268406700
1,43284994793200
1,43285360659000
1,43289148872700
4,43291357543100
4,43292383988500
3,43293357902200
1,43294516597700
2,43294978024900
4,43301992768900
2,43302066378800
2,43302581634500
2,43303223040500
1,43304325272700
3,43306021017200
2,43308131056100
4,43308970338600
2,43308970496700
2,43309657946600
4,43309810502600
1,43317229815900
3,43318091142600
3,43319345523200
1,43319539114200
1,43320024228900
2,43320337054300
4,43321563050700
2,43323306583200
4,43325193753900
4,43325535287900
4,43325991628400
1,43327500397200
4,43327986026100
1,43329463398100
4,43332441590300
2,43335829754500
3,43336467435000
1,43336917083000
3,43340687877200
2,43340829623600
4,43343743910400
3,43345742762800
1,43346265512300
2,43349210992600
2,43349500569500
2,43351013228300
4,43352116390400
3,43352746510100
4,43353139440800
2,43353823417600
1,43354965587500
4,43355433797400
2,43356939459500
3,43357124095900
3,43358615425600
3,43358639765700
4,43360535485200
3,43360647116500
2,43364236367500
3,43364557147900
4,43365709714400
1,43365712722100
4,43365744455700
1,43365744760900
2,43365812375000
2,43366139270800
1,43366848041500
1,43368490274200
4,43368640246300
2,43369836699200
4,43373548084900
3,43373607442900
2,43375927589800
3,43376375918500
4,43376659460700
2,43378108072000
4,43379181108500
1,43379980171300
3,43381174349200
4,43382141121300
3,43382653358400
3,43382902539400
1,43383769516000
4,43384393103000
4,43384393214800
2,43386111802000
3,43388897555900
1,43389381686200
1,43391015972600
1,43393588000900
2,43397362578300
3,43397596639400
3,43402608094400
3,43402865146700
2,43403450890500
2,43403485839000
1,43404040314100
3,43404567310500
3,43407604548100
4,43408279762500
2,43408333883100
4,43408550155700
1,43409896434600
4,43410394597500
1,43413023539600
1,43414733747500
2,43415188133200
2,43415362107100
3,43416035598000
1,43416823422500
4,43417855764100
2,43418341562400
2,43418524960100
2,43418564660200
1,43419405237700
1,43421484055800
2,43423007904700
1,43423944454300
3,43425233598700
1,43426794517500
4,43431179449300
1,43431817752500
2,43433084998500
3,43433128757800
1,43433661409500
3,43436618704000
4,43442675532300
3,43443374014500
1,43443511580800
3,43444465093300
3,43445503078500
2,43445895638700
2,43448337393000
4,43451111940600
1,43451171379600
1,43452039077500
1,43452655636300
4,43453598507100
2,43455295432700
1,43461319245000
3,43461652374500
3,43461973820500
3,43463973416500
1,43466333198300
3,43467749249600
4,43468070377100
1,43468527715300
3,43469846317300
1,43469888065400
3,43470066574600
3,43470835105400
1,43471449977800
4,43471475515500
3,43471646149500
4,43472092242500
2,43474964455100
3,43476109000000
2,43476859513200
3,43479431191900
4,43480255875500
2,43480271650700
4,43481663536400
2,43482756563200
1,43483146912500
3,43483972050200
4,43484545807200
1,43485322120600
2,43485430602100
3,43492314286500
3,43492696319500
4,43493387346700
4,43494034640100
2,43495587142300
4,43495986283600
3,43496521474500
3,43496711880100
4,43497109203200
1,43497474583500
4,43499488346000
4,43500740439800
1,43502511037400
3,43503531937000
1,43503901385800
4,43506230776700
3,43506822724300
4,43508484690600
4,43508848766700
2,43508937015300
2,43508937397700
2,43509294696000
3,43509583896800
3,43509781578800
3,43510256160300
1,43515128763700
4,43516126976200
2,43516590258200
1,43518158028400
2,43518548490600
4,43519185798100
1,43520279761400
1,43522306828800
2,43523234903900
1,43524633673000
3,43526124793300
3,43529756030500
4,43532326700500
1,43532384346400
3,43537777517800
2,43539598198300
2,43539934623500
3,43540611447200
3,43544903639500
1,43544937694800
1,43545624995500
2,43545817110300
2,43545817114600
2,43546260747800
3,43546260912700
2,43546411437700
2,43546411568600
1,43547064570700
1,43549356558400
4,43549455939500
3,43549679688300
2,43549680198300
4,43552384853200
1,43553403043600
1,43555952005800
4,43556622290500
3,43559106706000
1,43561068845600
4,43564147622000
3,43564194906300
2,43565239582700
4,43565267491000
1,43571284709400
2,43572474776600
4,43573434533300
1,43575161919600
3,43576164337700
2,43577108816000
4,43578089050400
3,43578173242800
1,43579711374900
1,43582638210400
3,43585013257400
1,43587809653800
4,43587832818800
1,43589525602200
2,43590541379600
1,43591195455500
1,43591263740500
1,43591771976800
1,43592198553300
3,43592567661100
4,43592776859800
3,43593162270200
4,43594019514500
1,43596681356800
3,43597162910000
4,43597765073500
2,43599727016800
